id_annonce,type_surface,disponibilite,ville,quartier,departement,region,typologie,residence,surface_m2,salles_de_bain,balcons,dpe,prix_eur,prix_m2_eur
V02721,Surface Carrez,Libre immediatement,Paris,Le Marais,75,Ile-de-France,T3,Carre du Lac,55.3,2.0,0.0,D,642000.0,11609.0
V14279,Surface Carrez,fevr-2028,Massy,Vilmorin,91,Ile-de-France,T2,Carre des Lilas,36.8,1.0,0.0,B,159000.0,4321.0
V08296,Surface Carrez,Libre immediatement,Montreuil,Bel-Air,93,Ile-de-France,T5,Le Domaine Saint-Martin,175.5,1.0,0.0,C,580000.0,3305.0
V02123,Surface Carrez,Libre immediatement,Paris,Gobelins,75,Ile-de-France,T2,,58.5,1.0,,E,511000.0,8735.0
V12344,Surface Carrez,Libre immediatement,Meaux,Colbert,77,Ile-de-France,T2,Residence du Parc,42.5,1.0,1.0,C,97000.0,2282.0
V02156,Surface Carrez,Libre immediatement,Versailles,Saint-Louis,78,Ile-de-France,T4,Cour Riviera,106.1,3.0,2.0,D,729000.0,6871.0
V08098,Surface utile,avr-2027,Creteil,Centre Ancien,94,Ile-de-France,Maison 5 pieces,Residence Beausejour,111.8,4.0,0.0,A,536000.0,4794.0
V00537,Surface habitable,Libre immediatement,Paris,Batignolles,75,Ile-de-France,T3,Les Allees Latitude,51.7,2.0,2.0,C,587000.0,11354.0
V03925,Surface habitable,Libre immediatement,Paris,Belleville,75,Ile-de-France,T3,,61.9,2.0,2.0,C,569000.0,9192.0
V01196,Surface habitable,janv-2027,Paris,Bercy,75,Ile-de-France,T1,Villa Concorde,19.9,1.0,1.0,B,160000.0,8040.0
V14091,Surface Carrez,Libre immediatement,Montreuil,Bel-Air,93,Ile-de-France,T3,Les Terrasses des Lilas,83.3,1.0,0.0,E,328000.0,3938.0
V04688,Surface Carrez,Libre immediatement,Vitry-sur-Seine,Moulin-Vert,94,Ile-de-France,T4,Le Parc Belvedere,72.3,1.0,2.0,E,252000.0,3485.0
V05798,Surface Carrez,Libre immediatement,Paris,Batignolles,75,Ile-de-France,T3,Les Jardins d'Argent,77.1,2.0,0.0,D,804000.0,10428.0
V07039,Surface Carrez,juin-2028,Montrouge,Ferry-Jaures,92,Ile-de-France,T3,Esprit du Lac,58.5,2.0,0.0,B,579000.0,9897.0
V09429,Surface habitable,Libre immediatement,Paris,La Muette,75,Ile-de-France,T2,,41.5,1.0,1.0,G,358000.0,8627.0
V12353,Surface Carrez,dec-2028,Trappes,Plaine de Neauphle,78,Ile-de-France,T3,Les Terrasses Riviera,61.1,2.0,2.0,A,227000.0,3715.0
V11519,Surface Carrez,Libre immediatement,Vitry-sur-Seine,Port-a-l'Anglais,94,Ile-de-France,T2,Carre Saint-Martin,40.9,1.0,0.0,C,180000.0,4401.0
V00543,Surface habitable,Libre immediatement,Paris,Le Marais,75,Ile-de-France,T3,Cour Montaigne,67.2,2.0,0.0,G,690000.0,10268.0
V00953,Surface Carrez,juin-2027,Versailles,Porchefontaine,78,Ile-de-France,T2,Les Allees Verte,52,1.0,0.0,A,365000.0,7019.0
V00332,Surface Carrez,Libre immediatement,Nanterre,Universite,92,Ile-de-France,T2,,44.8,1.0,1.0,F,150000.0,3348.0
V05343,Surface Carrez,Libre immediatement,Antony,Pajeaud,92,Ile-de-France,T4,Les Jardins Latitude,116,3.0,1.0,C,600000.0,5172.0
V13191,Surface Carrez,janv-2026,Creteil,Lac,94,Ile-de-France,T2,Le Domaine Latitude,38.3,1.0,1.0,A,214000.0,5587.0
V13602,Surface Carrez,fevr-2026,Vitry-sur-Seine,Centre-Ville,94,Ile-de-France,T1,Le Clos Symphonie,26.8,1.0,,B,122000.0,4552.0
V07770,Surface utile,Libre immediatement,Paris,Montmartre,75,Ile-de-France,T5,,129.4,2.0,2.0,B,1037000.0,8014.0
V10903,Surface Carrez,Libre immediatement,Boulogne-Billancourt,Point du Jour,92,Ile-de-France,T2,Le Clos Verte,45.9,1.0,2.0,D,313000.0,6819.0
V14780,Surface Carrez,Libre immediatement,Montreuil,Bel-Air,93,Ile-de-France,T4,Carre Latitude,59.6,2.0,1.0,D,249000.0,4178.0
V05312,Surface habitable,Libre immediatement,Cergy,Cergy-Saint-Christophe,95,Ile-de-France,T2,Les Jardins des Chenes,40.1,1.0,0.0,D,91000.0,2269.0
V10482,Surface Carrez,Libre immediatement,Levallois-Perret,Eiffel,92,Ile-de-France,T3,Les Jardins d'Argent,75.2,2.0,0.0,D,599000.0,7965.0
V01825,Surface utile,Libre immediatement,Paris,Le Marais,75,Ile-de-France,T2,Les Jardins Verte,42.3,1.0,0.0,E,518000.0,12246.0
V02711,Surface habitable,Libre immediatement,Saint-Denis,Basilique,93,Ile-de-France,Maison 4 pieces,,96.1,2.0,2.0,D,185000.0,1925.0
V07463,Surface Carrez,Libre immediatement,Melun,Almont,77,Ile-de-France,T4,Villa des Acacias,85.7,3.0,1.0,E,175000.0,2042.0
V00938,Surface Carrez,Libre immediatement,Paris,Belleville,75,Ile-de-France,T3,,58.9,2.0,1.0,B,422000.0,7165.0
V12936,Surface Carrez,sept-2027,Saint-Denis,Pleyel,93,Ile-de-France,Maison 4 pieces,Carre Riviera,136.4,2.0,0.0,B,480000.0,3519.0
V10704,Surface Carrez,Libre immediatement,Paris,Vaugirard,75,Ile-de-France,T5,,119.9,3.0,0.0,A,1022000.0,8524.0
V06453,Surface Carrez,juin-2027,Paris,Batignolles,75,Ile-de-France,T2,Les Allees Opale,47.9,1.0,0.0,A,615000.0,12839.0
V08486,Surface Carrez,Libre immediatement,Paris,Batignolles,75,Ile-de-France,T4,,72.1,2.0,2.0,C,688000.0,9542.0
V14154,Surface Carrez,juin-2029,Saint-Denis,La Plaine,93,Ile-de-France,T3,Esprit d'Argent,63.8,2.0,1.0,A,294000.0,4608.0
V03283,Surface habitable,Libre immediatement,Argenteuil,Centre-Ville,95,Ile-de-France,T3,Les Allees Montaigne,83.1,2.0,2.0,E,272000.0,3273.0
V05638,Surface au sol,Libre immediatement,Saint-Germain-en-Laye,Hopital,78,Ile-de-France,Maison 4 pieces,,106.3,3.0,0.0,D,433000.0,4073.0
V04115,Surface Carrez,Libre immediatement,Melun,Montaigu,77,Ile-de-France,T4,Cour Verte,72.9,3.0,0.0,D,187000.0,2565.0
V10250,Surface Carrez,Libre immediatement,Paris,Gobelins,75,Ile-de-France,T2,Carre Riviera,46.8,1.0,0.0,C,393000.0,8397.0
V14399,Surface Carrez,Libre immediatement,Paris,Vaugirard,75,Ile-de-France,T3,,55.9,2.0,0.0,D,460000.0,8229.0
V11328,Surface utile,Libre immediatement,Paris,Porte de Clignancourt,75,Ile-de-France,T3,Villa des Chenes,71.8,2.0,1.0,C,460000.0,6407.0
V04343,Surface habitable,Libre immediatement,Issy-les-Moulineaux,Corentin Celton,92,Ile-de-France,T1,Cour du Parc,28.1,1.0,0.0,D,181000.0,6441.0
V07687,Surface utile,Libre immediatement,Montreuil,Mairie,93,Ile-de-France,T1,Le Hameau des Chenes,31.2,1.0,0.0,E,127000.0,4071.0
V13031,Surface Carrez,nov-2027,Paris,Porte de Clignancourt,75,Ile-de-France,T3,Le Domaine Cristal,75.6,2.0,1.0,B,510000.0,6746.0
V08409,Surface Carrez,nov-2027,Cergy,Cergy-Saint-Christophe,95,Ile-de-France,Maison 3 pieces,Le Hameau Voltaire,58.3,2.0,0.0,C,177000.0,3036.0
V05160,Surface Carrez,juil-2029,Paris,Belleville,75,Ile-de-France,T4,Esprit Horizon,72.6,2.0,0.0,B,694000.0,9559.0
V06410,Surface Carrez,Libre immediatement,Meaux,Centre-Ville,77,Ile-de-France,T3,,45.7,2.0,2.0,G,94000.0,2057.0
V14919,Surface utile,Libre immediatement,Paris,Belleville,75,Ile-de-France,T4,Le Parc Riviera,91.6,3.0,1.0,D,636000.0,6943.0
V04910,Surface Carrez,Libre immediatement,Creteil,Centre Ancien,94,Ile-de-France,T3,Villa Horizon,91.5,2.0,1.0,G,256000.0,2798.0
V00482,Surface utile,fevr-2027,Paris,Saint-Germain-des-Pres,75,Ile-de-France,T1,Esprit du Parc,17.1,1.0,0.0,A,334000.0,19532.0
V13372,Surface Carrez,Libre immediatement,Issy-les-Moulineaux,Les Epinettes,92,Ile-de-France,T3,,50.6,2.0,0.0,E,415000.0,8202.0
V12558,Surface Carrez,Libre immediatement,Vitry-sur-Seine,Port-a-l'Anglais,94,Ile-de-France,T4,Esprit Montaigne,93.7,2.0,2.0,E,361000.0,3853.0
V02130,Surface Carrez,aout-2026,Aubervilliers,Villette-Quatre-Chemins,93,Ile-de-France,Maison 4 pieces,Les Terrasses Saint-Martin,115.2,3.0,0.0,A,428000.0,3715.0
V12494,Surface Carrez,Libre immediatement,Creteil,Echat,94,Ile-de-France,T3,,59.7,2.0,2.0,G,161000.0,2697.0
V08273,Surface Carrez,Libre immediatement,Paris,Le Marais,75,Ile-de-France,T4,Carre Concorde,112.4,2.0,1.0,D,1542000.0,13719.0
V04912,Surface Carrez,Libre immediatement,Paris,Gobelins,75,Ile-de-France,T2,,35.1,1.0,2.0,D,320000.0,9117.0
V06592,Surface habitable,Libre immediatement,Paris,Le Marais,75,Ile-de-France,T4,Le Hameau des Chenes,86.6,3.0,1.0,C,1030000.0,11894.0
V06039,Surface habitable,Libre immediatement,Paris,Belleville,75,Ile-de-France,T3,Les Jardins Symphonie,61.6,2.0,0.0,C,396000.0,6429.0
V08852,Surface Carrez,aout-2027,Paris,La Muette,75,Ile-de-France,T3,Le Clos Belvedere,71.8,1.0,0.0,C,952000.0,13259.0
V06873,Surface habitable,Libre immediatement,Paris,La Muette,75,Ile-de-France,T4,,93.3,3.0,0.0,D,1033000.0,11072.0
V12823,Surface Carrez,Libre immediatement,Paris,Champ-de-Mars,75,Ile-de-France,T5,,107.6,2.0,0.0,D,1043000.0,9693.0
V13466,Surface Carrez,janv-2029,Paris,Gobelins,75,Ile-de-France,T4,Esprit du Lac,74.6,1.0,0.0,A,712000.0,9544.0
V08176,Surface Carrez,Libre immediatement,Issy-les-Moulineaux,Fort d'Issy,92,Ile-de-France,T4,Carre Saint-Martin,79.8,3.0,2.0,D,544000.0,6817.0
V13464,Surface Carrez,Libre immediatement,Saint-Germain-en-Laye,Alsace,78,Ile-de-France,T5,Le Hameau Opale,129.5,3.0,1.0,D,832000.0,6425.0
V06156,Surface Carrez,Libre immediatement,Creteil,Mont-Mesly,94,Ile-de-France,T1,,25.4,1.0,0.0,E,84000.0,3307.0
V00183,Surface Carrez,Libre immediatement,Paris,Belleville,75,Ile-de-France,T2,,37.2,1.0,0.0,C,257000.0,6909.0
V00195,Surface Carrez,Libre immediatement,Paris,Batignolles,75,Ile-de-France,T3,,59.7,1.0,1.0,G,430000.0,7203.0
V12482,Surface utile,Libre immediatement,Vincennes,Domaine du Bois,94,Ile-de-France,T3,,63.7,2.0,1.0,C,377000.0,5918.0
V00102,Surface habitable,Libre immediatement,Paris,La Muette,75,Ile-de-France,T3,Le Domaine d'Argent,78.2,1.0,1.0,E,915000.0,11701.0
V02666,Surface Carrez,Libre immediatement,Issy-les-Moulineaux,Val de Seine,92,Ile-de-France,T3,,62.8,2.0,0.0,,362000.0,5764.0
V12472,Surface Carrez,Libre immediatement,Melun,Montaigu,77,Ile-de-France,T5,Le Domaine du Parc,73.9,2.0,1.0,B,206000.0,2788.0
V12293,Surface Carrez,Libre immediatement,Argenteuil,Centre-Ville,95,Ile-de-France,Maison 4 pieces,,98.3,2.0,1.0,C,314000.0,3194.0
V07201,Surface Carrez,Libre immediatement,Ivry-sur-Seine,Ivry-Port,94,Ile-de-France,T3,,58.5,2.0,0.0,C,321000.0,5487.0
V06729,Surface Carrez,Libre immediatement,Paris,Le Marais,75,Ile-de-France,T3,,62.2,2.0,,C,739000.0,11881.0
V05043,Surface habitable,dec-2027,Vincennes,Bois de Vincennes,94,Ile-de-France,T4,Residence Beausejour,111.3,3.0,1.0,A,1171000.0,10521.0
V00619,Surface Carrez,Libre immediatement,Paris,Gobelins,75,Ile-de-France,T2,,"42,7",1.0,0.0,D,384000.0,8993.0
V13770,Surface Carrez,Libre immediatement,Paris,Montmartre,75,Ile-de-France,T4,,85 - 95,2.0,2.0,E,902000.0,
V11475,Surface Carrez,Libre immediatement,Paris,Le Marais,75,Ile-de-France,T4,Le Clos Cristal,102.7,1.0,2.0,D,918000.0,8939.0
V03282,Surface Carrez,oct-2026,Nanterre,Parc Sud,92,Ile-de-France,T3,Esprit Montaigne,55.7,1.0,0.0,A,415000.0,7451.0
V00456,Surface Carrez,Libre immediatement,Paris,Saint-Germain-des-Pres,75,Ile-de-France,T1,Residence Concorde,38.1,1.0,1.0,F,494000.0,12966.0
V00654,Surface Carrez,Libre immediatement,Trappes,Village,78,Ile-de-France,T3,,71.8,1.0,0.0,C,214000.0,2981.0
V12746,Surface Carrez,Libre immediatement,Vitry-sur-Seine,Moulin-Vert,94,Ile-de-France,T3,Villa Montaigne,73.5,2.0,0.0,A,230000.0,3129.0
V06291,Surface Carrez,Libre immediatement,Paris,Gobelins,75,Ile-de-France,T2,Le Clos Symphonie,48.5,1.0,0.0,E,352000.0,7258.0
V01436,Surface Carrez,Libre immediatement,Ivry-sur-Seine,Ivry-Port,94,Ile-de-France,Maison 3 pieces,,76.8,1.0,0.0,D,367000.0,4779.0
V05190,Surface utile,Libre immediatement,Montreuil,Bel-Air,93,Ile-de-France,T6,,137.8,3.0,0.0,E,537000.0,3897.0
V13343,Surface utile,Libre immediatement,Creteil,Mont-Mesly,94,Ile-de-France,T4,Villa Opale,99.3,3.0,0.0,E,338000.0,3404.0
V11727,Surface habitable,Libre immediatement,Aubervilliers,Fort d'Aubervilliers,93,Ile-de-France,Maison 4 pieces,,100.2,3.0,0.0,F,221000.0,2206.0
V14933,Surface Carrez,Libre immediatement,Saint-Germain-en-Laye,Centre-Ville,78,Ile-de-France,T4,,83.2,3.0,3.0,B,597000.0,7175.0
V00709,Surface Carrez,Libre immediatement,Paris,Saint-Germain-des-Pres,75,Ile-de-France,T2,,51.4,1.0,1.0,E,519000.0,10097.0
V00231,Surface Carrez,janv-2027,Versailles,Saint-Louis,78,Ile-de-France,T4,Cour du Parc,98.2,3.0,2.0,A,812000.0,8269.0
V07652,Surface utile,Libre immediatement,Paris,Bercy,75,Ile-de-France,T5,Cour Opale,110.8,3.0,0.0,B,1053000.0,9504.0
V14809,Surface habitable,Libre immediatement,Antony,Centre-Ville,92,Ile-de-France,T2,,28 - 29,1.0,0.0,E,148000.0,
V00427,Surface Carrez,Libre immediatement,Boulogne-Billancourt,Rives de Seine,92,Ile-de-France,T4,Cour d'Argent,70.3,2.0,1.0,D,496000.0,7055.0
V03637,Surface Carrez,Libre immediatement,Paris,La Muette,75,Ile-de-France,T6,,161.3,3.0,0.0,F,1692000.0,10490.0
V13489,Surface habitable,Libre immediatement,Paris,Vaugirard,75,Ile-de-France,T2,Villa Bellevue,34,1.0,1.0,D,357000.0,10500.0
V07526,Surface Carrez,Libre immediatement,Boulogne-Billancourt,Billancourt,92,Ile-de-France,T2,,27.5,1.0,2.0,C,220000.0,8000.0
V02419,Surface Carrez,Libre immediatement,Paris,Champ-de-Mars,75,Ile-de-France,T4,,83.5,2.0,0.0,B,973000.0,11653.0
V05690,Surface Carrez,Libre immediatement,Paris,Le Marais,75,Ile-de-France,T2,Cour Bellevue,49.7,1.0,0.0,D,527000.0,10604.0
V05231,Surface Carrez,mars-2028,Meaux,Beauval,77,Ile-de-France,T2,Les Jardins Latitude,51.3,1.0,0.0,A,97000.0,1891.0
V01978,Surface Carrez,Libre immediatement,Paris,Belleville,75,Ile-de-France,T3,,71.9,1.0,0.0,E,523000.0,7274.0
V07765,Surface habitable,Libre immediatement,Saint-Germain-en-Laye,Hopital,78,Ile-de-France,T3,,56.9,2.0,0.0,A,474000.0,8330.0
V09111,Surface Carrez,Libre immediatement,Paris,Saint-Germain-des-Pres,75,Ile-de-France,T4,Le Parc Belvedere,76.6,1.0,1.0,A,1234000.0,16110.0
V05599,Surface au sol,Libre immediatement,Antony,Les Baconnets,92,Ile-de-France,Maison 5 pieces,,131.9,2.0,2.0,D,452000.0,3427.0
V04104,Surface Carrez,Libre immediatement,Boulogne-Billancourt,Rives de Seine,92,Ile-de-France,T5,,110.3,3.0,0.0,C,1084000.0,9828.0
V08529,Surface Carrez,oct-2028,Montrouge,Ferry-Jaures,92,Ile-de-France,T2,Les Terrasses des Acacias,41.8,1.0,1.0,B,391000.0,9354.0
V01366,Surface habitable,Libre immediatement,Evry-Courcouronnes,Bois Sauvage,91,Ile-de-France,T2,,42.1,1.0,1.0,F,84000.0,1995.0
V05988,Surface Carrez,juil-2029,Montreuil,Croix de Chavaux,93,Ile-de-France,T2,Carre Belvedere,46.6,1.0,1.0,C,265000.0,5687.0
V02167,Surface Carrez,Libre immediatement,Ivry-sur-Seine,Centre-Ville,94,Ile-de-France,T4,Les Terrasses Belvedere,68.2,3.0,0.0,C,370000.0,5425.0
V03806,Surface habitable,Libre immediatement,Levallois-Perret,Eiffel,92,Ile-de-France,T3,,70.5,2.0,0.0,D,634000.0,8993.0
V09950,Surface Carrez,Libre immediatement,Paris,Le Marais,75,Ile-de-France,T4,,81.1,2.0,2.0,D,932000.0,11492.0
V07962,Surface Carrez,Libre immediatement,Paris,Montmartre,75,Ile-de-France,T3,Cour Montaigne,69.9,1.0,1.0,E,611000.0,8741.0
V01700,Surface Carrez,janv-2026,Bobigny,Centre-ville,93,Ile-de-France,T2,Le Hameau Horizon,43.6,1.0,2.0,A,206000.0,4725.0
V04327,Surface habitable,oct-2027,Creteil,Mont-Mesly,94,Ile-de-France,T3,Les Jardins Horizon,72.2,2.0,2.0,,294000.0,4072.0
V12496,Surface Carrez,Libre immediatement,Melun,Montaigu,77,Ile-de-France,T3,,64.1,2.0,2.0,F,121000.0,1888.0
V02977,Surface Carrez,mars-2026,Saint-Denis,Franc-Moisin,93,Ile-de-France,T4,Les Jardins Montaigne,80.6,3.0,0.0,B,256000.0,3176.0
V08011,Surface Carrez,Libre immediatement,Paris,Batignolles,75,Ile-de-France,T3,Les Jardins des Lilas,70.7,2.0,1.0,F,441000.0,6238.0
V11502,Surface habitable,Libre immediatement,Paris,La Muette,75,Ile-de-France,T3,Residence Voltaire,49.1,2.0,0.0,E,516000.0,10509.0
V14515,Surface Carrez,Libre immediatement,Versailles,Montreuil,78,Ile-de-France,T3,Cour Riviera,76.1,1.0,2.0,E,364000.0,4783.0
V11410,Surface Carrez,Libre immediatement,Trappes,Sand-Pergaud-Verlaine,78,Ile-de-France,T3,Le Hameau Opale,83.6,2.0,2.0,E,203000.0,2428.0
V14823,Surface habitable,Libre immediatement,Vitry-sur-Seine,Ardoines,94,Ile-de-France,T1,Esprit Horizon,33.3,1.0,0.0,A,115000.0,3453.0
V03415,Surface habitable,Libre immediatement,Paris,Belleville,75,Ile-de-France,T6,,133.8,3.0,1.0,G,868000.0,6487.0
V05114,Surface Carrez,mars-2027,Vitry-sur-Seine,Centre-Ville,94,Ile-de-France,T4,Les Terrasses des Lilas,88.8,2.0,1.0,C,443000.0,4989.0
V14221,Surface habitable,aout-2026,Nanterre,Centre,92,Ile-de-France,T1,Le Parc Saint-Martin,28,1.0,1.0,A,187000.0,6679.0
V06907,Surface au sol,Libre immediatement,Antony,Les Baconnets,92,Ile-de-France,Maison 4 pieces,Les Terrasses Latitude,102.5,3.0,1.0,E,398000.0,3883.0
V03737,Surface habitable,Libre immediatement,Paris,Buttes-Chaumont,75,Ile-de-France,T3,Le Hameau Verte,69.3,2.0,2.0,E,572000.0,8254.0
V12419,Surface habitable,Libre immediatement,Ivry-sur-Seine,Ivry-Port,94,Ile-de-France,T3,Esprit du Parc,67.1,2.0,0.0,E,303000.0,4516.0
V07819,Surface Carrez,Libre immediatement,Evry-Courcouronnes,Le Canal,91,Ile-de-France,T2,,41.2,1.0,0.0,D,122000.0,2961.0
V11259,Surface Carrez,mars-2028,Aubervilliers,Fort d'Aubervilliers,93,Ile-de-France,T1,Villa Verte,26.3,1.0,1.0,C,99000.0,3764.0
V02052,Surface Carrez,Libre immediatement,Vincennes,Domaine du Bois,94,Ile-de-France,T4,Residence Opale,77,3.0,,E,645000.0,8377.0
V04265,Surface habitable,Libre immediatement,Saint-Denis,Grand Centre,93,Ile-de-France,T2,,47.4,1.0,,E,120000.0,2532.0
V08845,Surface Carrez,Libre immediatement,Paris,Gobelins,75,Ile-de-France,T3,Les Terrasses du Lac,54 - 58,1.0,,E,436000.0,
V14817,Surface Carrez,Libre immediatement,Massy,Opera,91,Ile-de-France,Maison 5 pieces,,95,4.0,0.0,D,288000.0,3032.0
V11359,Surface Carrez,Libre immediatement,Paris,Saint-Germain-des-Pres,75,Ile-de-France,T4,,106,1.0,1.0,D,1612000.0,15208.0
V04534,Surface Carrez,Libre immediatement,Vitry-sur-Seine,Port-a-l'Anglais,94,Ile-de-France,Maison 4 pieces,Residence Belvedere,96.8,3.0,0.0,A,367000.0,3791.0
V04901,Surface Carrez,Libre immediatement,Paris,Le Marais,75,Ile-de-France,T5,,88.5,2.0,0.0,D,1149000.0,12983.0
V04328,Surface Carrez,Libre immediatement,Argenteuil,Val d'Argent,95,Ile-de-France,T4,Esprit des Chenes,91.2,1.0,0.0,D,218000.0,2390.0
V08493,Surface Carrez,Libre immediatement,Evry-Courcouronnes,Les Pyramides,91,Ile-de-France,T3,Les Allees Saint-Martin,80.7,2.0,1.0,D,160000.0,1983.0
V12314,Surface Carrez,Libre immediatement,Paris,Le Marais,75,Ile-de-France,T2,,47.4,1.0,0.0,A,611000.0,12890.0
V00036,Surface Carrez,Libre immediatement,Vitry-sur-Seine,Centre-Ville,94,Ile-de-France,T4,,80.7,3.0,0.0,C,271000.0,3358.0
V14388,Surface Carrez,Libre immediatement,Ivry-sur-Seine,Petit-Ivry,94,Ile-de-France,T3,Le Domaine Latitude,68.1,2.0,2.0,C,275000.0,4038.0
V05822,Surface Carrez,Libre immediatement,Saint-Denis,La Plaine,93,Ile-de-France,T2,Le Clos du Parc,55.2,1.0,0.0,D,187000.0,3388.0
V04323,Surface Carrez,Libre immediatement,Evry-Courcouronnes,Les Pyramides,91,Ile-de-France,Maison 4 pieces,,100.9,2.0,0.0,C,183000.0,1814.0
V05283,Surface Carrez,dec-2027,Paris,Bercy,75,Ile-de-France,T2,Esprit Symphonie,50.2,1.0,0.0,B,489000.0,9741.0
V09428,Surface Carrez,Libre immediatement,Cergy,Cergy-Prefecture,95,Ile-de-France,T2,Les Jardins Riviera,45.3,1.0,,D,110000.0,2428.0
V05960,Surface Carrez,fevr-2027,Paris,Bercy,75,Ile-de-France,T4,Le Domaine Symphonie,65,3.0,,B,773000.0,11892.0
V06845,Surface Carrez,Libre immediatement,Argenteuil,Orgemont,95,Ile-de-France,T2,,39.4,1.0,0.0,B,124000.0,3147.0
V09346,Surface Carrez,Libre immediatement,Noisy-le-Grand,Champy,93,Ile-de-France,T3,Les Jardins Beausejour,52.4,1.0,0.0,D,155000.0,2958.0
V11219,Surface habitable,Libre immediatement,Mantes-la-Jolie,Gassicourt,78,Ile-de-France,T4,Les Jardins d'Argent,108.4,1.0,1.0,D,352000.0,3247.0
V03733,Surface habitable,Libre immediatement,Saint-Denis,Pleyel,93,Ile-de-France,T3,,79,2.0,0.0,C,289000.0,3658.0
V12396,Surface Carrez,Libre immediatement,Melun,Montaigu,77,Ile-de-France,T3,,63,1.0,1.0,E,168000.0,2667.0
V09046,Surface Carrez,Libre immediatement,Paris,Belleville,75,Ile-de-France,T6,,101.4,2.0,0.0,E,677000.0,6677.0
V07857,Surface Carrez,dec-2027,Paris,Bercy,75,Ile-de-France,T3,Le Clos Beausejour,77.7,2.0,0.0,C,747000.0,9614.0
V00792,Surface Carrez,Libre immediatement,Creteil,Echat,94,Ile-de-France,T4,Esprit Verte,60.1,2.0,0.0,B,303000.0,5042.0
V00692,Surface habitable,nov-2027,Issy-les-Moulineaux,Les Epinettes,92,Ile-de-France,T5,Les Jardins Concorde,105,3.0,1.0,B,858000.0,8171.0
V07390,Surface habitable,dec-2029,Paris,Saint-Germain-des-Pres,75,Ile-de-France,T1,Villa Riviera,25,1.0,1.0,C,407000.0,16280.0
V10711,Surface utile,Libre immediatement,Paris,Gobelins,75,Ile-de-France,T6,Le Hameau Riviera,160.9,1.0,1.0,E,1456000.0,9049.0
V05028,Surface Carrez,Libre immediatement,Paris,Batignolles,75,Ile-de-France,T3,,73,1.0,1.0,D,760000.0,10411.0
V00308,Surface Carrez,Libre immediatement,Paris,La Muette,75,Ile-de-France,T3,Le Hameau Latitude,83.2,1.0,2.0,E,960000.0,11538.0
V06190,Surface habitable,Libre immediatement,Paris,Batignolles,75,Ile-de-France,T5,,103,3.0,0.0,C,738000.0,7165.0
V06199,Surface habitable,Libre immediatement,Ivry-sur-Seine,Ivry-Port,94,Ile-de-France,Maison 5 pieces,,131 - 142,4.0,0.0,C,660000.0,
V11755,Surface Carrez,Libre immediatement,Paris,Le Marais,75,Ile-de-France,T3,Carre Symphonie,63.9,2.0,0.0,D,776000.0,12144.0
V11029,Surface Carrez,avr-2027,Paris,Le Marais,75,Ile-de-France,T4,Le Domaine Belvedere,67.8,2.0,1.0,A,1141000.0,16829.0
V11528,Surface habitable,Libre immediatement,Paris,Batignolles,75,Ile-de-France,T2,Le Parc Concorde,38.5,1.0,1.0,D,376000.0,9766.0
V14223,Surface au sol,Libre immediatement,Ivry-sur-Seine,Centre-Ville,94,Ile-de-France,Maison 4 pieces,,72.2,3.0,1.0,B,260000.0,3601.0
V05398,Surface Carrez,Libre immediatement,Saint-Denis,Grand Centre,93,Ile-de-France,T3,Le Hameau Montaigne,62.2,1.0,,E,184000.0,2958.0
V09051,Surface Carrez,Libre immediatement,Paris,Vaugirard,75,Ile-de-France,T2,Cour Saint-Martin,51.6,1.0,2.0,G,303000.0,5872.0
V02922,Surface habitable,Libre immediatement,Paris,Buttes-Chaumont,75,Ile-de-France,T4,,81.6,1.0,3.0,C,688000.0,8431.0
V01158,Surface Carrez,Libre immediatement,Paris,Batignolles,75,Ile-de-France,T6,,137.5,3.0,0.0,D,1027000.0,7469.0
V06859,Surface Carrez,nov-2029,Saint-Germain-en-Laye,Bel-Air,78,Ile-de-France,T3,Villa d'Argent,53.6,2.0,0.0,C,413000.0,7705.0
V07442,Surface Carrez,Libre immediatement,Saint-Denis,La Plaine,93,Ile-de-France,T4,Le Hameau Beausejour,82.3,3.0,1.0,E,280000.0,3402.0
V03176,Surface Carrez,Libre immediatement,Paris,Gobelins,75,Ile-de-France,T6,Cour Cristal,108.8,3.0,1.0,C,982000.0,9026.0
V02463,Surface Carrez,Libre immediatement,Massy,Villaine,91,Ile-de-France,T3,,74.7,1.0,0.0,,188000.0,2517.0
V10879,Surface Carrez,Libre immediatement,Melun,Montaigu,77,Ile-de-France,T6,,144.7,3.0,0.0,B,302000.0,2087.0
V03623,Surface Carrez,Libre immediatement,Montreuil,Bas-Montreuil,93,Ile-de-France,T4,,123.6,3.0,2.0,B,620000.0,5016.0
V08503,Surface Carrez,Libre immediatement,Paris,Le Marais,75,Ile-de-France,T4,Le Hameau Horizon,82.7,2.0,1.0,G,777000.0,9395.0
V09924,Surface habitable,juin-2028,Paris,Montmartre,75,Ile-de-France,T3,Residence Symphonie,76.2,2.0,1.0,C,911000.0,11955.0
V01124,Surface habitable,Libre immediatement,Paris,Le Marais,75,Ile-de-France,T2,Les Allees Horizon,39.1,1.0,0.0,E,394000.0,10077.0
V02074,Surface Carrez,Libre immediatement,Mantes-la-Jolie,Val Fourre,78,Ile-de-France,T1,,25.5,1.0,1.0,A,59000.0,2314.0
V11169,Surface au sol,Libre immediatement,Vincennes,Bois de Vincennes,94,Ile-de-France,Maison 3 pieces,,79.7,1.0,1.0,D,559000.0,7014.0
V07105,Surface habitable,mai-2028,Meaux,Beauval,77,Ile-de-France,T3,Cour Symphonie,84.3,2.0,0.0,C,167000.0,1981.0
V14655,Surface Carrez,Libre immediatement,Paris,Vaugirard,75,Ile-de-France,T4,Les Terrasses Concorde,128.2,3.0,2.0,,1574000.0,12278.0
V14121,Surface Carrez,Libre immediatement,Boulogne-Billancourt,Rives de Seine,92,Ile-de-France,T1,,24.9,1.0,0.0,G,158000.0,6345.0
V07878,Surface Carrez,Libre immediatement,Bobigny,Etoile,93,Ile-de-France,T3,,53.1,2.0,1.0,C,160000.0,3013.0
V09938,Surface Carrez,Libre immediatement,Neuilly-sur-Seine,Village,92,Ile-de-France,T2,Residence des Lilas,37.9,1.0,2.0,F,339000.0,8945.0
V08670,Surface Carrez,Libre immediatement,Saint-Denis,Basilique,93,Ile-de-France,T2,Le Hameau Bellevue,42,1.0,1.0,A,156000.0,3714.0
V10914,Surface habitable,Libre immediatement,Vitry-sur-Seine,Ardoines,94,Ile-de-France,T4,,78.5,2.0,1.0,E,272000.0,3465.0
V14660,Surface Carrez,Libre immediatement,Cergy,Cergy-le-Haut,95,Ile-de-France,T3,,48.8,2.0,1.0,D,139000.0,2848.0
V04848,Surface Carrez,Libre immediatement,Antony,Pajeaud,92,Ile-de-France,T4,Le Clos Opale,72.9,3.0,0.0,E,413000.0,5665.0
V07439,Surface Carrez,Libre immediatement,Paris,Gobelins,75,Ile-de-France,T3,,82.7,2.0,,D,692000.0,8368.0
V01467,Surface Carrez,Libre immediatement,Nanterre,Petit-Nanterre,92,Ile-de-France,T3,,44.5,1.0,0.0,B,247000.0,5551.0
V08532,Surface Carrez,Libre immediatement,Boulogne-Billancourt,Billancourt,92,Ile-de-France,T3,,71.7,2.0,0.0,C,596000.0,8312.0
V13470,Surface Carrez,Libre immediatement,Paris,Champ-de-Mars,75,Ile-de-France,T2,Carre d'Argent,47.3,1.0,2.0,D,545000.0,11522.0
V12728,Surface habitable,Libre immediatement,Creteil,Mont-Mesly,94,Ile-de-France,T2,Le Parc Montaigne,44.8,1.0,2.0,C,182000.0,4063.0
V04906,Surface Carrez,Libre immediatement,Paris,Gobelins,75,Ile-de-France,T3,Villa Riviera,83.6,2.0,1.0,E,575000.0,6878.0
V08767,Surface utile,Libre immediatement,Paris,Porte de Clignancourt,75,Ile-de-France,T5,Residence Verte,106.3,3.0,1.0,E,653000.0,6143.0
V05795,Surface Carrez,Libre immediatement,Paris,Bercy,75,Ile-de-France,T4,Les Jardins Saint-Martin,72,2.0,0.0,D,519000.0,7208.0
V07202,Surface Carrez,Libre immediatement,Boulogne-Billancourt,Rives de Seine,92,Ile-de-France,T4,,85.1,1.0,1.0,C,776000.0,9119.0
V08468,Surface Carrez,mai-2026,Vitry-sur-Seine,Port-a-l'Anglais,94,Ile-de-France,T3,Les Terrasses Voltaire,62.2,2.0,2.0,A,262000.0,4212.0
V00761,Surface Carrez,Libre immediatement,Montreuil,Croix de Chavaux,93,Ile-de-France,T4,,75.7,1.0,0.0,C,339000.0,4478.0
V06591,Surface Carrez,Libre immediatement,Neuilly-sur-Seine,Sablons,92,Ile-de-France,T2,Esprit Belvedere,38.8,1.0,1.0,F,347000.0,8943.0
V10185,Surface habitable,Libre immediatement,Saint-Denis,Grand Centre,93,Ile-de-France,Maison 5 pieces,Les Allees des Chenes,104.1,3.0,0.0,A,249000.0,2392.0
V05296,Surface Carrez,Libre immediatement,Paris,Vaugirard,75,Ile-de-France,T2,,47.5,1.0,1.0,D,481000.0,10126.0
V00134,Surface Carrez,Libre immediatement,Paris,Vaugirard,75,Ile-de-France,T2,Cour Symphonie,30.5,1.0,1.0,E,303000.0,9934.0
V04341,Surface Carrez,Libre immediatement,Boulogne-Billancourt,Parchamp,92,Ile-de-France,T2,Villa des Lilas,51.9,1.0,1.0,D,435000.0,8382.0
V06536,Surface au sol,Libre immediatement,Meaux,Hopital,77,Ile-de-France,Maison 3 pieces,Les Allees Bellevue,57.9,2.0,0.0,D,125000.0,2159.0
V02963,Surface utile,Libre immediatement,Melun,Saint-Aspais,77,Ile-de-France,Maison 4 pieces,Les Terrasses Bellevue,90.2,2.0,0.0,D,176000.0,1951.0
V08763,Surface Carrez,Libre immediatement,Saint-Denis,Franc-Moisin,93,Ile-de-France,T2,Carre Concorde,52,1.0,1.0,D,128000.0,2462.0
V03308,Surface Carrez,mars-2029,Paris,Montmartre,75,Ile-de-France,T5,Residence Voltaire,73.5,1.0,1.0,B,696000.0,9469.0
V02460,Surface habitable,Libre immediatement,Paris,Montmartre,75,Ile-de-France,T3,,49.6,2.0,2.0,D,435000.0,8770.0
V03117,Surface Carrez,Libre immediatement,Paris,Montmartre,75,Ile-de-France,T4,Le Clos Opale,104.8,1.0,1.0,D,880000.0,8397.0
V03568,Surface Carrez,oct-2026,Paris,Vaugirard,75,Ile-de-France,T2,Les Terrasses Riviera,43.6,1.0,0.0,B,416000.0,9541.0
V11623,Surface utile,mars-2026,Versailles,Saint-Louis,78,Ile-de-France,T4,Carre Latitude,59,3.0,2.0,A,543000.0,9203.0
V01841,Surface habitable,Libre immediatement,Paris,Porte de Clignancourt,75,Ile-de-France,T4,,63.3,2.0,0.0,C,395000.0,6240.0
V11547,Surface Carrez,Libre immediatement,Creteil,Lac,94,Ile-de-France,T4,,77.7,3.0,0.0,E,344000.0,4427.0
V12471,Surface Carrez,Libre immediatement,Versailles,Montreuil,78,Ile-de-France,T4,Le Clos des Chenes,78,2.0,1.0,D,544000.0,6974.0
V07824,Surface Carrez,Libre immediatement,Paris,Vaugirard,75,Ile-de-France,T6,Le Domaine du Lac,104.3,3.0,0.0,B,1028000.0,9856.0
V06604,Surface Carrez,Libre immediatement,Paris,Vaugirard,75,Ile-de-France,T4,Cour Symphonie,67.5,3.0,0.0,C,469000.0,6948.0
V03956,Surface habitable,mai-2029,Vincennes,Bois de Vincennes,94,Ile-de-France,T2,Esprit Verte,42.3,1.0,1.0,B,368000.0,8700.0
V05206,Surface Carrez,Libre immediatement,Paris,Montmartre,75,Ile-de-France,T3,Le Clos des Acacias,65,1.0,0.0,F,519000.0,7985.0
V06630,Surface Carrez,Libre immediatement,Aubervilliers,Villette-Quatre-Chemins,93,Ile-de-France,T2,Carre Montaigne,54.4,1.0,1.0,F,168000.0,3088.0
V09524,Surface habitable,avr-2027,Aubervilliers,Landy,93,Ile-de-France,T3,Les Jardins Symphonie,71.8,1.0,0.0,A,268000.0,3733.0
V01023,Surface Carrez,Libre immediatement,Montreuil,Croix de Chavaux,93,Ile-de-France,T2,Villa des Chenes,41.6,1.0,1.0,D,208000.0,5000.0
V01684,Surface Carrez,Libre immediatement,Neuilly-sur-Seine,Village,92,Ile-de-France,T5,Le Clos Symphonie,132.4,3.0,0.0,B,1194000.0,9018.0
V06036,Surface Carrez,Libre immediatement,Paris,Batignolles,75,Ile-de-France,T5,,123,2.0,0.0,C,1274000.0,10358.0
V12898,Surface Carrez,Libre immediatement,Saint-Germain-en-Laye,Centre-Ville,78,Ile-de-France,T2,,64.8,1.0,1.0,C,404000.0,6235.0
V03501,Surface Carrez,Libre immediatement,Paris,Belleville,75,Ile-de-France,T4,,131.6,3.0,2.0,D,1107000.0,8412.0
V01662,Surface Carrez,Libre immediatement,Montreuil,Croix de Chavaux,93,Ile-de-France,T3,,71.3,2.0,2.0,C,313000.0,4390.0
V13876,Surface Carrez,Libre immediatement,Paris,Porte de Clignancourt,75,Ile-de-France,T3,Residence Belvedere,66.3,1.0,1.0,D,440000.0,6637.0
V00345,Surface Carrez,fevr-2027,Noisy-le-Grand,Mont d'Est,93,Ile-de-France,T2,Cour Riviera,39.5,1.0,2.0,A,203000.0,5139.0
V06012,Surface Carrez,Libre immediatement,Paris,Gobelins,75,Ile-de-France,T4,Les Terrasses Voltaire,121.8,2.0,0.0,G,892000.0,7323.0
V05973,Surface habitable,Libre immediatement,Versailles,Chantiers,78,Ile-de-France,T3,,61,2.0,1.0,E,283000.0,4639.0
V02206,Surface utile,Libre immediatement,Paris,Bercy,75,Ile-de-France,T2,Cour Montaigne,51.9,1.0,2.0,E,377000.0,7264.0
V02135,Surface Carrez,janv-2026,Ivry-sur-Seine,Petit-Ivry,94,Ile-de-France,T4,Les Terrasses Bellevue,68.5,2.0,0.0,A,314000.0,4584.0
V12914,Surface Carrez,juil-2027,Massy,Vilmorin,91,Ile-de-France,T4,Les Terrasses Voltaire,87,3.0,1.0,A,328000.0,3770.0
V12021,Surface utile,Libre immediatement,Paris,Gobelins,75,Ile-de-France,T2,,53.7,1.0,2.0,E,475000.0,8845.0
V14498,Surface Carrez,juin-2026,Paris,Champ-de-Mars,75,Ile-de-France,T5,Les Jardins Latitude,95,3.0,2.0,A,1602000.0,16863.0
V01522,Surface Carrez,Libre immediatement,Versailles,Chantiers,78,Ile-de-France,T2,Le Parc Opale,59,1.0,1.0,E,323000.0,5475.0
V05193,Surface Carrez,Libre immediatement,Neuilly-sur-Seine,Sablons,92,Ile-de-France,T3,Cour du Parc,83.2,1.0,0.0,D,812000.0,9760.0
V08093,Surface habitable,Libre immediatement,Meaux,Hopital,77,Ile-de-France,Maison 3 pieces,,65,1.0,0.0,E,107000.0,1646.0
V08211,Surface habitable,Libre immediatement,Antony,Centre-Ville,92,Ile-de-France,T3,,65.9,1.0,0.0,B,330000.0,5008.0
V09418,Surface Carrez,Libre immediatement,Issy-les-Moulineaux,Val de Seine,92,Ile-de-France,T1,Esprit Voltaire,24.6,1.0,0.0,E,202000.0,8211.0
V04386,Surface Carrez,Libre immediatement,Mantes-la-Jolie,Centre-Ville,78,Ile-de-France,T4,,98.2,3.0,2.0,C,257000.0,2617.0
V03272,Surface Carrez,Libre immediatement,Ivry-sur-Seine,Centre-Ville,94,Ile-de-France,T4,Le Domaine Concorde,61.6,3.0,0.0,E,268000.0,4351.0
V13423,Surface Carrez,Libre immediatement,Creteil,Lac,94,Ile-de-France,T6,,95.1,3.0,,E,333000.0,3502.0
V11174,Surface Carrez,fevr-2027,Paris,Saint-Germain-des-Pres,75,Ile-de-France,T4,Esprit d'Argent,66.3,3.0,,A,1028000.0,15505.0
V08705,Surface Carrez,Libre immediatement,Noisy-le-Grand,Centre-ville,93,Ile-de-France,T1,,20.6,1.0,0.0,D,83000.0,4029.0
V13459,Surface Carrez,janv-2026,Noisy-le-Grand,Butte Verte,93,Ile-de-France,T3,Carre Riviera,97 - 128,1.0,0.0,B,514000.0,
V12918,Surface Carrez,Libre immediatement,Paris,Bercy,75,Ile-de-France,T3,,79.5,2.0,,D,556000.0,6994.0
V02411,Surface Carrez,Libre immediatement,Melun,Almont,77,Ile-de-France,T3,Le Parc d'Argent,59.3,2.0,1.0,D,159000.0,2681.0
V06273,Surface Carrez,Libre immediatement,Antony,Centre-Ville,92,Ile-de-France,T2,,48.7,1.0,1.0,B,225000.0,4620.0
V12682,Surface habitable,Libre immediatement,Boulogne-Billancourt,Billancourt,92,Ile-de-France,T4,Le Clos Opale,87.1,3.0,,E,537000.0,6165.0
V00188,Surface Carrez,Libre immediatement,Meaux,Centre-Ville,77,Ile-de-France,T4,Les Allees Concorde,101.1,3.0,2.0,D,260000.0,2572.0
V12709,Surface habitable,Libre immediatement,Paris,Montmartre,75,Ile-de-France,T4,,84.2,3.0,0.0,D,715000.0,8492.0
V10930,Surface Carrez,juil-2027,Paris,La Muette,75,Ile-de-France,T1,Le Hameau Verte,28,1.0,1.0,B,330000.0,11786.0
V08024,Surface habitable,Libre immediatement,Paris,Buttes-Chaumont,75,Ile-de-France,T2,,50.9,1.0,1.0,B,444000.0,8723.0
V14319,Surface habitable,avr-2027,Vincennes,Centre-Ville,94,Ile-de-France,T4,Le Parc Symphonie,76.6,1.0,,C,532000.0,6945.0
V14988,Surface Carrez,Libre immediatement,Massy,Opera,91,Ile-de-France,T2,Les Jardins Saint-Martin,38.1,1.0,2.0,D,120000.0,3150.0
V01239,Surface Carrez,Libre immediatement,Paris,Belleville,75,Ile-de-France,T2,Les Jardins Verte,30.9,1.0,,E,176000.0,5696.0
V01598,Surface habitable,Libre immediatement,Antony,Les Baconnets,92,Ile-de-France,T1,Le Domaine Cristal,25.9,1.0,0.0,B,122000.0,4710.0
V04784,Surface utile,Libre immediatement,Versailles,Montreuil,78,Ile-de-France,T4,Les Allees du Parc,69.4,3.0,1.0,D,396000.0,5706.0
V02543,Surface Carrez,Libre immediatement,Cergy,Cergy-le-Haut,95,Ile-de-France,T2,,40.6,1.0,0.0,D,112000.0,2759.0
V03018,Surface Carrez,Libre immediatement,Evry-Courcouronnes,Le Canal,91,Ile-de-France,T4,Esprit du Parc,100.2,1.0,0.0,D,305000.0,3044.0
V02967,Surface Carrez,dec-2028,Paris,Porte de Clignancourt,75,Ile-de-France,T1,Villa d'Argent,19.6,1.0,0.0,A,164000.0,8367.0
V12259,Surface Carrez,Libre immediatement,Paris,Belleville,75,Ile-de-France,T6,Les Jardins du Parc,153,3.0,2.0,C,1008000.0,6588.0
V09209,Surface habitable,Libre immediatement,Argenteuil,Centre-Ville,95,Ile-de-France,T3,Le Domaine Riviera,73.9,1.0,,D,265000.0,3586.0
V03391,Surface Carrez,Libre immediatement,Neuilly-sur-Seine,Sablons,92,Ile-de-France,T3,Villa des Acacias,86.4,2.0,0.0,F,698000.0,8079.0
V04041,Surface Carrez,Libre immediatement,Paris,Batignolles,75,Ile-de-France,T5,,108,3.0,1.0,,752000.0,6963.0
V01390,Surface Carrez,Libre immediatement,Levallois-Perret,Collange,92,Ile-de-France,T3,,65.1,2.0,0.0,E,430000.0,6605.0
V05487,Surface habitable,Libre immediatement,Paris,Porte de Clignancourt,75,Ile-de-France,T4,Le Domaine Verte,84,2.0,1.0,D,828000.0,9857.0
V10134,Surface Carrez,juin-2026,Aubervilliers,Centre,93,Ile-de-France,T4,Carre des Acacias,79.6,3.0,1.0,B,366000.0,4598.0
V10956,Surface Carrez,Libre immediatement,Nanterre,Petit-Nanterre,92,Ile-de-France,T2,,51.8,1.0,1.0,C,253000.0,4884.0
V09806,Surface Carrez,Libre immediatement,Trappes,Les Merisiers,78,Ile-de-France,T4,Les Allees Voltaire,82.3,3.0,0.0,E,160000.0,1944.0
V03423,Surface au sol,Libre immediatement,Ivry-sur-Seine,Ivry-Port,94,Ile-de-France,Maison 5 pieces,Cour Concorde,116.5,3.0,0.0,G,378000.0,3245.0
V04405,Surface Carrez,Libre immediatement,Paris,Bercy,75,Ile-de-France,T2,Les Jardins Opale,51.7,1.0,0.0,D,340000.0,6576.0
V07615,Surface Carrez,Libre immediatement,Saint-Denis,Pleyel,93,Ile-de-France,T6,Le Clos Latitude,120.8,3.0,2.0,F,292000.0,2417.0
V05567,Surface utile,Libre immediatement,Paris,Belleville,75,Ile-de-France,T3,,53.5,1.0,2.0,B,502000.0,9383.0
V05691,Surface Carrez,Libre immediatement,Paris,Bercy,75,Ile-de-France,T4,,102.8,1.0,1.0,C,782000.0,7607.0
V12146,Surface Carrez,Libre immediatement,Ivry-sur-Seine,Ivry-Port,94,Ile-de-France,T3,,91.6,2.0,1.0,D,400000.0,4367.0
V11841,Surface Carrez,Libre immediatement,Argenteuil,Val d'Argent,95,Ile-de-France,T3,,66.1,1.0,2.0,D,170000.0,2572.0
V00618,Surface Carrez,juil-2028,Boulogne-Billancourt,Centre-Ville,92,Ile-de-France,T3,Residence Voltaire,56.7,2.0,0.0,B,725000.0,12787.0
V07560,Surface Carrez,fevr-2028,Paris,Le Marais,75,Ile-de-France,T4,Le Domaine des Lilas,82.6,3.0,0.0,A,1363000.0,16501.0
V04014,Surface Carrez,Libre immediatement,Paris,Batignolles,75,Ile-de-France,T4,,110.7,3.0,1.0,E,806000.0,7281.0
V04925,Surface habitable,oct-2027,Issy-les-Moulineaux,Val de Seine,92,Ile-de-France,T5,Carre des Lilas,135,3.0,0.0,C,1400000.0,10370.0
V14297,Surface Carrez,oct-2028,Boulogne-Billancourt,Point du Jour,92,Ile-de-France,T2,Esprit Belvedere,49.7,1.0,1.0,A,508000.0,10221.0
V03433,Surface Carrez,juin-2027,Vincennes,Domaine du Bois,94,Ile-de-France,T2,Le Clos Montaigne,41.1,1.0,1.0,B,363000.0,8832.0
V14475,Surface au sol,juil-2028,Montreuil,Ruffins,93,Ile-de-France,Maison 3 pieces,Le Hameau Riviera,72.9,2.0,,B,247000.0,3388.0
V03991,Surface Carrez,mai-2026,Antony,Centre-Ville,92,Ile-de-France,Maison 3 pieces,Residence Bellevue,86.4,1.0,1.0,A,589000.0,6817.0
V12536,Surface Carrez,Libre immediatement,Paris,Porte de Clignancourt,75,Ile-de-France,T4,Le Hameau Opale,97.2,3.0,1.0,B,504000.0,5185.0
V01547,Surface habitable,Libre immediatement,Noisy-le-Grand,Centre-ville,93,Ile-de-France,T4,Carre Symphonie,114.9,3.0,1.0,F,367000.0,3194.0
V00733,Surface habitable,Libre immediatement,Nanterre,Petit-Nanterre,92,Ile-de-France,T3,,61.1,2.0,1.0,E,277000.0,4534.0
V05129,Surface Carrez,Libre immediatement,Vincennes,Republique,94,Ile-de-France,T5,Le Parc Concorde,124.6,3.0,2.0,C,691000.0,5546.0
V00676,Surface Carrez,Libre immediatement,Montrouge,Ferry-Jaures,92,Ile-de-France,T4,Esprit Symphonie,79.9,3.0,1.0,F,538000.0,6733.0
V14545,Surface Carrez,Libre immediatement,Saint-Denis,Franc-Moisin,93,Ile-de-France,T3,,81.7,1.0,0.0,F,181000.0,2215.0
V11642,Surface Carrez,juil-2028,Paris,Porte de Clignancourt,75,Ile-de-France,T3,Carre Concorde,65.1,1.0,0.0,C,438000.0,6728.0
V13906,Surface Carrez,Libre immediatement,Evry-Courcouronnes,Les Pyramides,91,Ile-de-France,T5,,102.1,2.0,2.0,C,215000.0,2106.0
V02557,Surface habitable,juil-2027,Melun,Centre-Ville,77,Ile-de-France,T4,Les Terrasses Montaigne,77.9,1.0,0.0,A,325000.0,4172.0
V11365,Surface Carrez,Libre immediatement,Paris,Gobelins,75,Ile-de-France,T3,Cour Horizon,77.9,2.0,1.0,,491000.0,6303.0
V05642,Surface Carrez,Libre immediatement,Massy,Vilmorin,91,Ile-de-France,T3,Les Allees Riviera,67.1,1.0,0.0,C,229000.0,3413.0
V00942,Surface Carrez,Libre immediatement,Paris,Bercy,75,Ile-de-France,T3,,70.3,2.0,1.0,D,554000.0,7881.0
V12122,Surface habitable,Libre immediatement,Paris,Batignolles,75,Ile-de-France,T3,,63.1,2.0,0.0,D,497000.0,7876.0
V01475,Surface Carrez,Libre immediatement,Paris,Batignolles,75,Ile-de-France,T4,,95.8,3.0,0.0,C,798000.0,8330.0
V04846,Surface Carrez,Libre immediatement,Saint-Denis,La Plaine,93,Ile-de-France,T4,,81.9,1.0,2.0,E,244000.0,2979.0
V08843,Surface Carrez,Libre immediatement,Paris,Porte de Clignancourt,75,Ile-de-France,T3,Le Clos Symphonie,58.2,2.0,2.0,D,365000.0,6271.0
V05039,Surface Carrez,Libre immediatement,Paris,Saint-Germain-des-Pres,75,Ile-de-France,T5,,98,3.0,0.0,E,1015000.0,10357.0
V10376,Surface utile,Libre immediatement,Massy,Vilmorin,91,Ile-de-France,T4,Le Domaine Saint-Martin,97.6,2.0,1.0,C,307000.0,3145.0
V04930,Surface habitable,Libre immediatement,Paris,Champ-de-Mars,75,Ile-de-France,T1,,21,1.0,1.0,C,258000.0,12286.0
V10731,Surface habitable,oct-2027,Issy-les-Moulineaux,Corentin Celton,92,Ile-de-France,T4,Les Terrasses Montaigne,82.3,2.0,1.0,B,692000.0,8408.0
V12825,Surface habitable,fevr-2027,Boulogne-Billancourt,Billancourt,92,Ile-de-France,T3,Le Parc Verte,66.3,2.0,0.0,B,642000.0,9683.0
V04437,Surface habitable,Libre immediatement,Evry-Courcouronnes,Bois Sauvage,91,Ile-de-France,Maison 5 pieces,,118.7,4.0,0.0,F,249000.0,2098.0
V07825,Surface habitable,Libre immediatement,Noisy-le-Grand,Champy,93,Ile-de-France,T3,Villa des Lilas,55.1,2.0,0.0,E,186000.0,3376.0
V12158,Surface Carrez,Libre immediatement,Neuilly-sur-Seine,Sablons,92,Ile-de-France,T4,,96.2,3.0,0.0,B,966000.0,10042.0
V01932,Surface Carrez,Libre immediatement,Paris,Buttes-Chaumont,75,Ile-de-France,T5,,130.7,3.0,1.0,C,991000.0,7582.0
V06616,Surface Carrez,Libre immediatement,Mantes-la-Jolie,Val Fourre,78,Ile-de-France,T3,Carre Concorde,53.6,1.0,0.0,C,120000.0,2239.0
V10552,Surface Carrez,oct-2026,Montreuil,Bel-Air,93,Ile-de-France,T3,Carre d'Argent,73.7,1.0,0.0,C,373000.0,5061.0
V01405,Surface Carrez,Libre immediatement,Melun,Centre-Ville,77,Ile-de-France,T3,Le Clos Voltaire,71.6,2.0,2.0,C,203000.0,2835.0
V10911,Surface Carrez,Libre immediatement,Montrouge,Portes de Montrouge,92,Ile-de-France,T1,Villa Belvedere,27.9,1.0,1.0,E,176000.0,6308.0
V10910,Surface Carrez,Libre immediatement,Boulogne-Billancourt,Rives de Seine,92,Ile-de-France,T2,Villa Bellevue,64.5,1.0,2.0,C,522000.0,8093.0
V08044,Surface au sol,Libre immediatement,Creteil,Mont-Mesly,94,Ile-de-France,Maison 6 pieces,Le Clos Belvedere,194.6,3.0,0.0,F,421000.0,2163.0
V14364,Surface Carrez,Libre immediatement,Ivry-sur-Seine,Centre-Ville,94,Ile-de-France,T3,,51.5,2.0,,D,220000.0,4272.0
V13490,Surface Carrez,Libre immediatement,Paris,Le Marais,75,Ile-de-France,T2,,42.9,1.0,0.0,B,554000.0,12914.0
V06882,Surface Carrez,Libre immediatement,Issy-les-Moulineaux,Val de Seine,92,Ile-de-France,T3,Les Allees du Lac,74,2.0,0.0,A,647000.0,8743.0
V10217,Surface Carrez,Libre immediatement,Creteil,Mont-Mesly,94,Ile-de-France,T3,,64,2.0,,C,207000.0,3234.0
V06144,Surface Carrez,Libre immediatement,Paris,Le Marais,75,Ile-de-France,T3,Esprit Belvedere,56.3,2.0,1.0,B,733000.0,13020.0
V05124,Surface habitable,Libre immediatement,Mantes-la-Jolie,Gassicourt,78,Ile-de-France,T3,Le Clos Concorde,74,2.0,0.0,E,145000.0,1959.0
V14671,Surface Carrez,Libre immediatement,Paris,Belleville,75,Ile-de-France,T1,Les Allees Voltaire,30.3,1.0,1.0,D,226000.0,7459.0
V00285,Surface Carrez,aout-2027,Neuilly-sur-Seine,Sablons,92,Ile-de-France,Maison 4 pieces,Le Domaine Verte,101.7,3.0,1.0,B,1543000.0,15172.0
V11618,Surface Carrez,Libre immediatement,Antony,Croix de Berny,92,Ile-de-France,Maison 6 pieces,,146.6,4.0,0.0,D,747000.0,5095.0
V06808,Surface Carrez,Libre immediatement,Versailles,Chantiers,78,Ile-de-France,T2,,51.3,1.0,0.0,D,283000.0,5517.0
V03550,Surface Carrez,Libre immediatement,Montrouge,Portes de Montrouge,92,Ile-de-France,T6,,116.5,3.0,1.0,E,715000.0,6137.0
V06136,Surface Carrez,Libre immediatement,Creteil,Mont-Mesly,94,Ile-de-France,T1,Esprit Verte,37.5,1.0,1.0,A,108000.0,2880.0
V00481,Surface Carrez,Libre immediatement,Evry-Courcouronnes,Le Canal,91,Ile-de-France,T2,Residence Riviera,41.9,1.0,1.0,C,118000.0,2816.0
V11664,Surface Carrez,avr-2028,Paris,Belleville,75,Ile-de-France,T4,Le Parc Montaigne,77,1.0,0.0,C,679000.0,8818.0
V14300,Surface Carrez,Libre immediatement,Vitry-sur-Seine,Moulin-Vert,94,Ile-de-France,T4,,82.9,3.0,0.0,D,275000.0,3317.0
V10035,Surface utile,Libre immediatement,Vitry-sur-Seine,Port-a-l'Anglais,94,Ile-de-France,T3,,84.1,1.0,1.0,A,239000.0,2842.0
V10244,Surface habitable,oct-2027,Montrouge,Portes de Montrouge,92,Ile-de-France,T5,Les Allees Beausejour,103.2,2.0,0.0,A,738000.0,7151.0
V05172,Surface Carrez,Libre immediatement,Paris,Porte de Clignancourt,75,Ile-de-France,T3,Les Jardins Symphonie,79.7,2.0,1.0,E,614000.0,7704.0
V05494,Surface Carrez,Libre immediatement,Meaux,Colbert,77,Ile-de-France,T3,Residence du Parc,66.7,2.0,0.0,D,132000.0,1979.0
V05729,Surface utile,Libre immediatement,Paris,Le Marais,75,Ile-de-France,T4,,71.8,2.0,1.0,C,736000.0,10251.0
V02289,Surface Carrez,Libre immediatement,Neuilly-sur-Seine,Sablons,92,Ile-de-France,T3,,81.7,1.0,,C,761000.0,9315.0
V01052,Surface utile,Libre immediatement,Boulogne-Billancourt,Rives de Seine,92,Ile-de-France,T2,,37.1,1.0,0.0,B,298000.0,8032.0
V05004,Surface utile,janv-2027,Nanterre,Universite,92,Ile-de-France,T3,Cour Bellevue,71.3,1.0,0.0,B,401000.0,5624.0
V07747,Surface Carrez,Libre immediatement,Paris,Champ-de-Mars,75,Ile-de-France,T2,Le Clos Beausejour,44.6,1.0,0.0,A,657000.0,14731.0
V12892,Surface Carrez,Libre immediatement,Melun,Saint-Aspais,77,Ile-de-France,T2,Esprit Saint-Martin,43,1.0,1.0,D,102000.0,2372.0
V06207,Surface habitable,oct-2028,Paris,Montmartre,75,Ile-de-France,T5,Les Allees Saint-Martin,110.4,3.0,0.0,C,1248000.0,11304.0
V01152,Surface utile,Libre immediatement,Paris,Buttes-Chaumont,75,Ile-de-France,T5,,135.3,2.0,1.0,D,1079000.0,7975.0
V05531,Surface habitable,Libre immediatement,Paris,Porte de Clignancourt,75,Ile-de-France,T5,Les Allees Symphonie,138,2.0,0.0,E,737000.0,5341.0
V04158,Surface Carrez,Libre immediatement,Bobigny,Abreuvoir,93,Ile-de-France,T3,,70,1.0,2.0,D,255000.0,3643.0
V11191,Surface utile,Libre immediatement,Paris,Bercy,75,Ile-de-France,T3,Le Parc Bellevue,50.9,2.0,0.0,C,432000.0,8487.0
V09964,Surface Carrez,Libre immediatement,Trappes,Village,78,Ile-de-France,T2,,43.8,1.0,1.0,D,137000.0,3128.0
V00943,Surface utile,juin-2028,Argenteuil,Val d'Argent,95,Ile-de-France,T4,Le Domaine Opale,97.3,3.0,2.0,B,326000.0,3350.0
V10274,Surface Carrez,Libre immediatement,Paris,Saint-Germain-des-Pres,75,Ile-de-France,T3,Le Parc Cristal,62.5,2.0,2.0,F,727000.0,11632.0
V09270,Surface Carrez,Libre immediatement,Saint-Germain-en-Laye,Centre-Ville,78,Ile-de-France,T2,Les Allees du Parc,46.8,1.0,0.0,C,319000.0,6816.0
V05342,Surface Carrez,mai-2026,Saint-Denis,Grand Centre,93,Ile-de-France,T2,Les Terrasses Beausejour,36.6,1.0,0.0,B,151000.0,4126.0
V00324,Surface Carrez,Libre immediatement,Vitry-sur-Seine,Port-a-l'Anglais,94,Ile-de-France,T4,Les Allees du Parc,73.7,2.0,2.0,B,305000.0,4138.0
V01954,Surface Carrez,Libre immediatement,Issy-les-Moulineaux,Val de Seine,92,Ile-de-France,T2,Villa Cristal,46.2,1.0,1.0,E,348000.0,7532.0
V14559,Surface Carrez,Libre immediatement,Paris,Buttes-Chaumont,75,Ile-de-France,T4,,65.7,3.0,0.0,F,381000.0,5799.0
V10374,Surface habitable,Libre immediatement,Creteil,Echat,94,Ile-de-France,T3,Carre Bellevue,72.9,2.0,2.0,B,295000.0,4047.0
V11386,Surface Carrez,fevr-2027,Nanterre,Universite,92,Ile-de-France,T2,Les Terrasses d'Argent,53.8,1.0,1.0,B,323000.0,6004.0
V03811,Surface utile,Libre immediatement,Paris,Porte de Clignancourt,75,Ile-de-France,T4,,76.3,2.0,0.0,A,560000.0,7339.0
V02361,Surface Carrez,Libre immediatement,Saint-Germain-en-Laye,Bel-Air,78,Ile-de-France,T4,Le Parc Opale,86.9,3.0,3.0,F,412000.0,4741.0
V10813,Surface Carrez,juil-2027,Paris,Porte de Clignancourt,75,Ile-de-France,T2,Cour du Parc,47 - 52,1.0,2.0,A,316000.0,
V12716,Surface Carrez,oct-2028,Trappes,Village,78,Ile-de-France,T2,Le Clos Latitude,46.5,1.0,1.0,C,181000.0,3892.0
V03135,Surface Carrez,juin-2026,Aubervilliers,Landy,93,Ile-de-France,T2,Residence Concorde,33.1,1.0,1.0,B,129000.0,3897.0
V11495,Surface Carrez,Libre immediatement,Paris,Montmartre,75,Ile-de-France,T2,Carre Horizon,57.3,1.0,2.0,D,519000.0,9058.0
V14661,Surface utile,Libre immediatement,Vitry-sur-Seine,Moulin-Vert,94,Ile-de-France,T3,Villa Concorde,69.8,1.0,1.0,D,247000.0,3539.0
V00563,Surface Carrez,Libre immediatement,Paris,Vaugirard,75,Ile-de-France,T5,Les Allees Riviera,169.5,3.0,0.0,,1380000.0,8142.0
V09120,Surface Carrez,Libre immediatement,Ivry-sur-Seine,Monmousseau,94,Ile-de-France,T4,,100.8,2.0,2.0,D,353000.0,3502.0
V07675,Surface habitable,Libre immediatement,Ivry-sur-Seine,Centre-Ville,94,Ile-de-France,T3,Residence Concorde,61.1,2.0,1.0,E,285000.0,4664.0
V05709,Surface Carrez,Libre immediatement,Montreuil,Bel-Air,93,Ile-de-France,Maison 5 pieces,,139.5,2.0,1.0,D,531000.0,3806.0
V10090,Surface Carrez,oct-2027,Boulogne-Billancourt,Parchamp,92,Ile-de-France,T4,Les Terrasses du Lac,75.2,3.0,1.0,A,859000.0,11423.0
V13755,Surface Carrez,nov-2027,Creteil,Mont-Mesly,94,Ile-de-France,T5,Villa Riviera,105.4,3.0,1.0,B,489000.0,4639.0
V08539,Surface utile,Libre immediatement,Saint-Germain-en-Laye,Centre-Ville,78,Ile-de-France,T4,,79.7,3.0,2.0,G,374000.0,4693.0
V02006,Surface Carrez,Libre immediatement,Mantes-la-Jolie,Centre-Ville,78,Ile-de-France,T2,,52.5,1.0,0.0,D,133000.0,2533.0
V13025,Surface Carrez,Libre immediatement,Montreuil,Mairie,93,Ile-de-France,Maison 5 pieces,,124.7,3.0,2.0,E,491000.0,3937.0
V00435,Surface habitable,Libre immediatement,Paris,La Muette,75,Ile-de-France,T4,Cour Montaigne,74.9,1.0,1.0,B,860000.0,11482.0
V03608,Surface Carrez,Libre immediatement,Paris,Batignolles,75,Ile-de-France,T3,,96.9,2.0,1.0,C,740000.0,7637.0
V12890,Surface Carrez,Libre immediatement,Nanterre,Universite,92,Ile-de-France,T5,Carre Bellevue,108,3.0,3.0,D,564000.0,5222.0
V02868,Surface utile,aout-2027,Paris,Saint-Germain-des-Pres,75,Ile-de-France,T6,Le Hameau Saint-Martin,103.9,3.0,0.0,B,1839000.0,17700.0
V07318,Surface habitable,Libre immediatement,Paris,Vaugirard,75,Ile-de-France,T3,,54.1,2.0,0.0,E,563000.0,10407.0
V02251,Surface Carrez,Libre immediatement,Paris,Montmartre,75,Ile-de-France,T4,,103.3,3.0,1.0,B,1183000.0,11452.0
V00918,Surface habitable,Libre immediatement,Paris,Batignolles,75,Ile-de-France,T2,Le Parc Latitude,53.8,1.0,1.0,D,466000.0,8662.0
V13295,Surface Carrez,Libre immediatement,Paris,Vaugirard,75,Ile-de-France,T4,Esprit Opale,83.1,2.0,0.0,C,768000.0,9242.0
V12917,Surface Carrez,Libre immediatement,Argenteuil,Val d'Argent,95,Ile-de-France,T3,,71.4,1.0,0.0,C,224000.0,3137.0
V08792,Surface Carrez,Libre immediatement,Paris,Saint-Germain-des-Pres,75,Ile-de-France,T3,Le Parc Montaigne,60.9,2.0,1.0,D,804000.0,13202.0
V07842,Surface Carrez,Libre immediatement,Paris,Porte de Clignancourt,75,Ile-de-France,T5,,96.6,3.0,1.0,E,662000.0,6853.0
V04563,Surface Carrez,mai-2029,Issy-les-Moulineaux,Corentin Celton,92,Ile-de-France,T2,Les Jardins du Lac,64.4,1.0,2.0,C,555000.0,8618.0
V03294,Surface au sol,Libre immediatement,Saint-Germain-en-Laye,Hopital,78,Ile-de-France,Maison 5 pieces,,90.1,4.0,0.0,D,439000.0,4872.0
V02395,Surface Carrez,janv-2027,Nanterre,Universite,92,Ile-de-France,T5,Villa des Chenes,131.3,2.0,3.0,A,777000.0,5918.0
V05754,Surface Carrez,juil-2028,Montrouge,Centre,92,Ile-de-France,T2,Les Terrasses Horizon,53.9,1.0,2.0,A,582000.0,10798.0
V14915,Surface Carrez,Libre immediatement,Paris,Saint-Germain-des-Pres,75,Ile-de-France,T3,Villa Cristal,67.8,1.0,0.0,E,961000.0,14174.0
V13966,Surface habitable,Libre immediatement,Paris,Batignolles,75,Ile-de-France,T5,Les Allees Verte,115.6,1.0,0.0,D,950000.0,8218.0
V14108,Surface Carrez,Libre immediatement,Boulogne-Billancourt,Billancourt,92,Ile-de-France,T1,,25.2,1.0,1.0,F,144000.0,5714.0
V10638,Surface Carrez,Libre immediatement,Aubervilliers,Villette-Quatre-Chemins,93,Ile-de-France,T2,,68.5,1.0,0.0,D,248000.0,3620.0
V08388,Surface Carrez,Libre immediatement,Cergy,Axe Majeur,95,Ile-de-France,T3,Carre Cristal,80.5,2.0,0.0,B,221000.0,2745.0
V03484,Surface Carrez,Libre immediatement,Paris,Buttes-Chaumont,75,Ile-de-France,T5,Le Hameau Saint-Martin,105.6,2.0,0.0,E,726000.0,6875.0
V05669,Surface Carrez,Libre immediatement,Meaux,Colbert,77,Ile-de-France,T4,Le Hameau Latitude,93.4,2.0,1.0,,188000.0,2013.0
V05191,Surface Carrez,Libre immediatement,Paris,Gobelins,75,Ile-de-France,T5,,131.4,3.0,2.0,F,1059000.0,8059.0
V07364,Surface Carrez,Libre immediatement,Vitry-sur-Seine,Centre-Ville,94,Ile-de-France,T2,,34.6,1.0,1.0,D,152000.0,4393.0
V02891,Surface habitable,aout-2026,Issy-les-Moulineaux,Les Epinettes,92,Ile-de-France,T3,Villa Riviera,53.4,1.0,0.0,C,384000.0,7191.0
V07606,Surface Carrez,Libre immediatement,Evry-Courcouronnes,Le Canal,91,Ile-de-France,T3,,78.4,2.0,0.0,D,188000.0,2398.0
V13899,Surface au sol,Libre immediatement,Saint-Denis,Pleyel,93,Ile-de-France,Maison 5 pieces,,89.4,2.0,0.0,E,203000.0,2271.0
V05556,Surface utile,Libre immediatement,Levallois-Perret,Eiffel,92,Ile-de-France,T4,Cour Voltaire,93.9,3.0,0.0,D,721000.0,7678.0
V09526,Surface habitable,Libre immediatement,Montrouge,Centre,92,Ile-de-France,T3,Carre Cristal,42.9,2.0,0.0,C,405000.0,9441.0
V09008,Surface Carrez,Libre immediatement,Nanterre,Parc Sud,92,Ile-de-France,Maison 4 pieces,Les Terrasses du Parc,121.3,2.0,0.0,C,601000.0,4955.0
V08264,Surface utile,Libre immediatement,Antony,Les Baconnets,92,Ile-de-France,T6,Le Parc d'Argent,129.8,3.0,1.0,C,559000.0,4307.0
V03746,Surface Carrez,Libre immediatement,Versailles,Chantiers,78,Ile-de-France,T2,Esprit Concorde,41.5,1.0,0.0,F,261000.0,6289.0
V11083,Surface habitable,Libre immediatement,Mantes-la-Jolie,Centre-Ville,78,Ile-de-France,T3,Le Clos d'Argent,62.8,1.0,1.0,D,154000.0,2452.0
V00311,Surface habitable,Libre immediatement,Paris,Batignolles,75,Ile-de-France,T4,,1305 pi2,3.0,1.0,C,1144000.0,
V07205,Surface habitable,fevr-2027,Paris,La Muette,75,Ile-de-France,T5,Les Terrasses Bellevue,100.9,2.0,,B,1281000.0,12696.0
V10457,Surface Carrez,Libre immediatement,Boulogne-Billancourt,Billancourt,92,Ile-de-France,T4,Le Hameau d'Argent,68.9,3.0,1.0,D,537000.0,7794.0
V10171,Surface Carrez,Libre immediatement,Issy-les-Moulineaux,Val de Seine,92,Ile-de-France,T1,,31.3,1.0,1.0,C,192000.0,6134.0
V01392,Surface utile,Libre immediatement,Paris,Batignolles,75,Ile-de-France,T3,Esprit des Lilas,88.3,2.0,0.0,D,803000.0,9094.0
V12191,Surface Carrez,Libre immediatement,Aubervilliers,Landy,93,Ile-de-France,T2,Le Domaine Riviera,57.1,1.0,0.0,D,207000.0,3625.0
V04593,Surface Carrez,sept-2029,Montreuil,Croix de Chavaux,93,Ile-de-France,T4,Les Allees d'Argent,69.4,3.0,2.0,B,304000.0,4380.0
V02802,Surface Carrez,Libre immediatement,Paris,Batignolles,75,Ile-de-France,T3,,64.4,2.0,0.0,,557000.0,8649.0
V01495,Surface habitable,Libre immediatement,Paris,Belleville,75,Ile-de-France,T3,Les Allees d'Argent,84.8,2.0,1.0,E,449000.0,5295.0
V11241,Surface Carrez,Libre immediatement,Montreuil,Ruffins,93,Ile-de-France,T2,Le Parc Verte,57.2,1.0,1.0,,187000.0,3269.0
V12445,Surface utile,Libre immediatement,Cergy,Cergy-Saint-Christophe,95,Ile-de-France,T5,Les Jardins Concorde,117.3,2.0,0.0,C,285000.0,2430.0
V13300,Surface au sol,Libre immediatement,Montreuil,Mairie,93,Ile-de-France,Maison 4 pieces,,115.9,2.0,0.0,C,592000.0,5108.0
V01970,Surface Carrez,Libre immediatement,Ivry-sur-Seine,Centre-Ville,94,Ile-de-France,T3,Carre des Lilas,70,2.0,,,286000.0,4086.0
V01596,Surface Carrez,avr-2026,Nanterre,Universite,92,Ile-de-France,T4,Residence Saint-Martin,87.3,1.0,0.0,C,556000.0,6369.0
V08948,Surface Carrez,Libre immediatement,Versailles,Saint-Louis,78,Ile-de-France,T4,Villa Bellevue,78.2,1.0,3.0,B,518000.0,6624.0
V02879,Surface Carrez,Libre immediatement,Boulogne-Billancourt,Billancourt,92,Ile-de-France,T1,Villa Belvedere,29.6,1.0,1.0,C,206000.0,6959.0
V05166,Surface Carrez,Libre immediatement,Vitry-sur-Seine,Moulin-Vert,94,Ile-de-France,T3,Les Jardins Voltaire,64.8,1.0,2.0,C,285000.0,4398.0
V10959,Surface Carrez,juin-2027,Paris,Gobelins,75,Ile-de-France,T3,Villa Bellevue,50,2.0,1.0,A,555000.0,11100.0
V07100,Surface Carrez,Libre immediatement,Antony,Les Baconnets,92,Ile-de-France,T2,,54.8,1.0,1.0,C,279000.0,5091.0
V12062,Surface habitable,aout-2028,Paris,Le Marais,75,Ile-de-France,T3,Le Hameau d'Argent,61.9,1.0,1.0,A,919000.0,14847.0
V01548,Surface Carrez,Libre immediatement,Saint-Denis,Basilique,93,Ile-de-France,T1,Les Terrasses d'Argent,21.4,1.0,1.0,E,68000.0,3178.0
V08835,Surface Carrez,Libre immediatement,Boulogne-Billancourt,Billancourt,92,Ile-de-France,T4,Carre Latitude,96.9,3.0,1.0,D,686000.0,7079.0
V01117,Surface habitable,Libre immediatement,Antony,Pajeaud,92,Ile-de-France,T4,,78.7,1.0,3.0,E,302000.0,3837.0
V07720,Surface Carrez,mai-2027,Issy-les-Moulineaux,Corentin Celton,92,Ile-de-France,T4,Carre Opale,99.8,3.0,1.0,C,1024000.0,10261.0
V10161,Surface Carrez,Libre immediatement,Paris,Saint-Germain-des-Pres,75,Ile-de-France,T3,,76,2.0,1.0,D,1062000.0,13974.0
V11996,Surface utile,Libre immediatement,Paris,Gobelins,75,Ile-de-France,T3,Les Terrasses Bellevue,90.8,1.0,1.0,C,836000.0,9207.0
V01772,Surface habitable,dec-2027,Paris,Le Marais,75,Ile-de-France,T3,Le Clos Belvedere,60.1,1.0,1.0,B,724000.0,12047.0
V07929,Surface Carrez,Libre immediatement,Creteil,Echat,94,Ile-de-France,T5,,111.7,3.0,2.0,E,362000.0,3241.0
V11950,Surface Carrez,Libre immediatement,Saint-Denis,La Plaine,93,Ile-de-France,T4,,92.7,3.0,1.0,F,309000.0,3333.0
V03759,Surface Carrez,Libre immediatement,Paris,Buttes-Chaumont,75,Ile-de-France,T4,Residence Montaigne,67.3,3.0,1.0,E,572000.0,8499.0
V02641,Surface Carrez,Libre immediatement,Paris,Belleville,75,Ile-de-France,T1,Les Terrasses du Parc,16.9,1.0,0.0,B,152000.0,8994.0
V08543,Surface Carrez,Libre immediatement,Noisy-le-Grand,Butte Verte,93,Ile-de-France,Maison 6 pieces,,178.2,1.0,1.0,C,567000.0,3182.0
V08730,Surface Carrez,Libre immediatement,Paris,Saint-Germain-des-Pres,75,Ile-de-France,T3,Le Clos Cristal,62.6,1.0,1.0,D,825000.0,13179.0
V04555,Surface habitable,Libre immediatement,Nanterre,Centre,92,Ile-de-France,T4,,95.1,1.0,0.0,D,573000.0,6025.0
V13248,Surface habitable,Libre immediatement,Paris,Batignolles,75,Ile-de-France,T2,,48.2,1.0,2.0,E,397000.0,8237.0
V13310,Surface Carrez,Libre immediatement,Argenteuil,Coteaux,95,Ile-de-France,T2,,42.5,1.0,1.0,D,144000.0,3388.0
V06059,Surface habitable,Libre immediatement,Saint-Denis,Pleyel,93,Ile-de-France,T3,Le Hameau Opale,60.3,2.0,1.0,D,251000.0,4163.0
V14426,Surface habitable,Libre immediatement,Paris,Porte de Clignancourt,75,Ile-de-France,T4,,68.7,3.0,1.0,D,518000.0,7540.0
V10958,Surface Carrez,Libre immediatement,Issy-les-Moulineaux,Fort d'Issy,92,Ile-de-France,T4,Les Jardins Riviera,99,3.0,1.0,E,787000.0,7949.0
V05023,Surface utile,Libre immediatement,Ivry-sur-Seine,Petit-Ivry,94,Ile-de-France,T4,Cour des Acacias,105.1,2.0,1.0,E,444000.0,4225.0
V12630,Surface Carrez,Libre immediatement,Issy-les-Moulineaux,Les Epinettes,92,Ile-de-France,T3,Le Hameau Montaigne,88,1.0,1.0,C,655000.0,7443.0
V10927,Surface Carrez,Libre immediatement,Paris,Montmartre,75,Ile-de-France,T5,,116.5,3.0,1.0,F,854000.0,7330.0
V08678,Surface Carrez,Libre immediatement,Paris,Saint-Germain-des-Pres,75,Ile-de-France,T3,,64.9,2.0,1.0,F,1018000.0,15686.0
V08319,Surface Carrez,Libre immediatement,Paris,Vaugirard,75,Ile-de-France,T2,Le Domaine Opale,33.8,1.0,2.0,A,334000.0,9882.0
V10439,Surface Carrez,Libre immediatement,Paris,Vaugirard,75,Ile-de-France,T4,,91.7,3.0,0.0,C,792000.0,8637.0
V06746,Surface habitable,Libre immediatement,Neuilly-sur-Seine,Village,92,Ile-de-France,T3,Le Clos Symphonie,64.8,1.0,0.0,D,527000.0,8133.0
V07275,Surface Carrez,avr-2028,Argenteuil,Val d'Argent,95,Ile-de-France,T3,Cour Belvedere,52.3,1.0,0.0,C,195000.0,3728.0
V01968,Surface Carrez,Libre immediatement,Paris,Gobelins,75,Ile-de-France,T3,Residence Saint-Martin,62.2,2.0,1.0,D,527000.0,8473.0
V05529,Surface Carrez,Libre immediatement,Paris,Montmartre,75,Ile-de-France,T5,Les Jardins d'Argent,99.9,3.0,0.0,D,854000.0,8549.0
V02021,Surface Carrez,oct-2029,Paris,Buttes-Chaumont,75,Ile-de-France,T4,Cour Concorde,106.4,1.0,0.0,B,986000.0,9267.0
V02794,Surface habitable,juin-2028,Levallois-Perret,Collange,92,Ile-de-France,T4,Villa des Lilas,62.2,1.0,1.0,B,635000.0,10209.0
V09907,Surface Carrez,Libre immediatement,Levallois-Perret,Centre,92,Ile-de-France,T4,Le Domaine d'Argent,116.4,2.0,2.0,B,1270000.0,10911.0
V02863,Surface Carrez,Libre immediatement,Mantes-la-Jolie,Centre-Ville,78,Ile-de-France,T3,Esprit Horizon,63.6,1.0,2.0,E,181000.0,2846.0
V05161,Surface Carrez,Libre immediatement,Melun,Almont,77,Ile-de-France,T3,,84.9,1.0,1.0,C,197000.0,2320.0
V02904,Surface Carrez,Libre immediatement,Massy,Vilmorin,91,Ile-de-France,T4,,96.2,1.0,0.0,D,339000.0,3524.0
V09736,Surface Carrez,Libre immediatement,Mantes-la-Jolie,Val Fourre,78,Ile-de-France,T4,,132.2,3.0,2.0,D,230000.0,1740.0
V03882,Surface Carrez,Libre immediatement,Paris,Saint-Germain-des-Pres,75,Ile-de-France,T4,,79.5,3.0,0.0,E,1184000.0,14893.0
V00389,Surface habitable,Libre immediatement,Noisy-le-Grand,Mont d'Est,93,Ile-de-France,T4,Residence Saint-Martin,109.2,3.0,0.0,F,404000.0,3700.0
V11233,Surface Carrez,janv-2026,Paris,Saint-Germain-des-Pres,75,Ile-de-France,T4,Le Domaine Belvedere,104.8,2.0,1.0,A,2042000.0,19485.0
V14588,Surface Carrez,Libre immediatement,Paris,Buttes-Chaumont,75,Ile-de-France,T3,Le Hameau Riviera,57.8,2.0,0.0,D,436000.0,7543.0
V01661,Surface utile,Libre immediatement,Paris,Bercy,75,Ile-de-France,T5,,113.8,3.0,1.0,F,799000.0,7021.0
V08972,Surface utile,oct-2026,Paris,Vaugirard,75,Ile-de-France,T4,Le Domaine des Chenes,86.7,2.0,1.0,A,1087000.0,12537.0
V01869,Surface habitable,Libre immediatement,Paris,Batignolles,75,Ile-de-France,T2,,62.9,1.0,1.0,D,571000.0,9078.0
V12924,Surface Carrez,Libre immediatement,Paris,Saint-Germain-des-Pres,75,Ile-de-France,T4,,102.7,,0.0,C,1266000.0,12327.0
V03289,Surface Carrez,Libre immediatement,Vitry-sur-Seine,Centre-Ville,94,Ile-de-France,T4,,103.9,3.0,0.0,D,469000.0,4514.0
V10662,Surface au sol,Libre immediatement,Aubervilliers,Fort d'Aubervilliers,93,Ile-de-France,Maison 3 pieces,,52.8,2.0,1.0,D,134000.0,2538.0
V01148,Surface Carrez,Libre immediatement,Boulogne-Billancourt,Point du Jour,92,Ile-de-France,T3,Le Domaine Beausejour,67.9,2.0,,B,527000.0,7761.0
V05164,Surface Carrez,Libre immediatement,Meaux,Centre-Ville,77,Ile-de-France,T2,,41.2,1.0,1.0,D,107000.0,2597.0
V03019,Surface habitable,Libre immediatement,Montrouge,Ferry-Jaures,92,Ile-de-France,T4,Residence des Chenes,66.7,3.0,2.0,C,499000.0,7481.0
V09488,Surface Carrez,Libre immediatement,Paris,Vaugirard,75,Ile-de-France,T3,Les Allees Cristal,61.6,1.0,1.0,D,573000.0,9302.0
V07240,Surface habitable,Libre immediatement,Paris,Vaugirard,75,Ile-de-France,T2,Cour Beausejour,56.7,1.0,,D,490000.0,8642.0
V14436,Surface Carrez,mars-2028,Paris,Champ-de-Mars,75,Ile-de-France,T3,Le Parc Symphonie,62.8,2.0,0.0,A,999000.0,15908.0
V05699,Surface Carrez,fevr-2029,Noisy-le-Grand,Champy,93,Ile-de-France,T2,Le Domaine du Parc,47 - 59,1.0,1.0,B,202000.0,
V04084,Surface Carrez,Libre immediatement,Saint-Denis,Pleyel,93,Ile-de-France,T5,,118.8,3.0,0.0,E,367000.0,3089.0
V03191,Surface Carrez,Libre immediatement,Paris,Buttes-Chaumont,75,Ile-de-France,T1,,25.3,1.0,,D,151000.0,5968.0
V14701,Surface Carrez,juil-2029,Paris,Champ-de-Mars,75,Ile-de-France,T3,Esprit des Lilas,83.6,2.0,2.0,B,1539000.0,18409.0
V12674,Surface Carrez,Libre immediatement,Vitry-sur-Seine,Moulin-Vert,94,Ile-de-France,Maison 5 pieces,,132.5,4.0,0.0,E,376000.0,2838.0
V13195,Surface Carrez,Libre immediatement,Paris,La Muette,75,Ile-de-France,T3,,79.7,1.0,1.0,F,814000.0,10213.0
V02570,Surface Carrez,juin-2026,Paris,Porte de Clignancourt,75,Ile-de-France,T2,Villa du Parc,42.9,1.0,1.0,A,337000.0,7855.0
V04296,Surface utile,Libre immediatement,Paris,Le Marais,75,Ile-de-France,T3,,67.2,1.0,0.0,C,764000.0,11369.0
V00548,Surface Carrez,Libre immediatement,Paris,Vaugirard,75,Ile-de-France,T3,,58.7,1.0,2.0,D,552000.0,9404.0
V01882,Surface utile,nov-2026,Levallois-Perret,Centre,92,Ile-de-France,Maison 5 pieces,Le Parc des Chenes,149.7,2.0,0.0,C,1078000.0,7201.0
V07168,Surface Carrez,Libre immediatement,Bobigny,Pont de Bondy,93,Ile-de-France,T3,Les Terrasses Latitude,80.7,2.0,2.0,C,244000.0,3024.0
V14194,Surface habitable,Libre immediatement,Paris,Vaugirard,75,Ile-de-France,T3,,74.4,,0.0,B,720000.0,9677.0
V04921,Surface Carrez,Libre immediatement,Issy-les-Moulineaux,Val de Seine,92,Ile-de-France,T4,,90,3.0,0.0,E,698000.0,7756.0
V10054,Surface Carrez,Libre immediatement,Evry-Courcouronnes,Le Canal,91,Ile-de-France,T3,Le Parc des Chenes,92.6,2.0,0.0,F,229000.0,2473.0
V12749,Surface habitable,Libre immediatement,Paris,Le Marais,75,Ile-de-France,T3,,75,2.0,,E,1009000.0,13453.0
V04474,Surface Carrez,Libre immediatement,Noisy-le-Grand,Champy,93,Ile-de-France,T4,,82.2,3.0,1.0,C,310000.0,3771.0
V13055,Surface Carrez,juil-2028,Paris,Porte de Clignancourt,75,Ile-de-France,T1,Les Jardins Latitude,35,1.0,1.0,B,263000.0,7514.0
V09444,Surface Carrez,Libre immediatement,Saint-Denis,Pleyel,93,Ile-de-France,T3,Les Jardins Saint-Martin,76.9,2.0,1.0,C,253000.0,3290.0
V06921,Surface Carrez,Libre immediatement,Paris,Porte de Clignancourt,75,Ile-de-France,T2,,51.8,1.0,1.0,E,307000.0,5927.0
V09068,Surface Carrez,mai-2029,Paris,La Muette,75,Ile-de-France,T2,Les Allees des Lilas,38.1,1.0,2.0,A,637000.0,16719.0
V10916,Surface habitable,janv-2029,Paris,La Muette,75,Ile-de-France,T6,Le Hameau Riviera,140.4,2.0,1.0,A,1860000.0,13248.0
V08275,Surface Carrez,Libre immediatement,Noisy-le-Grand,Mont d'Est,93,Ile-de-France,Maison 5 pieces,Le Clos Montaigne,118.9,2.0,1.0,D,519000.0,4365.0
V06576,Surface utile,Libre immediatement,Evry-Courcouronnes,Les Pyramides,91,Ile-de-France,T4,,102.6,2.0,2.0,F,189000.0,1842.0
V12363,Surface Carrez,Libre immediatement,Montrouge,Portes de Montrouge,92,Ile-de-France,T4,Le Domaine des Lilas,90.3,3.0,1.0,C,536000.0,5936.0
V14840,Surface habitable,Libre immediatement,Paris,Le Marais,75,Ile-de-France,T2,Esprit Belvedere,51.5,1.0,0.0,C,645000.0,12524.0
V01755,Surface Carrez,janv-2027,Versailles,Notre-Dame,78,Ile-de-France,T1,Residence du Lac,31,1.0,0.0,A,275000.0,8871.0
V04802,Surface Carrez,Libre immediatement,Paris,Champ-de-Mars,75,Ile-de-France,T4,Residence des Lilas,81,2.0,,B,1064000.0,13136.0
V09754,Surface Carrez,Libre immediatement,Paris,Saint-Germain-des-Pres,75,Ile-de-France,T4,,91.9,3.0,0.0,,1066000.0,11600.0
V07166,Surface Carrez,Libre immediatement,Mantes-la-Jolie,Gassicourt,78,Ile-de-France,T3,Les Jardins Belvedere,66.1,1.0,0.0,D,172000.0,2602.0
V04826,Surface Carrez,Libre immediatement,Paris,Le Marais,75,Ile-de-France,T3,Esprit Horizon,62.5,2.0,1.0,A,814000.0,13024.0
V00377,Surface Carrez,Libre immediatement,Antony,Les Baconnets,92,Ile-de-France,T2,Le Domaine Beausejour,38.7,1.0,0.0,C,157000.0,4057.0
V12449,Surface Carrez,oct-2029,Paris,Porte de Clignancourt,75,Ile-de-France,T3,Les Jardins Riviera,72.9,1.0,0.0,B,644000.0,8834.0
V11535,Surface Carrez,Libre immediatement,Saint-Germain-en-Laye,Centre-Ville,78,Ile-de-France,Maison 5 pieces,,125.3,2.0,2.0,D,785000.0,6265.0
V01154,Surface Carrez,Libre immediatement,Noisy-le-Grand,Butte Verte,93,Ile-de-France,T3,,74.7,2.0,1.0,D,327000.0,4378.0
V08149,Surface Carrez,Libre immediatement,Paris,Buttes-Chaumont,75,Ile-de-France,T4,,80.2,3.0,0.0,C,578000.0,7207.0
V10701,Surface au sol,Libre immediatement,Vincennes,Bois de Vincennes,94,Ile-de-France,Maison 5 pieces,Residence Bellevue,135.7,4.0,0.0,C,1164000.0,8578.0
V03505,Surface Carrez,Libre immediatement,Montreuil,Bel-Air,93,Ile-de-France,T5,,99.7,3.0,0.0,C,365000.0,3661.0
V03543,Surface habitable,Libre immediatement,Paris,Batignolles,75,Ile-de-France,T4,Le Parc Voltaire,100.4,3.0,0.0,F,878000.0,8745.0
V10849,Surface Carrez,Libre immediatement,Aubervilliers,Fort d'Aubervilliers,93,Ile-de-France,T2,,41.8,1.0,0.0,D,132000.0,3158.0
V12112,Surface habitable,Libre immediatement,Mantes-la-Jolie,Centre-Ville,78,Ile-de-France,T3,,61.2,1.0,1.0,D,170000.0,2778.0
V00034,Surface Carrez,Libre immediatement,Paris,Porte de Clignancourt,75,Ile-de-France,T5,Le Hameau d'Argent,97.3,3.0,0.0,G,540000.0,5550.0
V12066,Surface Carrez,Libre immediatement,Paris,Champ-de-Mars,75,Ile-de-France,T6,Carre des Chenes,182.7,3.0,2.0,F,2293000.0,12551.0
V12988,Surface Carrez,Libre immediatement,Paris,Saint-Germain-des-Pres,75,Ile-de-France,T2,Le Domaine Symphonie,44.5,1.0,,E,547000.0,12292.0
V09887,Surface Carrez,Libre immediatement,Paris,La Muette,75,Ile-de-France,T5,,130,2.0,1.0,F,1538000.0,11831.0
V04184,Surface au sol,sept-2027,Ivry-sur-Seine,Petit-Ivry,94,Ile-de-France,Maison 5 pieces,Carre des Lilas,151.4,2.0,0.0,A,706000.0,4663.0
V06262,Surface Carrez,oct-2028,Paris,Champ-de-Mars,75,Ile-de-France,T3,Le Hameau Concorde,70.2,2.0,1.0,A,1160000.0,16524.0
V07681,Surface Carrez,mai-2029,Melun,Saint-Aspais,77,Ile-de-France,T1,Le Parc Symphonie,34.1,1.0,1.0,B,138000.0,4047.0
V12008,Surface Carrez,Libre immediatement,Creteil,Lac,94,Ile-de-France,T4,,75.7,3.0,,G,236000.0,3118.0
V12082,Surface Carrez,Libre immediatement,Mantes-la-Jolie,Gassicourt,78,Ile-de-France,T1,Les Jardins du Lac,23.6,1.0,0.0,F,52000.0,2203.0
V10479,Surface Carrez,Libre immediatement,Paris,Vaugirard,75,Ile-de-France,T5,,129.6,3.0,0.0,C,1504000.0,11605.0
V00422,Surface Carrez,Libre immediatement,Paris,Porte de Clignancourt,75,Ile-de-France,T2,,44,1.0,0.0,D,237000.0,5386.0
V01295,Surface Carrez,Libre immediatement,Evry-Courcouronnes,Les Pyramides,91,Ile-de-France,T2,,49.5,1.0,0.0,C,120000.0,2424.0
V09467,Surface Carrez,Libre immediatement,Cergy,Cergy-Prefecture,95,Ile-de-France,T2,,48.4,1.0,1.0,C,153000.0,3161.0
V07759,Surface Carrez,Libre immediatement,Vincennes,Republique,94,Ile-de-France,T1,Villa Verte,25.1,1.0,0.0,C,175000.0,6972.0
V00730,Surface Carrez,mai-2029,Boulogne-Billancourt,Billancourt,92,Ile-de-France,T4,Le Clos Latitude,94.8,3.0,1.0,C,802000.0,8460.0
V08530,Surface Carrez,Libre immediatement,Aubervilliers,Fort d'Aubervilliers,93,Ile-de-France,T6,,162.6,3.0,1.0,C,482000.0,2964.0
V08018,Surface Carrez,Libre immediatement,Paris,La Muette,75,Ile-de-France,T2,,41.4,1.0,0.0,D,514000.0,12415.0
V11153,Surface Carrez,Libre immediatement,Paris,Buttes-Chaumont,75,Ile-de-France,T3,,59.1,1.0,0.0,C,472000.0,7986.0
V10406,Surface Carrez,Libre immediatement,Paris,Buttes-Chaumont,75,Ile-de-France,T3,,63.2,2.0,0.0,C,479000.0,7579.0
V08285,Surface Carrez,Libre immediatement,Argenteuil,Val d'Argent,95,Ile-de-France,T3,Esprit Voltaire,80.9,2.0,2.0,E,174000.0,2151.0
V00600,Surface Carrez,Libre immediatement,Montreuil,Mairie,93,Ile-de-France,T1,,29.6,1.0,1.0,C,115000.0,3885.0
V07170,Surface utile,Libre immediatement,Montreuil,Bel-Air,93,Ile-de-France,Maison 4 pieces,,113.3,3.0,1.0,A,373000.0,3292.0
V02532,Surface utile,Libre immediatement,Neuilly-sur-Seine,Village,92,Ile-de-France,T4,,65.9,3.0,0.0,F,530000.0,8042.0
V14824,Surface Carrez,Libre immediatement,Paris,Bercy,75,Ile-de-France,T2,,43.3,1.0,,B,443000.0,10231.0
V02416,Surface Carrez,janv-2029,Saint-Denis,Basilique,93,Ile-de-France,T5,Le Clos Montaigne,99.3,1.0,2.0,A,327000.0,3293.0
V05889,Surface Carrez,Libre immediatement,Bobigny,Abreuvoir,93,Ile-de-France,T2,,48.9,1.0,0.0,D,120000.0,2454.0
V01305,Surface utile,oct-2027,Paris,Montmartre,75,Ile-de-France,T3,Villa Bellevue,51,1.0,2.0,B,576000.0,11294.0
V03322,Surface Carrez,sept-2026,Noisy-le-Grand,Centre-ville,93,Ile-de-France,T5,Residence d'Argent,92.4,2.0,0.0,A,476000.0,5152.0
V11580,Surface Carrez,avr-2029,Mantes-la-Jolie,Val Fourre,78,Ile-de-France,T3,Le Clos Bellevue,60.3,2.0,1.0,A,128000.0,2123.0
V06203,Surface habitable,sept-2027,Paris,Batignolles,75,Ile-de-France,T1,Villa Saint-Martin,28.2,1.0,1.0,A,324000.0,11489.0
V07227,Surface habitable,avr-2028,Paris,Batignolles,75,Ile-de-France,T3,Les Terrasses des Acacias,63.1,1.0,0.0,B,694000.0,10998.0
V05433,Surface habitable,mars-2027,Paris,Belleville,75,Ile-de-France,T4,Le Domaine du Lac,102,3.0,1.0,A,955000.0,9363.0
V05958,Surface Carrez,Libre immediatement,Paris,Gobelins,75,Ile-de-France,T3,Villa Saint-Martin,51.8,1.0,,C,460000.0,8880.0
V02124,Surface Carrez,Libre immediatement,Creteil,Centre Ancien,94,Ile-de-France,T3,,52,1.0,0.0,B,257000.0,4942.0
V01386,Surface utile,Libre immediatement,Paris,Le Marais,75,Ile-de-France,T1,,24.3,1.0,0.0,D,244000.0,10041.0
V13898,Surface utile,Libre immediatement,Nanterre,Parc Sud,92,Ile-de-France,T4,Cour Latitude,75.2,2.0,0.0,A,400000.0,5319.0
V05734,Surface habitable,Libre immediatement,Nanterre,Petit-Nanterre,92,Ile-de-France,T3,Les Jardins Riviera,64.9,1.0,2.0,D,282000.0,4345.0
V10754,Surface utile,Libre immediatement,Aubervilliers,Villette-Quatre-Chemins,93,Ile-de-France,T4,,78.6,2.0,1.0,,281000.0,3575.0
V13338,Surface Carrez,Libre immediatement,Levallois-Perret,Eiffel,92,Ile-de-France,T3,,57.9,2.0,1.0,D,556000.0,9603.0
V10698,Surface Carrez,Libre immediatement,Argenteuil,Centre-Ville,95,Ile-de-France,T3,,54.4,1.0,,C,203000.0,3732.0
V13969,Surface Carrez,mars-2027,Vitry-sur-Seine,Port-a-l'Anglais,94,Ile-de-France,T3,Le Domaine des Chenes,65.5,2.0,2.0,A,310000.0,4733.0
V04030,Surface Carrez,sept-2028,Paris,Montmartre,75,Ile-de-France,T4,Le Domaine Concorde,68,3.0,0.0,B,742000.0,10912.0
V09370,Surface au sol,Libre immediatement,Versailles,Chantiers,78,Ile-de-France,Maison 4 pieces,Les Allees Saint-Martin,91.5,2.0,0.0,D,359000.0,3923.0
V09581,Surface Carrez,Libre immediatement,Bobigny,Pont de Bondy,93,Ile-de-France,T3,Le Parc Bellevue,77.4,2.0,1.0,C,208000.0,2687.0
V10760,Surface Carrez,Libre immediatement,Paris,Vaugirard,75,Ile-de-France,T4,,137.6,3.0,1.0,D,1010000.0,7340.0
V10421,Surface Carrez,Libre immediatement,Paris,La Muette,75,Ile-de-France,T2,,37,1.0,2.0,E,391000.0,10568.0
V03092,Surface Carrez,Libre immediatement,Meaux,Beauval,77,Ile-de-France,Maison 5 pieces,,116.4,2.0,0.0,C,207000.0,1778.0
V01818,Surface Carrez,janv-2026,Boulogne-Billancourt,Billancourt,92,Ile-de-France,T2,Les Terrasses Belvedere,48.2,1.0,0.0,B,392000.0,8133.0
V10775,Surface habitable,Libre immediatement,Saint-Denis,Basilique,93,Ile-de-France,T3,Esprit Concorde,53.4,2.0,2.0,D,120000.0,2247.0
V12806,Surface Carrez,Libre immediatement,Meaux,Hopital,77,Ile-de-France,Maison 5 pieces,Le Parc des Lilas,127.9,3.0,0.0,D,265000.0,2072.0
V05751,Surface Carrez,Libre immediatement,Melun,Montaigu,77,Ile-de-France,T2,,37.7,1.0,2.0,F,71000.0,1883.0
V12083,Surface utile,Libre immediatement,Paris,Saint-Germain-des-Pres,75,Ile-de-France,T4,,71.5,3.0,0.0,E,760000.0,10629.0
V03118,Surface Carrez,avr-2026,Issy-les-Moulineaux,Les Epinettes,92,Ile-de-France,T2,Cour des Lilas,59.7,1.0,0.0,A,550000.0,9213.0
V03325,Surface Carrez,Libre immediatement,Nanterre,Universite,92,Ile-de-France,T1,Residence Belvedere,28,1.0,1.0,D,132000.0,4714.0
V03957,Surface habitable,avr-2027,Aubervilliers,Centre,93,Ile-de-France,T3,Les Terrasses Symphonie,60.6,2.0,,A,212000.0,3498.0
V13384,Surface habitable,sept-2027,Trappes,Village,78,Ile-de-France,T2,Cour Bellevue,47.9,1.0,0.0,B,181000.0,3779.0
V08050,Surface habitable,Libre immediatement,Paris,Buttes-Chaumont,75,Ile-de-France,T3,Les Jardins des Acacias,77.1,2.0,2.0,G,472000.0,6122.0
V11697,Surface habitable,Libre immediatement,Massy,Opera,91,Ile-de-France,T3,,77 - 94,1.0,1.0,E,226000.0,
V09300,Surface utile,juil-2027,Antony,Croix de Berny,92,Ile-de-France,T4,Esprit Opale,72.5,2.0,0.0,C,424000.0,5848.0
V07609,Surface Carrez,janv-2029,Neuilly-sur-Seine,Sablons,92,Ile-de-France,T3,Residence Saint-Martin,71.5,2.0,0.0,B,910000.0,12727.0
V10262,Surface Carrez,Libre immediatement,Cergy,Cergy-le-Haut,95,Ile-de-France,T3,,56.2,,0.0,C,176000.0,3132.0
V00726,Surface Carrez,fevr-2026,Nanterre,Universite,92,Ile-de-France,T3,Le Clos Montaigne,74.2,1.0,0.0,A,509000.0,6860.0
V06426,Surface Carrez,Libre immediatement,Bobigny,Pont de Bondy,93,Ile-de-France,T4,Villa Voltaire,104.1,2.0,0.0,C,216000.0,2075.0
V14026,Surface habitable,Libre immediatement,Paris,Batignolles,75,Ile-de-France,T4,Les Allees Opale,87.3,2.0,1.0,D,781000.0,8946.0
V04218,Surface Carrez,Libre immediatement,Paris,Champ-de-Mars,75,Ile-de-France,T4,,94.6,3.0,0.0,F,1397000.0,14767.0
V08498,Surface Carrez,Libre immediatement,Versailles,Montreuil,78,Ile-de-France,Maison 3 pieces,Le Clos des Acacias,82.6,2.0,,D,308000.0,3729.0
V08190,Surface habitable,Libre immediatement,Boulogne-Billancourt,Rives de Seine,92,Ile-de-France,T3,Carre Opale,67.3,2.0,2.0,D,470000.0,6984.0
V11460,Surface habitable,Libre immediatement,Montrouge,Ferry-Jaures,92,Ile-de-France,T5,,91.5,3.0,2.0,C,690000.0,7541.0
V14805,Surface utile,Libre immediatement,Paris,Buttes-Chaumont,75,Ile-de-France,T2,Les Jardins Montaigne,47.4,1.0,1.0,C,357000.0,7532.0
V07290,Surface Carrez,Libre immediatement,Vitry-sur-Seine,Centre-Ville,94,Ile-de-France,Maison 6 pieces,Carre Cristal,169.1,4.0,0.0,D,538000.0,3182.0
V10808,Surface Carrez,Libre immediatement,Saint-Denis,Pleyel,93,Ile-de-France,T3,,74,1.0,0.0,C,282000.0,3811.0
V13672,Surface habitable,Libre immediatement,Paris,Bercy,75,Ile-de-France,T1,Le Clos d'Argent,19.4,1.0,1.0,G,146000.0,7526.0
V13153,Surface au sol,mars-2028,Aubervilliers,Centre,93,Ile-de-France,Maison 5 pieces,Villa Cristal,153.3,2.0,0.0,A,453000.0,2955.0
V03091,Surface Carrez,Libre immediatement,Boulogne-Billancourt,Point du Jour,92,Ile-de-France,T2,Esprit Cristal,40.2,1.0,,C,253000.0,6294.0
V07874,Surface au sol,avr-2026,Montreuil,Bel-Air,93,Ile-de-France,Maison 4 pieces,Le Domaine Bellevue,89.7,2.0,0.0,C,306000.0,3411.0
V11290,Surface Carrez,janv-2026,Bobigny,Centre-ville,93,Ile-de-France,T4,Villa des Lilas,67.2,3.0,1.0,A,324000.0,4821.0
V10974,Surface Carrez,Libre immediatement,Argenteuil,Val d'Argent,95,Ile-de-France,T4,Villa Voltaire,115.7,,0.0,E,351000.0,3034.0
V00858,Surface Carrez,Libre immediatement,Paris,Belleville,75,Ile-de-France,T3,Carre Belvedere,61.9,1.0,1.0,E,526000.0,8498.0
V09816,Surface habitable,dec-2027,Paris,Belleville,75,Ile-de-France,T5,Le Hameau des Chenes,86.3,2.0,3.0,A,757000.0,8772.0
V07210,Surface utile,Libre immediatement,Evry-Courcouronnes,Les Pyramides,91,Ile-de-France,T2,,46.5,1.0,1.0,E,93000.0,2000.0
V00567,Surface Carrez,janv-2026,Bobigny,Abreuvoir,93,Ile-de-France,Maison 6 pieces,Le Hameau Bellevue,127.5,3.0,3.0,A,398000.0,3122.0
V04137,Surface utile,Libre immediatement,Paris,Saint-Germain-des-Pres,75,Ile-de-France,T4,Residence des Chenes,73.6,3.0,1.0,F,803000.0,10910.0
V04522,Surface habitable,janv-2028,Cergy,Cergy-Saint-Christophe,95,Ile-de-France,Maison 5 pieces,Le Clos des Chenes,108 - 127,4.0,0.0,A,341000.0,
V12864,Surface Carrez,fevr-2027,Saint-Denis,Grand Centre,93,Ile-de-France,T3,Le Hameau des Acacias,65.8,2.0,0.0,A,222000.0,3374.0
V11287,Surface Carrez,mars-2026,Paris,Champ-de-Mars,75,Ile-de-France,T4,Cour Belvedere,64.5,3.0,0.0,A,1006000.0,15597.0
V12923,Surface Carrez,Libre immediatement,Issy-les-Moulineaux,Fort d'Issy,92,Ile-de-France,T4,Esprit Latitude,88.2,3.0,1.0,E,598000.0,6780.0
V00647,Surface utile,Libre immediatement,Paris,Gobelins,75,Ile-de-France,T4,,74.6,3.0,,D,710000.0,9517.0
V09602,Surface habitable,Libre immediatement,Versailles,Porchefontaine,78,Ile-de-France,T3,Residence Opale,59.5,1.0,2.0,F,325000.0,5462.0
V09398,Surface habitable,Libre immediatement,Nanterre,Parc Sud,92,Ile-de-France,T4,Esprit Saint-Martin,102.1,3.0,1.0,D,648000.0,6347.0
V09902,Surface habitable,juil-2028,Montrouge,Centre,92,Ile-de-France,T4,Carre Beausejour,103.6,1.0,1.0,C,880000.0,8494.0
V03094,Surface Carrez,Libre immediatement,Paris,Montmartre,75,Ile-de-France,T4,Villa Latitude,81.7,1.0,0.0,D,608000.0,7442.0
V14212,Surface habitable,Libre immediatement,Montreuil,Mairie,93,Ile-de-France,T3,Les Jardins Latitude,58.5,2.0,2.0,D,204000.0,3487.0
V02544,Surface habitable,Libre immediatement,Paris,Belleville,75,Ile-de-France,T3,,69.7,1.0,0.0,C,465000.0,6671.0
V03007,Surface habitable,Libre immediatement,Boulogne-Billancourt,Parchamp,92,Ile-de-France,T1,Les Terrasses Belvedere,31,1.0,0.0,D,209000.0,6742.0
V11177,Surface habitable,Libre immediatement,Bobigny,Etoile,93,Ile-de-France,T3,,66.2,2.0,2.0,B,194000.0,2931.0
V09889,Surface Carrez,Libre immediatement,Nanterre,Universite,92,Ile-de-France,T4,,87.8,3.0,0.0,C,390000.0,4442.0
V13230,Surface Carrez,Libre immediatement,Paris,Le Marais,75,Ile-de-France,Maison 3 pieces,Residence Voltaire,63.2,2.0,0.0,D,695000.0,10997.0
V14008,Surface habitable,Libre immediatement,Argenteuil,Val d'Argent,95,Ile-de-France,T5,,102.9,3.0,1.0,C,256000.0,2488.0
V10880,Surface Carrez,nov-2028,Paris,Montmartre,75,Ile-de-France,T2,Carre Horizon,36.6,1.0,1.0,C,403000.0,11011.0
V04722,Surface utile,Libre immediatement,Paris,Porte de Clignancourt,75,Ile-de-France,T3,Le Parc Cristal,53.4,2.0,,C,328000.0,6142.0
V11600,Surface Carrez,Libre immediatement,Paris,Champ-de-Mars,75,Ile-de-France,T2,Cour Latitude,44.2,1.0,1.0,D,496000.0,11222.0
V05336,Surface habitable,Libre immediatement,Paris,Porte de Clignancourt,75,Ile-de-France,T3,,64.6,2.0,2.0,C,354000.0,5480.0
V05977,Surface Carrez,Libre immediatement,Paris,Batignolles,75,Ile-de-France,T3,,72.8,2.0,1.0,E,573000.0,7871.0
V04577,Surface Carrez,Libre immediatement,Paris,Le Marais,75,Ile-de-France,T3,Villa du Lac,72.5,1.0,0.0,C,734000.0,10124.0
V05126,Surface Carrez,Libre immediatement,Paris,Le Marais,75,Ile-de-France,T3,,55.6,1.0,0.0,C,702000.0,12626.0
V13857,Surface habitable,Libre immediatement,Antony,Les Baconnets,92,Ile-de-France,T4,Residence du Parc,84,,0.0,D,458000.0,5452.0
V00623,Surface utile,Libre immediatement,Meaux,Hopital,77,Ile-de-France,T4,Les Allees Symphonie,97.8,3.0,,F,139000.0,1421.0
V05693,Surface Carrez,Libre immediatement,Saint-Denis,Grand Centre,93,Ile-de-France,T5,Cour du Lac,125.7,3.0,0.0,F,417000.0,3317.0
V14087,Surface Carrez,Libre immediatement,Levallois-Perret,Eiffel,92,Ile-de-France,T3,Les Jardins Cristal,76.5,2.0,2.0,D,554000.0,7242.0
V14257,Surface Carrez,janv-2027,Boulogne-Billancourt,Parchamp,92,Ile-de-France,T4,Le Clos Horizon,76.8,3.0,1.0,B,921000.0,11992.0
V12307,Surface Carrez,Libre immediatement,Vitry-sur-Seine,Ardoines,94,Ile-de-France,T3,Residence des Acacias,84.2,1.0,1.0,C,337000.0,4002.0
V04968,Surface Carrez,Libre immediatement,Paris,Saint-Germain-des-Pres,75,Ile-de-France,T4,,62,3.0,2.0,C,785000.0,12661.0
V00091,Surface Carrez,Libre immediatement,Boulogne-Billancourt,Rives de Seine,92,Ile-de-France,T3,Le Hameau Verte,50.9,2.0,0.0,G,316000.0,6208.0
V00275,Surface Carrez,Libre immediatement,Issy-les-Moulineaux,Fort d'Issy,92,Ile-de-France,T2,,50.2,1.0,0.0,B,405000.0,8068.0
V07437,Surface Carrez,Libre immediatement,Paris,Batignolles,75,Ile-de-France,T1,Villa Bellevue,22.7,1.0,1.0,C,255000.0,11233.0
V02205,Surface habitable,Libre immediatement,Nanterre,Centre,92,Ile-de-France,T4,Le Hameau des Acacias,68.5,3.0,3.0,D,375000.0,5474.0
V01027,Surface habitable,Libre immediatement,Montreuil,Bel-Air,93,Ile-de-France,T6,Le Parc des Lilas,166.3,3.0,0.0,C,653000.0,3927.0
V10152,Surface Carrez,Libre immediatement,Saint-Denis,Franc-Moisin,93,Ile-de-France,T3,Les Allees Concorde,62.4,1.0,0.0,B,180000.0,2885.0
V08825,Surface Carrez,aout-2026,Issy-les-Moulineaux,Val de Seine,92,Ile-de-France,T3,Le Parc Latitude,68.1,1.0,0.0,A,557000.0,8179.0
V02858,Surface au sol,mai-2026,Massy,Opera,91,Ile-de-France,Maison 3 pieces,Les Terrasses Montaigne,52.2,2.0,0.0,,255000.0,4885.0
V02420,Surface habitable,mars-2028,Paris,Le Marais,75,Ile-de-France,T2,Carre des Lilas,38.2,1.0,1.0,C,440000.0,11518.0
V06222,Surface Carrez,Libre immediatement,Versailles,Saint-Louis,78,Ile-de-France,T6,Le Hameau Horizon,136.6,3.0,0.0,B,897000.0,6567.0
V03243,Surface au sol,Libre immediatement,Saint-Denis,Grand Centre,93,Ile-de-France,Maison 7 pieces,Cour des Lilas,247.1,4.0,1.0,C,690000.0,2792.0
V05747,Surface habitable,Libre immediatement,Montreuil,Mairie,93,Ile-de-France,T3,,56.4,1.0,1.0,F,270000.0,4787.0
V05867,Surface Carrez,mai-2028,Vitry-sur-Seine,Moulin-Vert,94,Ile-de-France,T2,Carre Bellevue,36,1.0,2.0,C,130000.0,3611.0
V09861,Surface Carrez,Libre immediatement,Paris,Le Marais,75,Ile-de-France,T3,Le Hameau des Acacias,54.1,1.0,1.0,G,459000.0,8484.0
V06842,Surface habitable,Libre immediatement,Boulogne-Billancourt,Rives de Seine,92,Ile-de-France,T4,,75.5,3.0,2.0,D,696000.0,9219.0
V14155,Surface Carrez,Libre immediatement,Paris,Buttes-Chaumont,75,Ile-de-France,T3,Le Domaine Beausejour,72.3,2.0,0.0,A,546000.0,7552.0
V12242,Surface Carrez,Libre immediatement,Paris,Porte de Clignancourt,75,Ile-de-France,T4,,93.2,3.0,0.0,B,833000.0,8938.0
V08165,Surface utile,oct-2026,Noisy-le-Grand,Mont d'Est,93,Ile-de-France,T4,Le Hameau Latitude,79.8,3.0,,A,462000.0,5789.0
V08161,Surface Carrez,Libre immediatement,Meaux,Beauval,77,Ile-de-France,Maison 4 pieces,Le Parc du Parc,82.8,2.0,0.0,F,137000.0,1655.0
V05235,Surface Carrez,Libre immediatement,Paris,Batignolles,75,Ile-de-France,T5,,110.9,1.0,0.0,E,999000.0,9008.0
V09206,Surface Carrez,Libre immediatement,Bobigny,Pont de Bondy,93,Ile-de-France,T5,,169.6,3.0,1.0,B,538000.0,3172.0
V10215,Surface utile,Libre immediatement,Paris,Champ-de-Mars,75,Ile-de-France,T5,,76.2,3.0,1.0,,995000.0,13058.0
V01828,Surface Carrez,Libre immediatement,Massy,Atlantis,91,Ile-de-France,T2,Le Domaine Horizon,49.2,1.0,1.0,C,181000.0,3679.0
V12160,Surface Carrez,Libre immediatement,Paris,Belleville,75,Ile-de-France,T3,Le Parc Cristal,68,2.0,2.0,C,529000.0,7779.0
V06261,Surface habitable,oct-2027,Boulogne-Billancourt,Rives de Seine,92,Ile-de-France,T4,Esprit Belvedere,86,3.0,0.0,C,871000.0,10128.0
V08099,Surface Carrez,avr-2029,Nanterre,Petit-Nanterre,92,Ile-de-France,T2,Le Domaine du Lac,37.7,1.0,0.0,A,204000.0,5411.0
V03310,Surface utile,Libre immediatement,Neuilly-sur-Seine,Bagatelle,92,Ile-de-France,T4,Villa Latitude,87.9,3.0,1.0,D,1015000.0,11547.0
V04844,Surface Carrez,Libre immediatement,Montreuil,Bel-Air,93,Ile-de-France,T5,,116.1,3.0,0.0,D,499000.0,4298.0
V04330,Surface habitable,Libre immediatement,Argenteuil,Orgemont,95,Ile-de-France,T4,Le Parc Beausejour,77,3.0,1.0,E,193000.0,2506.0
V04312,Surface Carrez,Libre immediatement,Aubervilliers,Landy,93,Ile-de-France,T1,Le Parc du Parc,24.1,1.0,1.0,D,95000.0,3942.0
V02569,Surface Carrez,Libre immediatement,Saint-Germain-en-Laye,Centre-Ville,78,Ile-de-France,T3,Carre Symphonie,51.1,2.0,1.0,C,358000.0,7006.0
V14432,Surface Carrez,Libre immediatement,Montreuil,Mairie,93,Ile-de-France,T3,Cour Belvedere,54.7,1.0,2.0,E,202000.0,3693.0
V08815,Surface Carrez,Libre immediatement,Paris,Saint-Germain-des-Pres,75,Ile-de-France,T1,Le Domaine Beausejour,41.4,1.0,1.0,,537000.0,12971.0
V02675,Surface Carrez,Libre immediatement,Creteil,Lac,94,Ile-de-France,T4,,87.4,1.0,0.0,D,423000.0,4840.0
V14460,Surface Carrez,Libre immediatement,Mantes-la-Jolie,Val Fourre,78,Ile-de-France,T2,,51.8,1.0,1.0,D,82000.0,1583.0
V04523,Surface au sol,Libre immediatement,Evry-Courcouronnes,Bois Sauvage,91,Ile-de-France,Maison 4 pieces,Esprit Symphonie,131.7,2.0,0.0,B,320000.0,2430.0
V05085,Surface Carrez,Libre immediatement,Massy,Atlantis,91,Ile-de-France,T2,Les Allees Riviera,45.4,1.0,1.0,C,148000.0,3260.0
V10571,Surface utile,Libre immediatement,Paris,Belleville,75,Ile-de-France,T4,Le Parc du Lac,81.1,3.0,0.0,G,530000.0,6535.0
V14971,Surface Carrez,Libre immediatement,Paris,Champ-de-Mars,75,Ile-de-France,T5,,111.7,2.0,1.0,E,1210000.0,10833.0
V01962,Surface utile,Libre immediatement,Paris,Belleville,75,Ile-de-France,T2,,30.9,1.0,0.0,E,214000.0,6926.0
V08371,Surface Carrez,aout-2027,Paris,Buttes-Chaumont,75,Ile-de-France,T3,Le Clos des Acacias,"72,1",2.0,0.0,B,691000.0,9584.0
V08935,Surface Carrez,mars-2028,Montrouge,Centre,92,Ile-de-France,T4,Cour du Lac,76,3.0,2.0,A,942000.0,12395.0
V09788,Surface utile,Libre immediatement,Paris,Porte de Clignancourt,75,Ile-de-France,T3,Les Allees Riviera,74.4,2.0,1.0,C,449000.0,6035.0
V03679,Surface utile,dec-2026,Montreuil,Ruffins,93,Ile-de-France,T3,Cour des Chenes,52.2,2.0,0.0,A,261000.0,5000.0
V08304,Surface habitable,Libre immediatement,Saint-Denis,Pleyel,93,Ile-de-France,T4,Les Terrasses du Parc,64.4,3.0,3.0,C,240000.0,3727.0
V11408,Surface habitable,Libre immediatement,Paris,Porte de Clignancourt,75,Ile-de-France,T2,,29.1,1.0,2.0,C,191000.0,6564.0
V14203,Surface Carrez,Libre immediatement,Massy,Vilmorin,91,Ile-de-France,T2,Le Clos Cristal,46.4,1.0,0.0,D,183000.0,3944.0
V06500,Surface au sol,Libre immediatement,Antony,Centre-Ville,92,Ile-de-France,Maison 4 pieces,Esprit Opale,81.3,3.0,0.0,E,353000.0,4342.0
V04300,Surface Carrez,oct-2027,Paris,Porte de Clignancourt,75,Ile-de-France,T2,Les Terrasses des Acacias,33.8,1.0,1.0,A,313000.0,9260.0
V07598,Surface Carrez,Libre immediatement,Nanterre,Parc Sud,92,Ile-de-France,T2,,38.2,1.0,1.0,G,178000.0,4660.0
V01613,Surface au sol,Libre immediatement,Ivry-sur-Seine,Ivry-Port,94,Ile-de-France,Maison 3 pieces,Le Clos des Chenes,71.8,1.0,1.0,B,342000.0,4763.0
V04314,Surface Carrez,Libre immediatement,Cergy,Cergy-le-Haut,95,Ile-de-France,Maison 5 pieces,,107.6,3.0,0.0,G,172000.0,1599.0
V08560,Surface habitable,Libre immediatement,Paris,Le Marais,75,Ile-de-France,T4,,67.6,1.0,1.0,E,805000.0,11908.0
V03860,Surface Carrez,Libre immediatement,Paris,Gobelins,75,Ile-de-France,T3,Les Jardins Beausejour,56.3,1.0,0.0,E,440000.0,7815.0
V13416,Surface Carrez,Libre immediatement,Meaux,Hopital,77,Ile-de-France,T3,Le Hameau Symphonie,62.9,1.0,0.0,B,184000.0,2925.0
V14658,Surface Carrez,mars-2027,Versailles,Notre-Dame,78,Ile-de-France,T4,Le Hameau Saint-Martin,116.7,1.0,0.0,B,993000.0,8509.0
V14428,Surface Carrez,Libre immediatement,Mantes-la-Jolie,Gassicourt,78,Ile-de-France,Maison 6 pieces,Carre Bellevue,177.1,4.0,0.0,D,399000.0,2253.0
V00970,Surface Carrez,sept-2029,Cergy,Cergy-Saint-Christophe,95,Ile-de-France,Maison 3 pieces,Le Parc d'Argent,82.7,1.0,0.0,A,209000.0,2527.0
V02575,Surface Carrez,Libre immediatement,Argenteuil,Val d'Argent,95,Ile-de-France,T4,,77.5,2.0,0.0,C,188000.0,2426.0
V02314,Surface Carrez,Libre immediatement,Montreuil,Croix de Chavaux,93,Ile-de-France,T3,Residence d'Argent,72.2,1.0,0.0,F,249000.0,3449.0
V00227,Surface Carrez,Libre immediatement,Aubervilliers,Centre,93,Ile-de-France,T3,,56.2,2.0,0.0,B,210000.0,3737.0
V09944,Surface Carrez,Libre immediatement,Paris,La Muette,75,Ile-de-France,T3,,47.2,2.0,1.0,D,500000.0,10593.0
V11705,Surface habitable,Libre immediatement,Neuilly-sur-Seine,Sablons,92,Ile-de-France,T6,,164.8,3.0,,D,1740000.0,10558.0
V00870,Surface Carrez,janv-2026,Paris,Le Marais,75,Ile-de-France,T6,Cour Voltaire,127.7,3.0,0.0,B,1551000.0,12146.0
V07629,Surface Carrez,Libre immediatement,Paris,Batignolles,75,Ile-de-France,T4,Carre des Lilas,99.1,3.0,0.0,C,914000.0,9223.0
V08057,Surface habitable,Libre immediatement,Paris,La Muette,75,Ile-de-France,T4,Carre des Lilas,76.7,2.0,2.0,D,842000.0,10978.0
V12103,Surface Carrez,mai-2027,Paris,Batignolles,75,Ile-de-France,T2,Le Domaine des Acacias,42.1,1.0,1.0,B,462000.0,10974.0
V13744,Surface au sol,Libre immediatement,Montreuil,Bas-Montreuil,93,Ile-de-France,Maison 4 pieces,Le Domaine Montaigne,101.9,1.0,0.0,D,327000.0,3209.0
V06055,Surface au sol,fevr-2029,Antony,Pajeaud,92,Ile-de-France,Maison 5 pieces,Le Domaine Latitude,125.7,2.0,0.0,A,798000.0,6348.0
V09446,Surface Carrez,Libre immediatement,Versailles,Porchefontaine,78,Ile-de-France,T3,,54.1,2.0,2.0,E,312000.0,5767.0
V12395,Surface habitable,Libre immediatement,Paris,Batignolles,75,Ile-de-France,T3,Les Jardins Latitude,76.4,2.0,2.0,C,573000.0,7500.0
V14192,Surface Carrez,Libre immediatement,Saint-Denis,Basilique,93,Ile-de-France,T4,,79.7,3.0,3.0,D,248000.0,3112.0
V01912,Surface Carrez,juil-2029,Creteil,Centre Ancien,94,Ile-de-France,T2,Esprit Latitude,40.4,1.0,0.0,B,208000.0,5149.0
V05090,Surface Carrez,avr-2027,Saint-Denis,La Plaine,93,Ile-de-France,T2,Esprit des Acacias,36,1.0,0.0,C,149000.0,4139.0
V08861,Surface habitable,Libre immediatement,Paris,Le Marais,75,Ile-de-France,T4,,105.4,3.0,1.0,D,1105000.0,10484.0
V02529,Surface au sol,dec-2028,Evry-Courcouronnes,Le Canal,91,Ile-de-France,Maison 3 pieces,Le Clos Concorde,59.3,2.0,0.0,B,174000.0,2934.0
V03162,Surface Carrez,Libre immediatement,Paris,Champ-de-Mars,75,Ile-de-France,T5,Esprit Saint-Martin,141.4,3.0,0.0,D,2487000.0,17588.0
V05506,Surface habitable,nov-2027,Vitry-sur-Seine,Centre-Ville,94,Ile-de-France,T3,Villa d'Argent,54.7,1.0,1.0,B,290000.0,5302.0
V12011,Surface Carrez,Libre immediatement,Paris,Gobelins,75,Ile-de-France,T2,Esprit Verte,71.2,1.0,1.0,E,549000.0,7711.0
V12952,Surface habitable,Libre immediatement,Noisy-le-Grand,Champy,93,Ile-de-France,T1,,32.5,1.0,1.0,D,105000.0,3231.0
V06652,Surface au sol,aout-2029,Evry-Courcouronnes,Le Canal,91,Ile-de-France,Maison 4 pieces,Esprit Symphonie,102.4,3.0,1.0,A,334000.0,3262.0
V05029,Surface habitable,Libre immediatement,Paris,Champ-de-Mars,75,Ile-de-France,T3,,62.3,2.0,0.0,E,657000.0,10546.0
V07387,Surface Carrez,Libre immediatement,Boulogne-Billancourt,Centre-Ville,92,Ile-de-France,T4,Le Clos Montaigne,80.9,3.0,1.0,C,593000.0,7330.0
V11625,Surface Carrez,Libre immediatement,Aubervilliers,Landy,93,Ile-de-France,T3,,62.9,1.0,1.0,E,181000.0,2878.0
V08116,Surface utile,juin-2027,Meaux,Beauval,77,Ile-de-France,T4,Le Domaine d'Argent,81,2.0,0.0,A,182000.0,2247.0
V06818,Surface habitable,Libre immediatement,Saint-Denis,Basilique,93,Ile-de-France,T4,Les Allees Belvedere,91.6,3.0,1.0,E,351000.0,3832.0
V01358,Surface habitable,Libre immediatement,Boulogne-Billancourt,Rives de Seine,92,Ile-de-France,T3,Cour des Lilas,56.7,1.0,2.0,,559000.0,9859.0
V12043,Surface Carrez,mars-2028,Vincennes,Bois de Vincennes,94,Ile-de-France,T1,Residence du Lac,32.3,1.0,0.0,B,250000.0,7740.0
V11579,Surface Carrez,nov-2027,Boulogne-Billancourt,Billancourt,92,Ile-de-France,T3,Le Domaine Voltaire,47.7,2.0,2.0,B,476000.0,9979.0
V05163,Surface Carrez,Libre immediatement,Paris,Belleville,75,Ile-de-France,T3,Esprit Verte,75.5,1.0,1.0,C,583000.0,7722.0
V02029,Surface habitable,nov-2026,Creteil,Lac,94,Ile-de-France,T2,Cour des Chenes,32.3,1.0,0.0,C,148000.0,4582.0
V05619,Surface Carrez,Libre immediatement,Cergy,Cergy-Prefecture,95,Ile-de-France,T4,,87.4,,0.0,C,201000.0,2300.0
V03439,Surface Carrez,Libre immediatement,Trappes,Plaine de Neauphle,78,Ile-de-France,T4,,76,3.0,1.0,D,204000.0,2684.0
V13147,Surface utile,Libre immediatement,Paris,La Muette,75,Ile-de-France,T3,Les Terrasses Concorde,61.2,2.0,0.0,A,895000.0,14624.0
V02915,Surface Carrez,aout-2026,Levallois-Perret,Eiffel,92,Ile-de-France,T6,Les Jardins Voltaire,124.2,2.0,,A,1386000.0,11159.0
V11541,Surface utile,Libre immediatement,Saint-Denis,Basilique,93,Ile-de-France,T1,Les Jardins Belvedere,27.4,1.0,,E,76000.0,2774.0
V14025,Surface Carrez,Libre immediatement,Paris,Buttes-Chaumont,75,Ile-de-France,T3,,64.6,2.0,2.0,D,444000.0,6873.0
V11889,Surface habitable,oct-2027,Issy-les-Moulineaux,Les Epinettes,92,Ile-de-France,T5,Les Jardins du Lac,85.4,2.0,0.0,B,661000.0,7740.0
V12737,Surface Carrez,Libre immediatement,Paris,Batignolles,75,Ile-de-France,T5,,115.5,3.0,1.0,E,992000.0,8589.0
V04732,Surface habitable,Libre immediatement,Paris,Champ-de-Mars,75,Ile-de-France,T3,,79,2.0,0.0,D,947000.0,11987.0
V07932,Surface Carrez,Libre immediatement,Montreuil,Croix de Chavaux,93,Ile-de-France,T2,Esprit Belvedere,36.7,1.0,0.0,C,166000.0,4523.0
V12327,Surface habitable,Libre immediatement,Paris,Belleville,75,Ile-de-France,T5,,79.6,3.0,2.0,A,748000.0,9397.0
V08392,Surface Carrez,oct-2029,Boulogne-Billancourt,Parchamp,92,Ile-de-France,T5,Les Jardins Verte,112.9,2.0,2.0,C,1082000.0,9584.0
V05226,Surface Carrez,Libre immediatement,Argenteuil,Orgemont,95,Ile-de-France,T3,Les Jardins Horizon,63,1.0,1.0,C,146000.0,2317.0
V11148,Surface habitable,Libre immediatement,Paris,Montmartre,75,Ile-de-France,T3,,73.2,2.0,1.0,C,730000.0,9973.0
V14309,Surface Carrez,Libre immediatement,Paris,La Muette,75,Ile-de-France,T3,,81.5,2.0,1.0,D,959000.0,11767.0
V09407,Surface Carrez,Libre immediatement,Bobigny,Centre-ville,93,Ile-de-France,T3,Residence Riviera,70.3,2.0,0.0,B,324000.0,4609.0
V08914,Surface habitable,Libre immediatement,Aubervilliers,Villette-Quatre-Chemins,93,Ile-de-France,T2,Les Allees Riviera,39.1,1.0,1.0,,126000.0,3223.0
V02425,Surface Carrez,Libre immediatement,Montreuil,Bel-Air,93,Ile-de-France,T4,Le Domaine du Lac,106.5,1.0,3.0,B,410000.0,3850.0
V07287,Surface Carrez,Libre immediatement,Bobigny,Pont de Bondy,93,Ile-de-France,T3,,59.2,2.0,2.0,E,149000.0,2517.0
V07837,Surface Carrez,aout-2027,Meaux,Hopital,77,Ile-de-France,T2,Les Allees Riviera,30.5,1.0,0.0,A,91000.0,2984.0
V08037,Surface habitable,Libre immediatement,Boulogne-Billancourt,Billancourt,92,Ile-de-France,T4,,72.2,3.0,2.0,D,586000.0,8116.0
V10874,Surface habitable,Libre immediatement,Paris,Montmartre,75,Ile-de-France,T2,,35.9,1.0,1.0,G,330000.0,9192.0
V07827,Surface utile,Libre immediatement,Noisy-le-Grand,Mont d'Est,93,Ile-de-France,T3,Le Clos d'Argent,76.4,2.0,1.0,D,301000.0,3940.0
V14633,Surface Carrez,Libre immediatement,Levallois-Perret,Centre,92,Ile-de-France,T2,,57.2,1.0,1.0,F,416000.0,7273.0
V09536,Surface Carrez,Libre immediatement,Melun,Centre-Ville,77,Ile-de-France,T2,Esprit Voltaire,37.1,1.0,1.0,C,110000.0,2965.0
V13633,Surface Carrez,Libre immediatement,Trappes,Plaine de Neauphle,78,Ile-de-France,T2,Le Hameau des Acacias,57.7,1.0,0.0,D,119000.0,2062.0
V06782,Surface habitable,Libre immediatement,Argenteuil,Orgemont,95,Ile-de-France,T5,,84.1,3.0,1.0,C,250000.0,2973.0
V13862,Surface Carrez,Libre immediatement,Vincennes,Bois de Vincennes,94,Ile-de-France,T6,,141.8,3.0,0.0,D,1010000.0,7123.0
V09871,Surface utile,Libre immediatement,Vincennes,Domaine du Bois,94,Ile-de-France,T4,Les Allees Symphonie,90.4,2.0,1.0,F,544000.0,6018.0
V11413,Surface habitable,Libre immediatement,Ivry-sur-Seine,Centre-Ville,94,Ile-de-France,T2,Le Hameau Riviera,40.2,1.0,0.0,,196000.0,4876.0
V13365,Surface habitable,mars-2027,Paris,Montmartre,75,Ile-de-France,T2,Les Terrasses Saint-Martin,60.9,1.0,1.0,C,786000.0,12906.0
V01339,Surface habitable,Libre immediatement,Paris,Buttes-Chaumont,75,Ile-de-France,T3,Le Clos Concorde,68.4,1.0,1.0,D,502000.0,7339.0
V07417,Surface Carrez,Libre immediatement,Paris,Belleville,75,Ile-de-France,T2,Carre Belvedere,46.2,1.0,1.0,C,379000.0,8203.0
V05455,Surface Carrez,aout-2029,Paris,Gobelins,75,Ile-de-France,T1,Le Domaine Bellevue,23.2,1.0,1.0,C,232000.0,10000.0
V05116,Surface Carrez,sept-2028,Boulogne-Billancourt,Point du Jour,92,Ile-de-France,T1,Le Domaine du Parc,29.7,1.0,0.0,C,242000.0,8148.0
V11548,Surface Carrez,Libre immediatement,Paris,Batignolles,75,Ile-de-France,T3,,73,1.0,0.0,E,564000.0,7726.0
V05065,Surface utile,Libre immediatement,Paris,Le Marais,75,Ile-de-France,T5,Carre Horizon,102.2,2.0,0.0,E,979000.0,9579.0
V11602,Surface Carrez,Libre immediatement,Paris,Montmartre,75,Ile-de-France,T2,,48.2,1.0,1.0,D,407000.0,8444.0
V03016,Surface utile,fevr-2028,Cergy,Cergy-Saint-Christophe,95,Ile-de-France,Maison 3 pieces,Le Hameau Belvedere,72.7,2.0,2.0,C,175000.0,2407.0
V01930,Surface utile,Libre immediatement,Paris,Bercy,75,Ile-de-France,T3,Le Hameau Cristal,84.8,2.0,1.0,D,760000.0,8962.0
V08380,Surface Carrez,avr-2027,Trappes,Plaine de Neauphle,78,Ile-de-France,T2,Villa d'Argent,40.2,1.0,2.0,B,150000.0,3731.0
V02188,Surface Carrez,Libre immediatement,Paris,Vaugirard,75,Ile-de-France,T3,,60.1,2.0,2.0,E,487000.0,8103.0
V09374,Surface habitable,Libre immediatement,Cergy,Cergy-le-Haut,95,Ile-de-France,T3,,76.8,1.0,1.0,C,227000.0,2956.0
V00941,Surface Carrez,Libre immediatement,Nanterre,Petit-Nanterre,92,Ile-de-France,T4,,92,2.0,0.0,D,342000.0,3717.0
V04779,Surface Carrez,Libre immediatement,Bobigny,Abreuvoir,93,Ile-de-France,Maison 5 pieces,,139.1,1.0,0.0,B,332000.0,2387.0
V01600,Surface Carrez,Libre immediatement,Paris,Gobelins,75,Ile-de-France,T5,Le Hameau Concorde,98.1,1.0,1.0,C,918000.0,9358.0
V08681,Surface Carrez,Libre immediatement,Boulogne-Billancourt,Parchamp,92,Ile-de-France,T3,Villa Belvedere,72.1,2.0,0.0,B,645000.0,8946.0
V03136,Surface Carrez,Libre immediatement,Trappes,Sand-Pergaud-Verlaine,78,Ile-de-France,T4,Les Allees Belvedere,75.3,2.0,1.0,C,214000.0,2842.0
V02000,Surface Carrez,Libre immediatement,Paris,Saint-Germain-des-Pres,75,Ile-de-France,T3,Le Domaine Concorde,55.5,2.0,0.0,D,642000.0,11568.0
V13348,Surface Carrez,Libre immediatement,Paris,Vaugirard,75,Ile-de-France,T3,,64.7,2.0,0.0,C,537000.0,8300.0
V04907,Surface habitable,Libre immediatement,Paris,Belleville,75,Ile-de-France,T5,Esprit Cristal,135.8,3.0,,C,1029000.0,7577.0
V02773,Surface Carrez,mai-2029,Paris,Bercy,75,Ile-de-France,T3,Le Hameau du Lac,89.1,1.0,2.0,B,1040000.0,11672.0
V02377,Surface habitable,Libre immediatement,Paris,Porte de Clignancourt,75,Ile-de-France,T3,,55.2,2.0,1.0,E,339000.0,6141.0
V09376,Surface Carrez,Libre immediatement,Paris,Champ-de-Mars,75,Ile-de-France,T4,Les Terrasses Belvedere,78.2,2.0,0.0,C,1206000.0,15422.0
V09522,Surface utile,Libre immediatement,Paris,Buttes-Chaumont,75,Ile-de-France,T2,Esprit Symphonie,42.6,1.0,1.0,D,224000.0,5258.0
V12571,Surface Carrez,Libre immediatement,Paris,Batignolles,75,Ile-de-France,T2,,46,1.0,2.0,E,333000.0,7239.0
V04761,Surface habitable,aout-2026,Paris,Champ-de-Mars,75,Ile-de-France,T3,Le Parc Montaigne,645 pi2,1.0,0.0,B,885000.0,
V11423,Surface habitable,Libre immediatement,Saint-Denis,La Plaine,93,Ile-de-France,T2,Le Hameau Opale,35,1.0,2.0,C,123000.0,3514.0
V08431,Surface Carrez,Libre immediatement,Paris,La Muette,75,Ile-de-France,T2,Le Domaine Beausejour,38.9,1.0,1.0,A,494000.0,12699.0
V01537,Surface Carrez,Libre immediatement,Paris,Montmartre,75,Ile-de-France,T2,,66.7,1.0,2.0,E,654000.0,9805.0
V06004,Surface Carrez,mai-2026,Paris,La Muette,75,Ile-de-France,T3,Les Terrasses Saint-Martin,72.4,2.0,0.0,B,1084000.0,14972.0
V02521,Surface habitable,Libre immediatement,Issy-les-Moulineaux,Corentin Celton,92,Ile-de-France,T1,,17.5,1.0,1.0,D,147000.0,8400.0
V05853,Surface Carrez,Libre immediatement,Vitry-sur-Seine,Port-a-l'Anglais,94,Ile-de-France,T1,,28.9,1.0,0.0,G,104000.0,3599.0
V13750,Surface habitable,Libre immediatement,Vincennes,Centre-Ville,94,Ile-de-France,T5,Le Hameau Cristal,125.3,3.0,3.0,C,896000.0,7151.0
V12437,Surface Carrez,oct-2027,Massy,Atlantis,91,Ile-de-France,T2,Le Hameau des Chenes,42.6,1.0,1.0,C,192000.0,4507.0
V14346,Surface Carrez,juil-2027,Paris,Montmartre,75,Ile-de-France,T5,Les Jardins des Acacias,76.1,3.0,0.0,A,873000.0,11472.0
V10600,Surface Carrez,janv-2027,Vincennes,Republique,94,Ile-de-France,T2,Carre Bellevue,33.3,1.0,2.0,C,292000.0,8769.0
V05820,Surface Carrez,Libre immediatement,Cergy,Cergy-Prefecture,95,Ile-de-France,,Le Clos des Chenes,523 pi2,1.0,0.0,B,118000.0,
V11504,Surface Carrez,juin-2027,Paris,Belleville,75,Ile-de-France,T3,Villa Voltaire,62.3,1.0,1.0,C,514000.0,8250.0
V01393,Surface Carrez,Libre immediatement,Montreuil,Bas-Montreuil,93,Ile-de-France,T1,Le Domaine Opale,24.4,1.0,0.0,E,127000.0,5205.0
V03361,Surface Carrez,Libre immediatement,Saint-Germain-en-Laye,Centre-Ville,78,Ile-de-France,T3,Le Hameau d'Argent,58.1,1.0,0.0,G,374000.0,6437.0
V05653,Surface Carrez,Libre immediatement,Boulogne-Billancourt,Rives de Seine,92,Ile-de-France,T5,Les Jardins Concorde,128.3,3.0,3.0,D,1163000.0,9065.0
V13705,Surface Carrez,Libre immediatement,Paris,Bercy,75,Ile-de-France,T2,,52.4,1.0,0.0,F,338000.0,6450.0
V03112,Surface Carrez,Libre immediatement,Paris,Champ-de-Mars,75,Ile-de-France,T3,,47.6,2.0,2.0,C,639000.0,13424.0
V02266,Surface Carrez,Libre immediatement,Paris,Le Marais,75,Ile-de-France,T3,Le Domaine Latitude,77.4,2.0,0.0,D,846000.0,10930.0
V08155,Surface Carrez,Libre immediatement,Saint-Germain-en-Laye,Centre-Ville,78,Ile-de-France,T4,Le Hameau Voltaire,74.5,3.0,2.0,C,471000.0,6322.0
V07160,Surface Carrez,Libre immediatement,Paris,Champ-de-Mars,75,Ile-de-France,T4,,105.1,3.0,3.0,D,1409000.0,13406.0
V04135,Surface Carrez,Libre immediatement,Paris,Batignolles,75,Ile-de-France,T3,Le Parc Belvedere,80.9,2.0,0.0,B,715000.0,8838.0
V10876,Surface Carrez,Libre immediatement,Mantes-la-Jolie,Val Fourre,78,Ile-de-France,Maison 5 pieces,,124,2.0,0.0,D,246000.0,1984.0
V03694,Surface Carrez,Libre immediatement,Montreuil,Bas-Montreuil,93,Ile-de-France,T6,Residence Symphonie,202.7,3.0,1.0,D,901000.0,4445.0
V13782,Surface utile,Libre immediatement,Versailles,Notre-Dame,78,Ile-de-France,T3,Les Terrasses Saint-Martin,55.1,2.0,1.0,C,318000.0,5771.0
V09604,Surface Carrez,janv-2026,Versailles,Chantiers,78,Ile-de-France,T4,Carre des Chenes,86.3,1.0,1.0,B,587000.0,6802.0
V06957,Surface habitable,Libre immediatement,Versailles,Montreuil,78,Ile-de-France,T1,,31.9,1.0,1.0,F,123000.0,3856.0
V11653,Surface Carrez,Libre immediatement,Argenteuil,Orgemont,95,Ile-de-France,T3,,69.5,2.0,1.0,D,209000.0,3007.0
V14325,Surface habitable,Libre immediatement,Paris,Montmartre,75,Ile-de-France,T4,,75,3.0,2.0,D,748000.0,9973.0
V10410,Surface Carrez,Libre immediatement,Massy,Villaine,91,Ile-de-France,T4,Esprit Symphonie,100.2,3.0,1.0,E,297000.0,2964.0
V14284,Surface habitable,nov-2028,Issy-les-Moulineaux,Fort d'Issy,92,Ile-de-France,T4,Le Clos Beausejour,100.9,1.0,,B,910000.0,9019.0
V05697,Surface Carrez,Libre immediatement,Paris,Gobelins,75,Ile-de-France,T6,Le Parc Montaigne,157.8,3.0,1.0,D,1623000.0,10285.0
V04476,Surface Carrez,Libre immediatement,Aubervilliers,Fort d'Aubervilliers,93,Ile-de-France,T3,Le Domaine Concorde,49.9,2.0,0.0,D,142000.0,2846.0
V12708,Surface Carrez,mai-2027,Vincennes,Republique,94,Ile-de-France,T2,Residence des Chenes,42.6,1.0,,A,293000.0,6878.0
V06443,Surface au sol,Libre immediatement,Creteil,Mont-Mesly,94,Ile-de-France,Maison 6 pieces,Carre Belvedere,154.2,4.0,0.0,E,506000.0,3281.0
V04587,Surface Carrez,Libre immediatement,Montreuil,Bel-Air,93,Ile-de-France,T3,,66.4,2.0,1.0,E,217000.0,3268.0
V05900,Surface Carrez,Libre immediatement,Paris,Vaugirard,75,Ile-de-France,T2,,37.4,1.0,2.0,C,300000.0,8021.0
V02450,Surface habitable,Libre immediatement,Paris,Porte de Clignancourt,75,Ile-de-France,T3,Esprit Horizon,84.5,2.0,0.0,C,450000.0,5325.0
V13664,Surface Carrez,Libre immediatement,Aubervilliers,Centre,93,Ile-de-France,T4,Le Hameau Opale,102.2,3.0,2.0,E,330000.0,3229.0
V01840,Surface Carrez,Libre immediatement,Paris,Bercy,75,Ile-de-France,T3,,53.1,2.0,2.0,C,498000.0,9379.0
V09749,Surface Carrez,nov-2027,Paris,Saint-Germain-des-Pres,75,Ile-de-France,T4,Esprit Concorde,83,1.0,3.0,A,1640000.0,19759.0
V08962,Surface habitable,Libre immediatement,Paris,Saint-Germain-des-Pres,75,Ile-de-France,T2,,56.7,1.0,1.0,C,837000.0,14762.0
V01915,Surface Carrez,Libre immediatement,Montrouge,Ferry-Jaures,92,Ile-de-France,T3,Le Domaine Concorde,67.2,2.0,0.0,B,500000.0,7440.0
V11594,Surface Carrez,Libre immediatement,Levallois-Perret,Front de Seine,92,Ile-de-France,T3,Esprit Horizon,71.2,2.0,2.0,C,713000.0,10014.0
V07626,Surface utile,Libre immediatement,Saint-Germain-en-Laye,Bel-Air,78,Ile-de-France,T1,Residence Riviera,22.9,1.0,1.0,D,162000.0,7074.0
V03342,Surface utile,Libre immediatement,Saint-Germain-en-Laye,Centre-Ville,78,Ile-de-France,T3,,51.8,1.0,0.0,D,292000.0,5637.0
V12101,Surface Carrez,janv-2027,Paris,Bercy,75,Ile-de-France,T1,Esprit Belvedere,21.5,1.0,0.0,B,231000.0,10744.0
V11979,Surface Carrez,Libre immediatement,Paris,Champ-de-Mars,75,Ile-de-France,T2,Le Domaine Riviera,37.4,1.0,1.0,E,418000.0,11176.0
V05415,Surface Carrez,Libre immediatement,Creteil,Centre Ancien,94,Ile-de-France,T4,,66.5,3.0,2.0,C,262000.0,3940.0
V12989,Surface Carrez,Libre immediatement,Nanterre,Centre,92,Ile-de-France,T2,,49.8,1.0,,E,230000.0,4618.0
V07533,Surface Carrez,Libre immediatement,Versailles,Montreuil,78,Ile-de-France,Maison 5 pieces,Residence Cristal,126.3,2.0,0.0,E,644000.0,5099.0
V07192,Surface Carrez,Libre immediatement,Paris,Champ-de-Mars,75,Ile-de-France,T2,,53.1,1.0,1.0,E,574000.0,10810.0
V09961,Surface habitable,Libre immediatement,Cergy,Axe Majeur,95,Ile-de-France,T6,Le Domaine Belvedere,184.7,3.0,1.0,A,525000.0,2842.0
V02349,Surface Carrez,Libre immediatement,Paris,Buttes-Chaumont,75,Ile-de-France,T4,,101.2,2.0,1.0,D,774000.0,7648.0
V06625,Surface Carrez,fevr-2026,Ivry-sur-Seine,Ivry-Port,94,Ile-de-France,T3,Les Terrasses des Chenes,91.9,2.0,0.0,B,456000.0,4962.0
V00511,Surface Carrez,Libre immediatement,Versailles,Porchefontaine,78,Ile-de-France,T5,,105,3.0,1.0,C,603000.0,5743.0
V01768,Surface Carrez,Libre immediatement,Paris,Champ-de-Mars,75,Ile-de-France,T4,Le Parc Riviera,76.9,3.0,1.0,D,1227000.0,15956.0
V06850,Surface Carrez,Libre immediatement,Vitry-sur-Seine,Moulin-Vert,94,Ile-de-France,T1,Les Jardins Bellevue,25.7,1.0,0.0,A,100000.0,3891.0
V09481,Surface Carrez,Libre immediatement,Levallois-Perret,Front de Seine,92,Ile-de-France,T2,,45.5,1.0,0.0,D,374000.0,8220.0
V14456,Surface Carrez,Libre immediatement,Levallois-Perret,Centre,92,Ile-de-France,T3,Carre Opale,89.2,2.0,1.0,A,859000.0,9630.0
V00703,Surface habitable,mai-2028,Paris,Saint-Germain-des-Pres,75,Ile-de-France,T2,Le Parc Belvedere,63,1.0,0.0,B,1019000.0,16175.0
V00977,Surface Carrez,Libre immediatement,Paris,Batignolles,75,Ile-de-France,T4,,66.2,2.0,1.0,B,586000.0,8852.0
V09130,Surface habitable,Libre immediatement,Vitry-sur-Seine,Ardoines,94,Ile-de-France,T4,Esprit Bellevue,99.6,3.0,1.0,D,356000.0,3574.0
V08305,Surface Carrez,Libre immediatement,Paris,Belleville,75,Ile-de-France,T3,Les Jardins du Lac,69.3,1.0,2.0,E,539000.0,7778.0
V02724,Surface Carrez,Libre immediatement,Paris,Champ-de-Mars,75,Ile-de-France,T2,,38.8,1.0,0.0,B,422000.0,10876.0
V07181,Surface habitable,Libre immediatement,Paris,Batignolles,75,Ile-de-France,Maison 4 pieces,Les Jardins Latitude,103.1,1.0,1.0,E,708000.0,6867.0
V09791,Surface Carrez,sept-2027,Paris,La Muette,75,Ile-de-France,T5,Le Clos Voltaire,136.4,3.0,0.0,A,2518000.0,18460.0
V03716,Surface utile,Libre immediatement,Saint-Germain-en-Laye,Hopital,78,Ile-de-France,T4,Le Clos Beausejour,89.8,3.0,0.0,E,532000.0,5924.0
V02954,Surface habitable,Libre immediatement,Neuilly-sur-Seine,Saint-James,92,Ile-de-France,T4,Les Jardins Bellevue,68.4,3.0,2.0,E,623000.0,9108.0
V08488,Surface habitable,Libre immediatement,Montreuil,Croix de Chavaux,93,Ile-de-France,T2,Les Allees Concorde,52.7,1.0,1.0,E,244000.0,4630.0
V08146,Surface Carrez,Libre immediatement,Mantes-la-Jolie,Val Fourre,78,Ile-de-France,T4,,134,3.0,0.0,E,274000.0,2045.0
V06655,Surface Carrez,Libre immediatement,Paris,Batignolles,75,Ile-de-France,T4,,104.1,3.0,1.0,,822000.0,7896.0
V11862,Surface Carrez,Libre immediatement,Issy-les-Moulineaux,Fort d'Issy,92,Ile-de-France,T3,Esprit Belvedere,56,1.0,0.0,E,338000.0,6036.0
V03774,Surface Carrez,Libre immediatement,Paris,Montmartre,75,Ile-de-France,T3,,47.5,1.0,1.0,D,379000.0,7979.0
V10183,Surface Carrez,Libre immediatement,Saint-Denis,Pleyel,93,Ile-de-France,T2,,35.5,1.0,2.0,F,112000.0,3155.0
V07969,Surface Carrez,Libre immediatement,Antony,Croix de Berny,92,Ile-de-France,T5,Le Parc Belvedere,128.3,3.0,0.0,D,586000.0,4567.0
V04814,Surface Carrez,dec-2027,Paris,Le Marais,75,Ile-de-France,T1,Le Parc Riviera,21.5,1.0,1.0,B,290000.0,13488.0
V06565,Surface Carrez,Libre immediatement,Paris,Saint-Germain-des-Pres,75,Ile-de-France,T1,Les Allees des Chenes,25.9,1.0,0.0,D,349000.0,13475.0
V00191,Surface Carrez,Libre immediatement,Noisy-le-Grand,Centre-ville,93,Ile-de-France,T3,Cour Opale,71.2,1.0,0.0,,234000.0,3287.0
V10755,Surface Carrez,Libre immediatement,Saint-Denis,Grand Centre,93,Ile-de-France,T2,,34.5,1.0,2.0,C,91000.0,2638.0
V13601,Surface Carrez,janv-2028,Bobigny,Abreuvoir,93,Ile-de-France,T2,Les Terrasses Horizon,35.8,1.0,0.0,B,126000.0,3520.0
V05132,Surface utile,Libre immediatement,Saint-Denis,Pleyel,93,Ile-de-France,T3,,73.1,2.0,1.0,D,280000.0,3830.0
V06840,Surface Carrez,fevr-2028,Paris,Belleville,75,Ile-de-France,T4,Le Domaine d'Argent,91,2.0,0.0,A,915000.0,10055.0
V12700,Surface Carrez,mars-2026,Paris,Saint-Germain-des-Pres,75,Ile-de-France,T4,Villa Riviera,70.1,3.0,3.0,B,1179000.0,16819.0
V03345,Surface Carrez,Libre immediatement,Paris,La Muette,75,Ile-de-France,T3,,62.4,2.0,,E,732000.0,11731.0
V14586,Surface Carrez,Libre immediatement,Meaux,Beauval,77,Ile-de-France,T2,,53,1.0,0.0,D,95000.0,1792.0
V02830,Surface Carrez,Libre immediatement,Nanterre,Petit-Nanterre,92,Ile-de-France,T3,,64,2.0,2.0,G,177000.0,2766.0
V06789,Surface Carrez,Libre immediatement,Paris,Champ-de-Mars,75,Ile-de-France,T1,Les Terrasses Latitude,25.1,1.0,0.0,C,339000.0,13506.0
V01091,Surface Carrez,Libre immediatement,Saint-Denis,La Plaine,93,Ile-de-France,T2,Les Jardins du Lac,39.1,1.0,,C,138000.0,3529.0
V01804,Surface Carrez,mai-2027,Paris,Gobelins,75,Ile-de-France,T3,Le Hameau Opale,70.2,2.0,,C,713000.0,10157.0
V00383,Surface Carrez,Libre immediatement,Paris,Gobelins,75,Ile-de-France,T3,Les Terrasses du Parc,82.2,2.0,1.0,D,921000.0,11204.0
V00806,Surface Carrez,Libre immediatement,Saint-Denis,Grand Centre,93,Ile-de-France,T1,,28.1,1.0,1.0,B,70000.0,2491.0
V00976,Surface utile,Libre immediatement,Paris,Saint-Germain-des-Pres,75,Ile-de-France,T5,Esprit Montaigne,103.4,3.0,0.0,D,1121000.0,10841.0
V04841,Surface Carrez,Libre immediatement,Saint-Denis,Franc-Moisin,93,Ile-de-France,T3,Les Terrasses Verte,50,1.0,2.0,C,139000.0,2780.0
V13271,Surface habitable,Libre immediatement,Issy-les-Moulineaux,Val de Seine,92,Ile-de-France,T2,Le Parc Saint-Martin,57.7,1.0,2.0,D,489000.0,8475.0
V12556,Surface utile,Libre immediatement,Paris,Buttes-Chaumont,75,Ile-de-France,T1,,25.3,1.0,1.0,G,147000.0,5810.0
V08477,Surface Carrez,Libre immediatement,Montreuil,Croix de Chavaux,93,Ile-de-France,Maison 5 pieces,,159.4,4.0,0.0,D,555000.0,3482.0
V06737,Surface utile,Libre immediatement,Bobigny,Abreuvoir,93,Ile-de-France,T4,,140,3.0,,B,364000.0,2600.0
V12926,Surface Carrez,dec-2026,Paris,Champ-de-Mars,75,Ile-de-France,T2,Villa Riviera,45.7,1.0,1.0,A,687000.0,15033.0
V00335,Surface Carrez,Libre immediatement,Paris,Vaugirard,75,Ile-de-France,T2,Les Allees Opale,37.2,1.0,1.0,C,320000.0,8602.0
V08637,Surface Carrez,Libre immediatement,Boulogne-Billancourt,Point du Jour,92,Ile-de-France,T3,Le Domaine Opale,92.8,2.0,1.0,D,597000.0,6433.0
V02717,Surface Carrez,Libre immediatement,Melun,Saint-Aspais,77,Ile-de-France,T3,,65.2,2.0,2.0,D,154000.0,2362.0
V01610,Surface Carrez,Libre immediatement,Paris,Bercy,75,Ile-de-France,T5,Residence des Chenes,89.8,3.0,1.0,D,901000.0,10033.0
V13661,Surface Carrez,Libre immediatement,Paris,Vaugirard,75,Ile-de-France,T5,Residence Saint-Martin,141.5,3.0,2.0,G,891000.0,6297.0
V11170,Surface utile,mai-2026,Paris,Saint-Germain-des-Pres,75,Ile-de-France,T2,Carre Concorde,41.9,1.0,1.0,B,657000.0,15680.0
V10156,Surface Carrez,juil-2027,Issy-les-Moulineaux,Val de Seine,92,Ile-de-France,T2,Le Hameau Voltaire,44.5,1.0,2.0,B,439000.0,9865.0
V01903,Surface utile,Libre immediatement,Issy-les-Moulineaux,Corentin Celton,92,Ile-de-France,T3,Esprit Verte,48.1,1.0,0.0,C,321000.0,6674.0
V07073,Surface habitable,Libre immediatement,Paris,Montmartre,75,Ile-de-France,T1,Le Parc Belvedere,22.6,1.0,0.0,E,196000.0,8673.0
V05596,Surface habitable,juin-2027,Boulogne-Billancourt,Rives de Seine,92,Ile-de-France,T3,Le Hameau Opale,58.8,2.0,1.0,A,597000.0,10153.0
V00993,Surface Carrez,Libre immediatement,Trappes,Plaine de Neauphle,78,Ile-de-France,T5,,110.3,3.0,0.0,C,295000.0,2675.0
V01254,Surface habitable,Libre immediatement,Paris,Saint-Germain-des-Pres,75,Ile-de-France,T2,Les Allees Saint-Martin,35.5,1.0,2.0,D,421000.0,11859.0
V05910,Surface Carrez,Libre immediatement,Mantes-la-Jolie,Centre-Ville,78,Ile-de-France,T2,,38,1.0,1.0,C,116000.0,3053.0
V03153,Surface Carrez,Libre immediatement,Paris,Gobelins,75,Ile-de-France,T4,,76.2,3.0,1.0,C,634000.0,8320.0
V07949,Surface habitable,Libre immediatement,Paris,Buttes-Chaumont,75,Ile-de-France,T3,,57.2,2.0,1.0,D,474000.0,8287.0
V14102,Surface utile,Libre immediatement,Cergy,Cergy-Saint-Christophe,95,Ile-de-France,T4,Le Domaine Concorde,102.3,2.0,0.0,D,204000.0,1994.0
V03611,Surface Carrez,Libre immediatement,Vitry-sur-Seine,Centre-Ville,94,Ile-de-France,Maison 4 pieces,Le Parc Belvedere,148.1,3.0,1.0,B,498000.0,3363.0
V08746,Surface Carrez,Libre immediatement,Vincennes,Domaine du Bois,94,Ile-de-France,T5,Le Parc Saint-Martin,127.9,3.0,1.0,D,1085000.0,8483.0
V04195,Surface utile,Libre immediatement,Levallois-Perret,Collange,92,Ile-de-France,T3,,64.2,2.0,1.0,A,581000.0,9050.0
V06839,Surface Carrez,Libre immediatement,Paris,La Muette,75,Ile-de-France,T4,Le Parc Latitude,72.4,2.0,1.0,B,1106000.0,15276.0
V13729,Surface Carrez,Libre immediatement,Levallois-Perret,Centre,92,Ile-de-France,T6,,151.4,3.0,1.0,C,1630000.0,10766.0
V06174,Surface Carrez,juil-2026,Paris,Porte de Clignancourt,75,Ile-de-France,T3,Residence Beausejour,69.1,2.0,2.0,C,656000.0,9493.0
V04015,Surface habitable,Libre immediatement,Boulogne-Billancourt,Rives de Seine,92,Ile-de-France,T1,,25 - 32,1.0,1.0,D,208000.0,
V13760,Surface Carrez,avr-2028,Paris,Saint-Germain-des-Pres,75,Ile-de-France,T2,Les Jardins Voltaire,69.3,1.0,0.0,A,1132000.0,16335.0
V06654,Surface Carrez,juin-2027,Paris,La Muette,75,Ile-de-France,T4,Les Jardins des Acacias,89.6,3.0,0.0,C,1491000.0,16641.0
V05213,Surface Carrez,Libre immediatement,Paris,Vaugirard,75,Ile-de-France,T2,,43.1,1.0,1.0,D,432000.0,10023.0
V06844,Surface Carrez,Libre immediatement,Boulogne-Billancourt,Rives de Seine,92,Ile-de-France,T2,Le Clos Symphonie,39.6,1.0,1.0,E,304000.0,7677.0
V12186,Surface Carrez,Libre immediatement,Paris,Batignolles,75,Ile-de-France,T4,Residence Bellevue,70.7,3.0,1.0,D,693000.0,9802.0
V02578,Surface habitable,Libre immediatement,Ivry-sur-Seine,Monmousseau,94,Ile-de-France,T3,Cour des Lilas,48.6,2.0,0.0,D,155000.0,3189.0
V04824,Surface Carrez,Libre immediatement,Issy-les-Moulineaux,Les Epinettes,92,Ile-de-France,T3,,56.5,2.0,1.0,E,316000.0,5593.0
V05522,Surface utile,Libre immediatement,Ivry-sur-Seine,Petit-Ivry,94,Ile-de-France,T5,Carre du Parc,118.9,2.0,0.0,E,459000.0,3860.0
V02444,Surface Carrez,Libre immediatement,Meaux,Hopital,77,Ile-de-France,T4,,96.1,1.0,3.0,G,179000.0,1863.0
V12866,Surface Carrez,Libre immediatement,Nanterre,Centre,92,Ile-de-France,T4,Le Parc d'Argent,79.1,3.0,0.0,C,361000.0,4564.0
V11004,Surface Carrez,Libre immediatement,Evry-Courcouronnes,Le Canal,91,Ile-de-France,T2,Esprit Bellevue,57.7,1.0,2.0,E,106000.0,1837.0
V00878,Surface habitable,Libre immediatement,Nanterre,Petit-Nanterre,92,Ile-de-France,T2,Residence Belvedere,38.9,1.0,1.0,D,132000.0,3393.0
V08451,Surface Carrez,Libre immediatement,Paris,Montmartre,75,Ile-de-France,T3,Cour des Chenes,89.7,2.0,1.0,G,625000.0,6968.0
V13135,Surface Carrez,juil-2027,Noisy-le-Grand,Mont d'Est,93,Ile-de-France,T2,Les Terrasses des Acacias,40.1,1.0,2.0,A,182000.0,4539.0
V01010,Surface Carrez,Libre immediatement,Vincennes,Republique,94,Ile-de-France,T4,,105.3,2.0,1.0,D,759000.0,7208.0
V01315,Surface Carrez,Libre immediatement,Paris,La Muette,75,Ile-de-France,T5,,145.4,3.0,,C,1710000.0,11761.0
V01266,Surface Carrez,Libre immediatement,Creteil,Centre Ancien,94,Ile-de-France,T2,,44.3,1.0,2.0,D,194000.0,4379.0
V06141,Surface Carrez,oct-2027,Paris,Montmartre,75,Ile-de-France,T2,Le Hameau Symphonie,50.3,1.0,0.0,A,515000.0,10239.0
V10886,Surface Carrez,janv-2028,Cergy,Cergy-Saint-Christophe,95,Ile-de-France,T2,Les Terrasses des Acacias,41.8,1.0,0.0,B,103000.0,2464.0
V13411,Surface au sol,Libre immediatement,Mantes-la-Jolie,Centre-Ville,78,Ile-de-France,Maison 3 pieces,Le Parc Verte,62.6,1.0,0.0,C,138000.0,2204.0
V03134,Surface habitable,Libre immediatement,Aubervilliers,Landy,93,Ile-de-France,T3,,53.8,2.0,1.0,C,176000.0,3271.0
V01190,Surface habitable,Libre immediatement,Saint-Denis,Basilique,93,Ile-de-France,T2,,36.4,1.0,2.0,C,124000.0,3407.0
V14075,Surface Carrez,Libre immediatement,Creteil,Centre Ancien,94,Ile-de-France,T2,Le Clos Belvedere,28.3,1.0,0.0,C,113000.0,3993.0
V05680,Surface utile,Libre immediatement,Noisy-le-Grand,Champy,93,Ile-de-France,T4,,71.2,3.0,0.0,A,287000.0,4031.0
V03951,Surface Carrez,avr-2026,Nanterre,Universite,92,Ile-de-France,Maison 5 pieces,Les Terrasses Voltaire,110.9,4.0,2.0,C,500000.0,4509.0
V13221,Surface Carrez,dec-2028,Paris,Champ-de-Mars,75,Ile-de-France,T6,Le Hameau Riviera,102.6,3.0,1.0,B,1681000.0,16384.0
V14868,Surface utile,juil-2028,Paris,La Muette,75,Ile-de-France,T3,Le Parc du Parc,53.3,1.0,2.0,B,734000.0,13771.0
V03755,Surface habitable,Libre immediatement,Paris,Belleville,75,Ile-de-France,T3,,70.4,2.0,1.0,D,536000.0,7614.0
V06111,Surface utile,Libre immediatement,Creteil,Mont-Mesly,94,Ile-de-France,T2,,31.9,1.0,0.0,D,95000.0,2978.0
V12017,Surface Carrez,Libre immediatement,Ivry-sur-Seine,Monmousseau,94,Ile-de-France,T3,,46.9,2.0,2.0,E,174000.0,3710.0
V02887,Surface Carrez,Libre immediatement,Vitry-sur-Seine,Ardoines,94,Ile-de-France,T2,Le Clos Opale,61.4,1.0,1.0,D,200000.0,3257.0
V05507,Surface habitable,Libre immediatement,Paris,Belleville,75,Ile-de-France,T4,,85,3.0,3.0,,636000.0,7482.0
V02064,Surface utile,Libre immediatement,Paris,Saint-Germain-des-Pres,75,Ile-de-France,T3,,62.6,1.0,2.0,C,872000.0,13930.0
V05525,Surface Carrez,aout-2029,Nanterre,Parc Sud,92,Ile-de-France,T5,Villa Riviera,109.9,3.0,0.0,B,759000.0,6906.0
V10696,Surface Carrez,Libre immediatement,Paris,Le Marais,75,Ile-de-France,T3,,61,2.0,0.0,D,691000.0,11328.0
V06975,Surface Carrez,Libre immediatement,Versailles,Montreuil,78,Ile-de-France,T2,Le Clos Opale,48.9,1.0,2.0,D,289000.0,5910.0
V04502,Surface Carrez,Libre immediatement,Montreuil,Croix de Chavaux,93,Ile-de-France,T3,Le Clos Cristal,54.3,2.0,0.0,C,259000.0,4770.0
V07643,Surface Carrez,Libre immediatement,Ivry-sur-Seine,Ivry-Port,94,Ile-de-France,T3,Cour des Acacias,43.7,2.0,2.0,D,203000.0,4645.0
V01607,Surface Carrez,nov-2026,Evry-Courcouronnes,Centre-Ville,91,Ile-de-France,T2,Le Hameau Saint-Martin,38.1,1.0,1.0,B,144000.0,3780.0
V01863,Surface Carrez,Libre immediatement,Paris,Buttes-Chaumont,75,Ile-de-France,T3,,69.4,1.0,0.0,D,612000.0,8818.0
V10157,Surface Carrez,Libre immediatement,Paris,Bercy,75,Ile-de-France,T3,Le Hameau Horizon,72.7,1.0,2.0,E,719000.0,9890.0
V10689,Surface Carrez,Libre immediatement,Paris,Gobelins,75,Ile-de-France,T4,,84.6,1.0,2.0,E,681000.0,8050.0
V07162,Surface Carrez,Libre immediatement,Vincennes,Bois de Vincennes,94,Ile-de-France,T5,Le Clos des Lilas,128.6,1.0,2.0,D,858000.0,6672.0
V04809,Surface habitable,Libre immediatement,Paris,Saint-Germain-des-Pres,75,Ile-de-France,T2,Cour Opale,47.4,1.0,1.0,,657000.0,13861.0
V08666,Surface Carrez,Libre immediatement,Melun,Montaigu,77,Ile-de-France,T3,Le Parc des Acacias,67.2,2.0,2.0,C,184000.0,2738.0
V04096,Surface habitable,sept-2027,Creteil,Centre Ancien,94,Ile-de-France,T2,Esprit du Lac,48.9,1.0,1.0,B,257000.0,5256.0
V02088,Surface Carrez,Libre immediatement,Paris,Belleville,75,Ile-de-France,T3,,88.9,1.0,1.0,E,709000.0,7975.0
V06835,Surface Carrez,Libre immediatement,Trappes,Plaine de Neauphle,78,Ile-de-France,T3,Le Parc du Lac,59.8,2.0,1.0,G,153000.0,2559.0
V11425,Surface Carrez,fevr-2026,Paris,Bercy,75,Ile-de-France,T2,Le Domaine des Lilas,33.2,1.0,1.0,A,377000.0,11355.0
V03039,Surface habitable,Libre immediatement,Saint-Germain-en-Laye,Centre-Ville,78,Ile-de-France,T3,,72.7,2.0,1.0,D,487000.0,6699.0
V14138,Surface Carrez,Libre immediatement,Paris,Gobelins,75,Ile-de-France,T3,,82.5,1.0,2.0,E,708000.0,8582.0
V08130,Surface utile,Libre immediatement,Cergy,Cergy-Saint-Christophe,95,Ile-de-France,T4,Les Allees Saint-Martin,81.6,2.0,1.0,C,171000.0,2096.0
V00638,Surface utile,sept-2026,Paris,Porte de Clignancourt,75,Ile-de-France,T2,Le Domaine Cristal,29,1.0,0.0,C,293000.0,10103.0
V01377,Surface Carrez,Libre immediatement,Issy-les-Moulineaux,Val de Seine,92,Ile-de-France,T4,,78.4,3.0,1.0,G,496000.0,6327.0
V04615,Surface Carrez,Libre immediatement,Versailles,Montreuil,78,Ile-de-France,T4,,83,2.0,0.0,B,433000.0,5217.0
V11193,Surface Carrez,Libre immediatement,Paris,Porte de Clignancourt,75,Ile-de-France,T3,,81,2.0,0.0,F,400000.0,4938.0
V03697,Surface Carrez,Libre immediatement,Paris,Batignolles,75,Ile-de-France,T1,,27.3,1.0,1.0,B,318000.0,11648.0
V09145,Surface Carrez,juin-2028,Creteil,Lac,94,Ile-de-France,T3,Le Clos des Acacias,67.4,2.0,0.0,C,295000.0,4377.0
V09796,Surface Carrez,dec-2029,Creteil,Centre Ancien,94,Ile-de-France,T3,Les Jardins Montaigne,83.7,2.0,0.0,A,424000.0,5066.0
V09833,Surface Carrez,Libre immediatement,Montreuil,Croix de Chavaux,93,Ile-de-France,T2,,41.8,1.0,0.0,D,200000.0,4785.0
V01987,Surface Carrez,Libre immediatement,Ivry-sur-Seine,Petit-Ivry,94,Ile-de-France,T4,Carre Symphonie,64.1,3.0,1.0,E,270000.0,4212.0
V12786,Surface Carrez,Libre immediatement,Paris,Belleville,75,Ile-de-France,T3,Le Domaine des Chenes,77.7,2.0,0.0,A,640000.0,8237.0
V06249,Surface Carrez,mai-2029,Saint-Denis,Basilique,93,Ile-de-France,T2,Esprit Horizon,43.8,1.0,1.0,C,165000.0,3767.0
V12698,Surface Carrez,aout-2027,Bobigny,Abreuvoir,93,Ile-de-France,T3,Cour du Lac,56.2,2.0,0.0,A,225000.0,4004.0
V11859,Surface Carrez,Libre immediatement,Saint-Germain-en-Laye,Alsace,78,Ile-de-France,Maison 5 pieces,,127.6,2.0,3.0,D,631000.0,4945.0
V11355,Surface Carrez,Libre immediatement,Paris,Belleville,75,Ile-de-France,T3,,65.4,1.0,0.0,A,495000.0,7569.0
V00138,Surface Carrez,Libre immediatement,Paris,Saint-Germain-des-Pres,75,Ile-de-France,T3,,56.3,2.0,2.0,E,716000.0,12718.0
V03783,Surface Carrez,oct-2027,Paris,Bercy,75,Ile-de-France,T3,Le Parc Saint-Martin,60.1,2.0,1.0,A,663000.0,11032.0
V12222,Surface utile,Libre immediatement,Paris,Vaugirard,75,Ile-de-France,T3,Cour du Parc,46.5,1.0,1.0,E,385000.0,8280.0
V02459,Surface Carrez,Libre immediatement,Boulogne-Billancourt,Billancourt,92,Ile-de-France,T3,,88.5,1.0,2.0,G,491000.0,5548.0
V01524,Surface Carrez,Libre immediatement,Montrouge,Centre,92,Ile-de-France,T1,Residence d'Argent,28.4,1.0,0.0,F,177000.0,6232.0
V03647,Surface utile,aout-2029,Paris,Montmartre,75,Ile-de-France,T2,Cour Horizon,49.9,1.0,1.0,B,559000.0,11202.0
V00246,Surface Carrez,Libre immediatement,Vitry-sur-Seine,Centre-Ville,94,Ile-de-France,Maison 5 pieces,,142.6,4.0,0.0,D,466000.0,3268.0
V10577,Surface habitable,Libre immediatement,Nanterre,Universite,92,Ile-de-France,T2,,47.7,1.0,,F,200000.0,4193.0
V06619,Surface au sol,juin-2029,Massy,Vilmorin,91,Ile-de-France,Maison 5 pieces,Cour Opale,116.9,2.0,0.0,C,356000.0,3045.0
V03214,Surface Carrez,juin-2029,Massy,Vilmorin,91,Ile-de-France,T4,Les Allees du Parc,65.8,3.0,0.0,C,254000.0,3860.0
V06484,Surface Carrez,Libre immediatement,Saint-Denis,Pleyel,93,Ile-de-France,T4,Villa du Lac,88.9,3.0,0.0,C,331000.0,3723.0
V14821,Surface Carrez,Libre immediatement,Ivry-sur-Seine,Centre-Ville,94,Ile-de-France,T2,Villa des Lilas,49.8,1.0,1.0,G,153000.0,3072.0
V05061,Surface Carrez,Libre immediatement,Paris,Saint-Germain-des-Pres,75,Ile-de-France,T3,,61,2.0,,D,811000.0,13295.0
V12788,Surface utile,Libre immediatement,Paris,Bercy,75,Ile-de-France,T3,Carre du Parc,75,2.0,1.0,D,612000.0,8160.0
V03058,Surface Carrez,janv-2026,Meaux,Beauval,77,Ile-de-France,T2,Les Jardins Opale,"52,4",1.0,1.0,C,108000.0,2061.0
V00248,Surface Carrez,Libre immediatement,Argenteuil,Centre-Ville,95,Ile-de-France,T4,Le Hameau des Acacias,70.4,2.0,0.0,C,195000.0,2770.0
V04204,Surface Carrez,Libre immediatement,Boulogne-Billancourt,Point du Jour,92,Ile-de-France,T2,Les Terrasses du Parc,38.6,1.0,1.0,A,301000.0,7798.0
V04434,Surface Carrez,Libre immediatement,Versailles,Porchefontaine,78,Ile-de-France,T4,,97.8,3.0,3.0,G,465000.0,4755.0
V01698,Surface utile,nov-2028,Melun,Almont,77,Ile-de-France,T4,Les Jardins Saint-Martin,91.5,3.0,1.0,C,258000.0,2820.0
V14570,Surface Carrez,Libre immediatement,Noisy-le-Grand,Champy,93,Ile-de-France,T3,Carre Belvedere,74.1,2.0,1.0,D,235000.0,3171.0
V10636,Surface Carrez,Libre immediatement,Versailles,Chantiers,78,Ile-de-France,T3,Le Hameau Saint-Martin,57,2.0,1.0,C,286000.0,5018.0
V04302,Surface Carrez,Libre immediatement,Montrouge,Centre,92,Ile-de-France,T2,,47.3,1.0,2.0,C,340000.0,7188.0
V00424,Surface habitable,Libre immediatement,Boulogne-Billancourt,Centre-Ville,92,Ile-de-France,T4,Residence du Parc,101.1,2.0,1.0,E,837000.0,8279.0
V14729,Surface Carrez,nov-2026,Meaux,Hopital,77,Ile-de-France,T3,Les Allees Beausejour,69.3,2.0,1.0,B,226000.0,3261.0
V00837,Surface Carrez,Libre immediatement,Paris,La Muette,75,Ile-de-France,T1,,30.9,1.0,0.0,E,330000.0,10680.0
V13326,Surface utile,oct-2027,Boulogne-Billancourt,Rives de Seine,92,Ile-de-France,T1,Esprit Horizon,24.8,1.0,1.0,A,241000.0,9718.0
V13052,Surface Carrez,Libre immediatement,Paris,Belleville,75,Ile-de-France,T5,,89.6,2.0,0.0,F,673000.0,7511.0
V06868,Surface Carrez,Libre immediatement,Paris,Porte de Clignancourt,75,Ile-de-France,T2,Les Jardins des Acacias,51.7,1.0,1.0,D,311000.0,6015.0
V13008,Surface Carrez,Libre immediatement,Paris,Batignolles,75,Ile-de-France,T5,,100.3,3.0,0.0,E,820000.0,8175.0
V08699,Surface utile,aout-2028,Vincennes,Republique,94,Ile-de-France,T4,Le Clos d'Argent,108.8,3.0,0.0,A,973000.0,8943.0
V05036,Surface Carrez,Libre immediatement,Montreuil,Ruffins,93,Ile-de-France,T3,Les Terrasses Horizon,78.1,2.0,0.0,B,273000.0,3496.0
V05395,Surface habitable,Libre immediatement,Paris,Batignolles,75,Ile-de-France,T5,,110.6,3.0,1.0,D,1028000.0,9295.0
V07529,Surface Carrez,Libre immediatement,Paris,Porte de Clignancourt,75,Ile-de-France,T4,Cour des Lilas,65.7,3.0,2.0,C,390000.0,5936.0
V10832,Surface Carrez,juin-2026,Levallois-Perret,Eiffel,92,Ile-de-France,T1,Le Clos Cristal,18.8,1.0,0.0,B,196000.0,10426.0
V03368,Surface Carrez,Libre immediatement,Saint-Denis,Grand Centre,93,Ile-de-France,T6,,180.1,3.0,0.0,E,496000.0,2754.0
V13494,Surface Carrez,nov-2026,Neuilly-sur-Seine,Sablons,92,Ile-de-France,T1,Les Allees Symphonie,26.2,1.0,1.0,C,405000.0,15458.0
V09635,Surface Carrez,Libre immediatement,Boulogne-Billancourt,Centre-Ville,92,Ile-de-France,T3,Cour des Chenes,67.9,1.0,,E,570000.0,8395.0
V06038,Surface au sol,nov-2027,Trappes,Sand-Pergaud-Verlaine,78,Ile-de-France,Maison 3 pieces,Villa des Lilas,53.1,2.0,1.0,B,159000.0,2994.0
V02012,Surface Carrez,Libre immediatement,Paris,Buttes-Chaumont,75,Ile-de-France,T4,,97,2.0,0.0,,705000.0,7268.0
V10447,Surface Carrez,Libre immediatement,Meaux,Centre-Ville,77,Ile-de-France,T4,Villa des Lilas,73.3,2.0,0.0,G,156000.0,2128.0
V01047,Surface Carrez,Libre immediatement,Vitry-sur-Seine,Moulin-Vert,94,Ile-de-France,T5,,88.4,3.0,0.0,C,242000.0,2738.0
V09474,Surface Carrez,fevr-2026,Bobigny,Abreuvoir,93,Ile-de-France,T4,Les Allees Belvedere,76.9,3.0,1.0,B,306000.0,3979.0
V11561,Surface Carrez,Libre immediatement,Nanterre,Centre,92,Ile-de-France,T2,,50.8,1.0,1.0,E,221000.0,4350.0
V13120,Surface Carrez,Libre immediatement,Paris,Le Marais,75,Ile-de-France,T3,,60.7,1.0,1.0,D,572000.0,9423.0
V14368,Surface Carrez,Libre immediatement,Paris,Bercy,75,Ile-de-France,T3,,63.1,2.0,0.0,D,644000.0,10206.0
V06495,Surface Carrez,Libre immediatement,Paris,Vaugirard,75,Ile-de-France,T2,,47.7,1.0,2.0,C,447000.0,9371.0
V00847,Surface utile,Libre immediatement,Boulogne-Billancourt,Billancourt,92,Ile-de-France,T3,,44.1,1.0,0.0,E,322000.0,7302.0
V04702,Surface Carrez,Libre immediatement,Versailles,Porchefontaine,78,Ile-de-France,T4,Le Parc Beausejour,79.8,3.0,0.0,E,451000.0,5652.0
V06559,Surface utile,Libre immediatement,Paris,Saint-Germain-des-Pres,75,Ile-de-France,T3,Le Clos Saint-Martin,87.5,1.0,0.0,D,1039000.0,11874.0
V09223,Surface Carrez,Libre immediatement,Versailles,Chantiers,78,Ile-de-France,T1,Le Hameau Bellevue,34.4,1.0,1.0,D,192000.0,5581.0
V09571,Surface habitable,Libre immediatement,Paris,Saint-Germain-des-Pres,75,Ile-de-France,T1,,28.2,1.0,0.0,D,323000.0,11454.0
V00109,Surface Carrez,Libre immediatement,Versailles,Notre-Dame,78,Ile-de-France,T4,,98.3,3.0,0.0,D,510000.0,5188.0
V09551,Surface Carrez,Libre immediatement,Issy-les-Moulineaux,Fort d'Issy,92,Ile-de-France,T2,,45.6,1.0,0.0,D,310000.0,6798.0
V03861,Surface Carrez,juil-2028,Paris,Belleville,75,Ile-de-France,T4,Le Parc Montaigne,87.4,3.0,1.0,,747000.0,8547.0
V11955,Surface utile,Libre immediatement,Nanterre,Parc Sud,92,Ile-de-France,Maison 4 pieces,,85.5,2.0,0.0,D,351000.0,4105.0
V13473,Surface Carrez,Libre immediatement,Paris,Batignolles,75,Ile-de-France,T2,Carre Cristal,57,1.0,0.0,C,486000.0,8526.0
V11728,Surface Carrez,Libre immediatement,Montreuil,Mairie,93,Ile-de-France,T2,Le Parc Saint-Martin,46.3,1.0,1.0,C,239000.0,5162.0
V10996,Surface Carrez,Libre immediatement,Montreuil,Ruffins,93,Ile-de-France,T3,Les Allees Opale,50.5,2.0,0.0,D,172000.0,3406.0
V11977,Surface habitable,Libre immediatement,Paris,Bercy,75,Ile-de-France,T2,Les Terrasses Concorde,48.2,1.0,0.0,D,417000.0,8651.0
V05375,Surface utile,Libre immediatement,Paris,Montmartre,75,Ile-de-France,T3,,79.4,1.0,0.0,D,692000.0,8715.0
V03536,Surface habitable,Libre immediatement,Paris,Bercy,75,Ile-de-France,T2,Le Hameau Horizon,42,1.0,0.0,C,389000.0,9262.0
V08412,Surface au sol,Libre immediatement,Massy,Opera,91,Ile-de-France,Maison 3 pieces,Residence des Lilas,79.3,2.0,0.0,D,253000.0,3190.0
V07940,Surface Carrez,Libre immediatement,Paris,Porte de Clignancourt,75,Ile-de-France,T2,Cour du Parc,29.9,1.0,1.0,D,189000.0,6321.0
V07979,Surface Carrez,Libre immediatement,Nanterre,Petit-Nanterre,92,Ile-de-France,T5,Residence Riviera,109.6,3.0,1.0,D,509000.0,4644.0
V10007,Surface Carrez,Libre immediatement,Antony,Pajeaud,92,Ile-de-France,T3,Le Domaine Concorde,77.1,1.0,2.0,F,386000.0,5006.0
V08612,Surface habitable,Libre immediatement,Paris,Montmartre,75,Ile-de-France,T3,,68.8,2.0,0.0,C,825000.0,11991.0
V04473,Surface Carrez,Libre immediatement,Paris,Saint-Germain-des-Pres,75,Ile-de-France,Maison 5 pieces,Le Domaine du Parc,107,4.0,1.0,C,1217000.0,11374.0
V14424,Surface Carrez,Libre immediatement,Saint-Denis,Pleyel,93,Ile-de-France,T2,Carre des Lilas,50.8,1.0,0.0,G,152000.0,2992.0
V01892,Surface Carrez,juin-2028,Trappes,Village,78,Ile-de-France,T6,Le Parc Horizon,114.3,3.0,1.0,B,428000.0,3745.0
V04163,Surface habitable,Libre immediatement,Issy-les-Moulineaux,Fort d'Issy,92,Ile-de-France,T1,Le Hameau des Lilas,29.1,1.0,1.0,F,187000.0,6426.0
V09015,Surface Carrez,Libre immediatement,Paris,Saint-Germain-des-Pres,75,Ile-de-France,T2,Les Allees Opale,36.6,1.0,1.0,E,427000.0,11667.0
V05804,Surface habitable,Libre immediatement,Paris,Belleville,75,Ile-de-France,T4,Carre du Parc,84.9,2.0,1.0,D,647000.0,7621.0
V11222,Surface habitable,juil-2028,Paris,Batignolles,75,Ile-de-France,T2,Les Allees Saint-Martin,29.9,1.0,0.0,C,324000.0,10836.0
V02211,Surface Carrez,Libre immediatement,Paris,Champ-de-Mars,75,Ile-de-France,T4,,74.2,1.0,,D,866000.0,11671.0
V12190,Surface habitable,Libre immediatement,Cergy,Cergy-le-Haut,95,Ile-de-France,T3,Villa Montaigne,60.8,2.0,0.0,E,157000.0,2582.0
V07083,Surface Carrez,Libre immediatement,Vitry-sur-Seine,Moulin-Vert,94,Ile-de-France,T1,Villa Saint-Martin,22.1,1.0,1.0,D,67000.0,3032.0
V00875,Surface Carrez,Libre immediatement,Nanterre,Parc Sud,92,Ile-de-France,T4,,74.9,1.0,3.0,D,272000.0,3632.0
V06018,Surface Carrez,Libre immediatement,Bobigny,Pont de Bondy,93,Ile-de-France,T2,Le Hameau Cristal,43,1.0,,,136000.0,3163.0
V13106,Surface Carrez,Libre immediatement,Paris,Gobelins,75,Ile-de-France,T2,,31.5,1.0,,B,291000.0,9238.0
V00585,Surface au sol,janv-2026,Creteil,Mont-Mesly,94,Ile-de-France,Maison 5 pieces,Cour Verte,152 - 179,4.0,1.0,A,481000.0,
V11025,Surface Carrez,Libre immediatement,Noisy-le-Grand,Champy,93,Ile-de-France,T3,Carre Latitude,106.5,2.0,0.0,E,321000.0,3014.0
V09210,Surface habitable,Libre immediatement,Vincennes,Bois de Vincennes,94,Ile-de-France,Maison 5 pieces,Le Parc du Lac,156.7,3.0,0.0,B,1056000.0,6739.0
V10530,Surface Carrez,Libre immediatement,Paris,Saint-Germain-des-Pres,75,Ile-de-France,T4,Le Clos Saint-Martin,65.4,2.0,1.0,B,961000.0,14694.0
V04680,Surface habitable,Libre immediatement,Montreuil,Bas-Montreuil,93,Ile-de-France,T1,,25.7,1.0,0.0,F,105000.0,4086.0
V07484,Surface utile,Libre immediatement,Paris,Porte de Clignancourt,75,Ile-de-France,T5,Le Clos Beausejour,137.6,1.0,3.0,D,736000.0,5349.0
V06405,Surface Carrez,Libre immediatement,Melun,Centre-Ville,77,Ile-de-France,T1,Esprit Symphonie,31,1.0,0.0,D,77000.0,2484.0
V12860,Surface Carrez,Libre immediatement,Paris,Belleville,75,Ile-de-France,T3,Les Terrasses Voltaire,60.4,1.0,1.0,E,472000.0,7815.0
V10543,Surface habitable,mars-2028,Mantes-la-Jolie,Centre-Ville,78,Ile-de-France,T3,Les Terrasses du Parc,59,2.0,0.0,B,207000.0,3508.0
V09974,Surface habitable,Libre immediatement,Paris,Porte de Clignancourt,75,Ile-de-France,T6,Residence Horizon,158.1,3.0,2.0,D,1095000.0,6926.0
V07556,Surface Carrez,Libre immediatement,Versailles,Notre-Dame,78,Ile-de-France,T2,Cour Beausejour,60.4,1.0,1.0,D,394000.0,6523.0
V02438,Surface Carrez,Libre immediatement,Montreuil,Bel-Air,93,Ile-de-France,T4,,71.4,3.0,1.0,D,236000.0,3305.0
V10315,Surface Carrez,Libre immediatement,Neuilly-sur-Seine,Sablons,92,Ile-de-France,T3,,67.2,1.0,1.0,F,610000.0,9077.0
V10432,Surface Carrez,janv-2026,Issy-les-Moulineaux,Fort d'Issy,92,Ile-de-France,T4,Villa Montaigne,105.3,2.0,2.0,B,874000.0,8300.0
V03347,Surface utile,Libre immediatement,Paris,Buttes-Chaumont,75,Ile-de-France,T1,,24.1,1.0,1.0,D,184000.0,7635.0
V04894,Surface habitable,Libre immediatement,Paris,Saint-Germain-des-Pres,75,Ile-de-France,T2,Les Jardins Voltaire,45.7,1.0,1.0,C,606000.0,13260.0
V07272,Surface Carrez,avr-2028,Antony,Les Baconnets,92,Ile-de-France,T3,Le Parc Saint-Martin,74.7,2.0,1.0,A,466000.0,6238.0
V03317,Surface Carrez,Libre immediatement,Boulogne-Billancourt,Rives de Seine,92,Ile-de-France,T3,Le Clos Bellevue,54.4,2.0,0.0,D,485000.0,8915.0
V08467,Surface habitable,Libre immediatement,Versailles,Notre-Dame,78,Ile-de-France,T3,Villa des Chenes,85.9,2.0,2.0,B,690000.0,8033.0
V00840,Surface au sol,avr-2029,Saint-Germain-en-Laye,Centre-Ville,78,Ile-de-France,Maison 5 pieces,Le Clos Montaigne,133.7,4.0,0.0,B,923000.0,6904.0
V07450,Surface Carrez,Libre immediatement,Ivry-sur-Seine,Petit-Ivry,94,Ile-de-France,T2,Carre du Lac,31.3,1.0,0.0,C,152000.0,4856.0
V00106,Surface au sol,Libre immediatement,Massy,Opera,91,Ile-de-France,Maison 5 pieces,Villa Belvedere,180.4,3.0,1.0,F,612000.0,3392.0
V06880,Surface Carrez,Libre immediatement,Paris,La Muette,75,Ile-de-France,T3,,53.8,1.0,0.0,G,489000.0,9089.0
V08504,Surface Carrez,Libre immediatement,Massy,Atlantis,91,Ile-de-France,T1,Residence Concorde,27.3,1.0,0.0,C,98000.0,3590.0
V09503,Surface Carrez,juil-2028,Meaux,Centre-Ville,77,Ile-de-France,T4,Les Allees Cristal,90.7,3.0,1.0,B,284000.0,3131.0
V10170,Surface Carrez,dec-2026,Paris,Vaugirard,75,Ile-de-France,T3,Esprit Latitude,67.9,2.0,0.0,C,707000.0,10412.0
V10398,Surface Carrez,Libre immediatement,Montrouge,Portes de Montrouge,92,Ile-de-France,T3,,62.9,2.0,0.0,B,424000.0,6741.0
V12486,Surface habitable,nov-2028,Paris,Le Marais,75,Ile-de-France,T3,Cour des Chenes,49.8,2.0,0.0,B,1070000.0,21486.0
V09988,Surface utile,Libre immediatement,Montreuil,Bel-Air,93,Ile-de-France,T4,,97.8,3.0,0.0,E,287000.0,2935.0
V03227,Surface utile,Libre immediatement,Creteil,Mont-Mesly,94,Ile-de-France,T2,,49.2,1.0,1.0,E,156000.0,3171.0
V10553,Surface habitable,Libre immediatement,Melun,Saint-Aspais,77,Ile-de-France,T4,,110,1.0,0.0,C,274000.0,2491.0
V02770,Surface Carrez,Libre immediatement,Paris,Bercy,75,Ile-de-France,T5,Le Hameau des Acacias,103.9,3.0,0.0,C,935000.0,8999.0
V11518,Surface Carrez,Libre immediatement,Vitry-sur-Seine,Moulin-Vert,94,Ile-de-France,T3,,78.4,1.0,0.0,G,244000.0,3112.0
V12105,Surface Carrez,Libre immediatement,Montreuil,Bel-Air,93,Ile-de-France,T2,,56.1,1.0,2.0,E,218000.0,3886.0
V12340,Surface habitable,Libre immediatement,Paris,Champ-de-Mars,75,Ile-de-France,T3,Esprit des Chenes,73.3,2.0,1.0,D,877000.0,11965.0
V09352,Surface Carrez,Libre immediatement,Paris,La Muette,75,Ile-de-France,T4,Le Hameau Verte,69.3,3.0,0.0,D,806000.0,11631.0
V00153,Surface Carrez,Libre immediatement,Saint-Germain-en-Laye,Hopital,78,Ile-de-France,T2,Le Parc d'Argent,55.3,1.0,0.0,B,420000.0,7595.0
V06369,Surface Carrez,Libre immediatement,Paris,Montmartre,75,Ile-de-France,T3,,51.4,2.0,2.0,D,487000.0,9475.0
V05252,Surface utile,Libre immediatement,Noisy-le-Grand,Champy,93,Ile-de-France,T3,,54.1,2.0,1.0,D,156000.0,2884.0
V00866,Surface Carrez,Libre immediatement,Vincennes,Republique,94,Ile-de-France,Maison 5 pieces,,100.5,3.0,0.0,E,486000.0,4836.0
V04504,Surface habitable,Libre immediatement,Montrouge,Centre,92,Ile-de-France,T2,Cour des Chenes,36.1,1.0,0.0,C,284000.0,7867.0
V07243,Surface Carrez,Libre immediatement,Vitry-sur-Seine,Centre-Ville,94,Ile-de-France,T4,Esprit des Acacias,87.3,2.0,0.0,C,359000.0,4112.0
V11304,Surface Carrez,Libre immediatement,Ivry-sur-Seine,Petit-Ivry,94,Ile-de-France,T2,,48.6,1.0,1.0,C,186000.0,3827.0
V01050,Surface Carrez,Libre immediatement,Vitry-sur-Seine,Ardoines,94,Ile-de-France,T3,,55.3,1.0,1.0,,214000.0,3870.0
V12817,Surface habitable,Libre immediatement,Massy,Villaine,91,Ile-de-France,T3,Le Domaine d'Argent,76.1,1.0,1.0,E,244000.0,3206.0
V06531,Surface habitable,Libre immediatement,Creteil,Mont-Mesly,94,Ile-de-France,T4,,84.1,3.0,0.0,C,300000.0,3567.0
V12971,Surface Carrez,Libre immediatement,Antony,Pajeaud,92,Ile-de-France,T3,,75.2,1.0,0.0,C,310000.0,4122.0
V11361,Surface au sol,Libre immediatement,Montreuil,Bas-Montreuil,93,Ile-de-France,Maison 3 pieces,Cour Riviera,75.6,2.0,0.0,B,271000.0,3585.0
V11221,Surface Carrez,Libre immediatement,Cergy,Cergy-le-Haut,95,Ile-de-France,T3,,78.7,2.0,0.0,F,183000.0,2325.0
V09368,Surface utile,Libre immediatement,Bobigny,Pont de Bondy,93,Ile-de-France,T3,,66.6,2.0,1.0,A,156000.0,2342.0
V07622,Surface Carrez,Libre immediatement,Boulogne-Billancourt,Centre-Ville,92,Ile-de-France,T2,,45,1.0,1.0,D,368000.0,8178.0
V10192,Surface Carrez,Libre immediatement,Boulogne-Billancourt,Point du Jour,92,Ile-de-France,T1,,24.4,1.0,0.0,F,174000.0,7131.0
V06668,Surface habitable,Libre immediatement,Aubervilliers,Villette-Quatre-Chemins,93,Ile-de-France,T3,,60,1.0,1.0,E,159000.0,2650.0
V12439,Surface Carrez,Libre immediatement,Cergy,Cergy-le-Haut,95,Ile-de-France,T2,,43.8,1.0,0.0,B,106000.0,2420.0
V07305,Surface habitable,Libre immediatement,Paris,Buttes-Chaumont,75,Ile-de-France,T2,Esprit des Lilas,46.4,1.0,1.0,D,326000.0,7026.0
V12427,Surface Carrez,Libre immediatement,Nanterre,Universite,92,Ile-de-France,T1,Le Parc du Parc,24.1,1.0,1.0,D,125000.0,5187.0
V06008,Surface Carrez,Libre immediatement,Meaux,Hopital,77,Ile-de-France,T4,Les Allees Latitude,109.5,1.0,,E,201000.0,1836.0
V10257,Surface Carrez,Libre immediatement,Noisy-le-Grand,Mont d'Est,93,Ile-de-France,T2,,43.7,1.0,1.0,E,169000.0,3867.0
V05463,Surface Carrez,Libre immediatement,Noisy-le-Grand,Champy,93,Ile-de-France,T3,Carre du Parc,63.1,2.0,2.0,E,191000.0,3027.0
V12489,Surface Carrez,Libre immediatement,Antony,Les Baconnets,92,Ile-de-France,T1,Les Terrasses Horizon,28.5,1.0,0.0,C,118000.0,4140.0
V11695,Surface Carrez,Libre immediatement,Paris,Buttes-Chaumont,75,Ile-de-France,T6,Le Clos Montaigne,166.5,1.0,0.0,D,1230000.0,7387.0
V00392,Surface Carrez,Libre immediatement,Montreuil,Bel-Air,93,Ile-de-France,T2,,59.5,1.0,1.0,C,262000.0,4403.0
V02901,Surface Carrez,mai-2027,Issy-les-Moulineaux,Val de Seine,92,Ile-de-France,T3,Les Allees Cristal,66.4,2.0,0.0,A,637000.0,9593.0
V01342,Surface habitable,Libre immediatement,Meaux,Centre-Ville,77,Ile-de-France,T4,,99.2,3.0,2.0,D,251000.0,2530.0
V03975,Surface Carrez,Libre immediatement,Aubervilliers,Villette-Quatre-Chemins,93,Ile-de-France,T3,,50.6,2.0,1.0,C,167000.0,3300.0
V03887,Surface utile,Libre immediatement,Melun,Almont,77,Ile-de-France,T4,Les Allees des Chenes,81.3,3.0,1.0,D,170000.0,2091.0
V04838,Surface au sol,Libre immediatement,Mantes-la-Jolie,Gassicourt,78,Ile-de-France,Maison 3 pieces,Les Terrasses Bellevue,79.2,2.0,1.0,C,146000.0,1843.0
V14949,Surface Carrez,Libre immediatement,Paris,Buttes-Chaumont,75,Ile-de-France,T4,,88.8,2.0,0.0,D,694000.0,7815.0
V00079,Surface Carrez,Libre immediatement,Paris,Montmartre,75,Ile-de-France,,,48.2,1.0,,C,401000.0,8320.0
V11471,Surface Carrez,Libre immediatement,Paris,Montmartre,75,Ile-de-France,T5,Les Allees Cristal,125.1,2.0,2.0,E,1191000.0,9520.0
V13161,Surface utile,Libre immediatement,Saint-Denis,Pleyel,93,Ile-de-France,T3,Le Domaine du Lac,68,2.0,,D,221000.0,3250.0
V02919,Surface habitable,avr-2028,Bobigny,Centre-ville,93,Ile-de-France,T2,Le Parc Verte,53,1.0,1.0,A,213000.0,4019.0
V12684,Surface Carrez,sept-2026,Vincennes,Domaine du Bois,94,Ile-de-France,T5,Les Allees des Lilas,122.8,2.0,3.0,B,1089000.0,8868.0
V08350,Surface Carrez,Libre immediatement,Saint-Denis,Pleyel,93,Ile-de-France,T4,Cour Montaigne,66.3,2.0,0.0,C,214000.0,3228.0
V10622,Surface Carrez,fevr-2028,Paris,Batignolles,75,Ile-de-France,T4,Les Terrasses des Chenes,94,2.0,2.0,A,1240000.0,13191.0
V07930,Surface habitable,nov-2027,Paris,Champ-de-Mars,75,Ile-de-France,T3,Les Terrasses Voltaire,57.5,1.0,1.0,B,857000.0,14904.0
V03692,Surface Carrez,Libre immediatement,Evry-Courcouronnes,Bois Sauvage,91,Ile-de-France,T3,Carre des Chenes,62.5,2.0,,D,192000.0,3072.0
V06878,Surface Carrez,Libre immediatement,Trappes,Village,78,Ile-de-France,T2,Le Domaine Riviera,40.2,1.0,1.0,D,116000.0,2886.0
V00949,Surface Carrez,avr-2026,Levallois-Perret,Front de Seine,92,Ile-de-France,T2,Esprit du Lac,50.6,1.0,1.0,A,636000.0,12569.0
V02918,Surface utile,nov-2026,Bobigny,Pont de Bondy,93,Ile-de-France,T2,Le Hameau Montaigne,57.1,1.0,0.0,B,193000.0,3380.0
V05825,Surface Carrez,nov-2027,Nanterre,Centre,92,Ile-de-France,T5,Le Parc des Lilas,122.3,3.0,0.0,B,936000.0,7653.0
V05752,Surface Carrez,Libre immediatement,Paris,Batignolles,75,Ile-de-France,T3,Les Terrasses Belvedere,67.1,2.0,2.0,D,490000.0,7303.0
V13597,Surface habitable,fevr-2028,Paris,Batignolles,75,Ile-de-France,Maison 6 pieces,Le Domaine des Acacias,129.6,3.0,0.0,A,1192000.0,9198.0
V03011,Surface Carrez,Libre immediatement,Evry-Courcouronnes,Les Pyramides,91,Ile-de-France,Maison 5 pieces,,142.1,4.0,0.0,,266000.0,1872.0
V10224,Surface Carrez,Libre immediatement,Bobigny,Etoile,93,Ile-de-France,T4,,90.2,2.0,0.0,C,311000.0,3448.0
V07234,Surface Carrez,dec-2028,Montreuil,Bas-Montreuil,93,Ile-de-France,T2,Residence du Parc,56.4,1.0,2.0,A,360000.0,6383.0
V06137,Surface au sol,Libre immediatement,Saint-Denis,Basilique,93,Ile-de-France,Maison 5 pieces,Esprit Opale,118.9,2.0,2.0,E,326000.0,2742.0
V14078,Surface Carrez,Libre immediatement,Creteil,Echat,94,Ile-de-France,T4,,114.8,3.0,1.0,,433000.0,3772.0
V06068,Surface Carrez,nov-2027,Versailles,Montreuil,78,Ile-de-France,T4,Villa Concorde,85.2,3.0,0.0,A,552000.0,6479.0
V00687,Surface Carrez,Libre immediatement,Boulogne-Billancourt,Point du Jour,92,Ile-de-France,T4,,136,1.0,1.0,F,894000.0,6574.0
V04207,Surface Carrez,Libre immediatement,Paris,Montmartre,75,Ile-de-France,T3,Les Terrasses Montaigne,65.2,1.0,2.0,E,492000.0,7546.0
V00415,Surface habitable,avr-2028,Paris,La Muette,75,Ile-de-France,T4,Les Allees Montaigne,95.3,3.0,0.0,B,1371000.0,14386.0
V03833,Surface Carrez,Libre immediatement,Montrouge,Centre,92,Ile-de-France,T2,,41.3,1.0,0.0,,302000.0,7312.0
V12337,Surface habitable,fevr-2027,Paris,La Muette,75,Ile-de-France,T1,Les Terrasses Voltaire,"34,2",1.0,0.0,B,391000.0,11433.0
V10598,Surface utile,aout-2027,Noisy-le-Grand,Champy,93,Ile-de-France,T3,Les Terrasses Saint-Martin,60,2.0,1.0,A,307000.0,5117.0
V11961,Surface Carrez,Libre immediatement,Paris,Buttes-Chaumont,75,Ile-de-France,T2,,39.1,1.0,0.0,C,312000.0,7980.0
V00013,Surface Carrez,Libre immediatement,Vincennes,Centre-Ville,94,Ile-de-France,T4,,73.7,3.0,1.0,C,561000.0,7612.0
V09628,Surface Carrez,Libre immediatement,Paris,Gobelins,75,Ile-de-France,T6,,95.2,3.0,1.0,D,822000.0,8634.0
V10548,Surface habitable,juil-2028,Paris,Batignolles,75,Ile-de-France,T2,Cour Verte,35.5,1.0,1.0,C,385000.0,10845.0
V13929,Surface Carrez,Libre immediatement,Creteil,Centre Ancien,94,Ile-de-France,T1,,31.5,1.0,1.0,D,106000.0,3365.0
V14329,Surface Carrez,Libre immediatement,Aubervilliers,Villette-Quatre-Chemins,93,Ile-de-France,T2,Villa des Lilas,63 - 83,1.0,0.0,D,242000.0,
V03981,Surface Carrez,Libre immediatement,Saint-Denis,Basilique,93,Ile-de-France,T1,,32 - 39,1.0,1.0,C,103000.0,
V00457,Surface Carrez,Libre immediatement,Neuilly-sur-Seine,Bagatelle,92,Ile-de-France,T3,,61,1.0,1.0,E,790000.0,12951.0
V12185,Surface Carrez,Libre immediatement,Antony,Pajeaud,92,Ile-de-France,T3,Le Hameau Belvedere,66.4,1.0,1.0,E,264000.0,3976.0
V01090,Surface Carrez,Libre immediatement,Argenteuil,Coteaux,95,Ile-de-France,T1,,31.4,1.0,1.0,F,100000.0,3185.0
V10223,Surface Carrez,Libre immediatement,Saint-Germain-en-Laye,Centre-Ville,78,Ile-de-France,T2,Esprit Verte,46.8,1.0,0.0,D,340000.0,7265.0
V03435,Surface Carrez,Libre immediatement,Montreuil,Mairie,93,Ile-de-France,T5,,112.1,3.0,,D,445000.0,3970.0
V04352,Surface Carrez,Libre immediatement,Paris,Porte de Clignancourt,75,Ile-de-France,T3,Le Hameau Symphonie,55.8,2.0,0.0,D,306000.0,5484.0
V12352,Surface Carrez,Libre immediatement,Paris,Buttes-Chaumont,75,Ile-de-France,T2,Le Clos d'Argent,43.2,1.0,0.0,A,322000.0,7454.0
V03801,Surface Carrez,Libre immediatement,Issy-les-Moulineaux,Les Epinettes,92,Ile-de-France,T1,,23.7,1.0,0.0,A,181000.0,7637.0
V05994,Surface habitable,Libre immediatement,Montreuil,Bel-Air,93,Ile-de-France,T2,,39.8,1.0,2.0,D,136000.0,3417.0
V09297,Surface habitable,Libre immediatement,Paris,Buttes-Chaumont,75,Ile-de-France,T2,Le Parc des Lilas,43.5,1.0,0.0,F,251000.0,5770.0
V07739,Surface Carrez,juin-2027,Melun,Montaigu,77,Ile-de-France,T3,Les Jardins Verte,60.4,2.0,1.0,A,188000.0,3113.0
V08168,Surface Carrez,Libre immediatement,Antony,Centre-Ville,92,Ile-de-France,T3,Le Domaine Belvedere,71.4,2.0,1.0,B,403000.0,5644.0
V01854,Surface habitable,Libre immediatement,Paris,Buttes-Chaumont,75,Ile-de-France,T1,Villa du Parc,32.6,1.0,1.0,D,320000.0,9816.0
V12332,Surface Carrez,Libre immediatement,Paris,Porte de Clignancourt,75,Ile-de-France,T2,,44.7,1.0,0.0,E,307000.0,6868.0
V12557,Surface habitable,Libre immediatement,Paris,Champ-de-Mars,75,Ile-de-France,T3,,76.5,2.0,0.0,E,1045000.0,13660.0
V11627,Surface Carrez,Libre immediatement,Paris,Gobelins,75,Ile-de-France,T3,Les Allees d'Argent,86.1,2.0,0.0,C,705000.0,8188.0
V01095,Surface habitable,fevr-2027,Paris,Batignolles,75,Ile-de-France,T3,Villa Opale,63.8,2.0,2.0,A,853000.0,13370.0
V01421,Surface Carrez,Libre immediatement,Paris,Le Marais,75,Ile-de-France,T2,Les Jardins Voltaire,65.7,1.0,0.0,D,886000.0,13486.0
V12582,Surface habitable,Libre immediatement,Issy-les-Moulineaux,Les Epinettes,92,Ile-de-France,T3,Les Allees Symphonie,75.6,1.0,0.0,E,446000.0,5899.0
V12856,Surface habitable,Libre immediatement,Paris,Batignolles,75,Ile-de-France,T1,Les Jardins Montaigne,36.6,1.0,1.0,D,329000.0,8989.0
V09345,Surface Carrez,Libre immediatement,Paris,Belleville,75,Ile-de-France,T2,,47,1.0,1.0,F,350000.0,7447.0
V08684,Surface habitable,Libre immediatement,Paris,Belleville,75,Ile-de-France,T4,Les Jardins Concorde,67.9,2.0,1.0,B,616000.0,9072.0
V11184,Surface Carrez,Libre immediatement,Paris,Bercy,75,Ile-de-France,T2,,47,1.0,2.0,C,342000.0,7277.0
V07207,Surface habitable,Libre immediatement,Antony,Centre-Ville,92,Ile-de-France,T1,Le Clos Beausejour,31.5,1.0,0.0,C,181000.0,5746.0
V06728,Surface au sol,Libre immediatement,Evry-Courcouronnes,Les Pyramides,91,Ile-de-France,Maison 3 pieces,Le Hameau Concorde,69.9,2.0,0.0,D,143000.0,2046.0
V08456,Surface Carrez,dec-2026,Paris,Porte de Clignancourt,75,Ile-de-France,T5,Les Terrasses Riviera,134.8,1.0,2.0,B,997000.0,7396.0
V07291,Surface Carrez,avr-2027,Saint-Denis,Pleyel,93,Ile-de-France,T3,Les Allees du Lac,85.9,1.0,2.0,A,372000.0,4331.0
V06199,Surface habitable,Libre immediatement,Ivry-sur-Seine,Ivry-Port,94,Ile-de-France,Maison 5 pieces,,131 - 142,4.0,0.0,C,660000.0,
V03035,Surface habitable,Libre immediatement,Paris,Porte de Clignancourt,75,Ile-de-France,T6,,184.3,3.0,0.0,F,875000.0,4748.0
V06230,Surface Carrez,Libre immediatement,Saint-Denis,Basilique,93,Ile-de-France,T5,,105.6,2.0,0.0,G,282000.0,2670.0
V09759,Surface habitable,Libre immediatement,Massy,Opera,91,Ile-de-France,T4,,87.8,2.0,0.0,E,255000.0,2904.0
V01622,Surface Carrez,Libre immediatement,Vincennes,Republique,94,Ile-de-France,T3,Le Clos Saint-Martin,60.8,2.0,1.0,D,323000.0,5312.0
V12508,Surface Carrez,Libre immediatement,Paris,Batignolles,75,Ile-de-France,T4,,88,2.0,1.0,E,821000.0,9330.0
V13833,Surface Carrez,Libre immediatement,Paris,La Muette,75,Ile-de-France,T3,Les Terrasses des Chenes,62.5,2.0,1.0,A,860000.0,13760.0
V00411,Surface Carrez,Libre immediatement,Vincennes,Bois de Vincennes,94,Ile-de-France,T6,,104.5,3.0,1.0,E,821000.0,7856.0
V14771,Surface utile,Libre immediatement,Versailles,Porchefontaine,78,Ile-de-France,Maison 4 pieces,,81.4,3.0,1.0,B,398000.0,4889.0
V13404,Surface Carrez,Libre immediatement,Levallois-Perret,Collange,92,Ile-de-France,T2,,61.1,1.0,,A,488000.0,7987.0
V00940,Surface Carrez,Libre immediatement,Paris,Le Marais,75,Ile-de-France,T3,,71.3,2.0,1.0,C,900000.0,12623.0
V00066,Surface Carrez,Libre immediatement,Nanterre,Parc Sud,92,Ile-de-France,T5,Les Jardins Saint-Martin,96.1,2.0,1.0,D,457000.0,4755.0
V02114,Surface utile,dec-2028,Paris,Porte de Clignancourt,75,Ile-de-France,T3,Le Domaine Cristal,58.9,1.0,1.0,B,446000.0,7572.0
V06618,Surface utile,Libre immediatement,Ivry-sur-Seine,Ivry-Port,94,Ile-de-France,T4,Le Hameau Symphonie,89.6,2.0,1.0,G,345000.0,3850.0
V00428,Surface habitable,fevr-2027,Paris,Montmartre,75,Ile-de-France,T3,Le Domaine Symphonie,83,2.0,0.0,B,887000.0,10687.0
V10256,Surface habitable,avr-2026,Vitry-sur-Seine,Port-a-l'Anglais,94,Ile-de-France,T5,Carre Bellevue,158.8,3.0,1.0,B,653000.0,4112.0
V04796,Surface habitable,Libre immediatement,Saint-Denis,Grand Centre,93,Ile-de-France,T3,Le Clos Latitude,62.6,2.0,0.0,B,206000.0,3291.0
V05921,Surface utile,Libre immediatement,Paris,Porte de Clignancourt,75,Ile-de-France,T4,,61.9,2.0,0.0,D,399000.0,6446.0
V02360,Surface Carrez,Libre immediatement,Paris,Saint-Germain-des-Pres,75,Ile-de-France,T2,,45.8,1.0,1.0,E,552000.0,12052.0
V03414,Surface Carrez,Libre immediatement,Argenteuil,Orgemont,95,Ile-de-France,T2,,36,1.0,2.0,C,89000.0,2472.0
V01810,Surface au sol,Libre immediatement,Nanterre,Universite,92,Ile-de-France,Maison 6 pieces,Le Hameau Voltaire,167.7,3.0,1.0,F,747000.0,4454.0
V10668,Surface Carrez,Libre immediatement,Saint-Denis,Basilique,93,Ile-de-France,T3,,58.5,1.0,1.0,B,158000.0,2701.0
V14905,Surface Carrez,dec-2026,Meaux,Colbert,77,Ile-de-France,T3,Esprit Cristal,62.8,1.0,1.0,A,173000.0,2755.0
V13023,Surface habitable,Libre immediatement,Massy,Atlantis,91,Ile-de-France,T5,Esprit Saint-Martin,135.5,3.0,0.0,F,412000.0,3041.0
V08547,Surface utile,Libre immediatement,Montreuil,Mairie,93,Ile-de-France,T4,Residence des Acacias,78.9,1.0,0.0,E,317000.0,4018.0
V07126,Surface Carrez,Libre immediatement,Noisy-le-Grand,Centre-ville,93,Ile-de-France,T3,Cour Horizon,50.1,2.0,1.0,C,176000.0,3513.0
V12289,Surface Carrez,sept-2029,Paris,La Muette,75,Ile-de-France,T4,Le Clos des Chenes,95,3.0,1.0,A,1451000.0,15274.0
V03699,Surface Carrez,Libre immediatement,Paris,Gobelins,75,Ile-de-France,T5,Villa Symphonie,119.3,2.0,1.0,C,934000.0,7829.0
V06391,Surface Carrez,mai-2026,Paris,Belleville,75,Ile-de-France,T3,Les Jardins Bellevue,52.4,2.0,2.0,A,584000.0,11145.0
V06060,Surface Carrez,Libre immediatement,Montreuil,Mairie,93,Ile-de-France,T4,Les Allees Riviera,89.3,1.0,,G,316000.0,3539.0
V07943,Surface Carrez,Libre immediatement,Argenteuil,Coteaux,95,Ile-de-France,T3,,72.4,2.0,0.0,G,202000.0,2790.0
V14195,Surface Carrez,Libre immediatement,Paris,Vaugirard,75,Ile-de-France,T5,,129.9,2.0,,D,1206000.0,9284.0
V05930,Surface Carrez,Libre immediatement,Argenteuil,Val d'Argent,95,Ile-de-France,T3,Le Clos Symphonie,69.1,1.0,2.0,C,170000.0,2460.0
V10144,Surface Carrez,aout-2026,Mantes-la-Jolie,Centre-Ville,78,Ile-de-France,T4,Carre Bellevue,89.7,3.0,1.0,C,364000.0,4058.0
V13625,Surface Carrez,mars-2026,Paris,Le Marais,75,Ile-de-France,T2,Residence du Parc,56.4,1.0,1.0,A,883000.0,15656.0
V14342,Surface utile,Libre immediatement,Paris,Buttes-Chaumont,75,Ile-de-France,T4,Les Allees des Lilas,103,1.0,1.0,D,723000.0,7019.0
V07569,Surface Carrez,Libre immediatement,Ivry-sur-Seine,Petit-Ivry,94,Ile-de-France,T3,Esprit Saint-Martin,87.9,1.0,0.0,,319000.0,3629.0
V05393,Surface utile,sept-2028,Paris,Porte de Clignancourt,75,Ile-de-France,T1,Le Hameau Horizon,18.7,1.0,1.0,B,189000.0,10107.0
V02975,Surface Carrez,Libre immediatement,Boulogne-Billancourt,Centre-Ville,92,Ile-de-France,T5,Les Allees du Parc,78.3,3.0,3.0,C,572000.0,7305.0
V08326,Surface Carrez,aout-2027,Issy-les-Moulineaux,Fort d'Issy,92,Ile-de-France,T2,Le Clos Voltaire,36.8,1.0,0.0,B,271000.0,7364.0
V10833,Surface utile,Libre immediatement,Boulogne-Billancourt,Centre-Ville,92,Ile-de-France,T4,Le Clos d'Argent,80.5,3.0,0.0,F,655000.0,8137.0
V01313,Surface Carrez,mars-2027,Paris,La Muette,75,Ile-de-France,T3,Residence Opale,83.4,1.0,0.0,B,1182000.0,14173.0
V06908,Surface au sol,Libre immediatement,Aubervilliers,Centre,93,Ile-de-France,Maison 7 pieces,Les Terrasses des Lilas,195.1,3.0,0.0,E,610000.0,3127.0
V03729,Surface Carrez,Libre immediatement,Montreuil,Bas-Montreuil,93,Ile-de-France,T4,Le Domaine Voltaire,73.4,2.0,1.0,C,376000.0,5123.0
V06803,Surface Carrez,Libre immediatement,Argenteuil,Orgemont,95,Ile-de-France,T5,Le Hameau Concorde,125.9,3.0,0.0,D,398000.0,3161.0
V08046,Surface Carrez,Libre immediatement,Massy,Villaine,91,Ile-de-France,T4,,73.7,3.0,0.0,D,200000.0,2714.0
V03809,Surface Carrez,fevr-2027,Trappes,Village,78,Ile-de-France,Maison 3 pieces,Residence Verte,87.3,1.0,2.0,B,258000.0,2955.0
V13367,Surface habitable,Libre immediatement,Paris,Porte de Clignancourt,75,Ile-de-France,T5,Carre Concorde,93.4,3.0,1.0,C,825000.0,8833.0
V07226,Surface Carrez,mai-2028,Paris,Buttes-Chaumont,75,Ile-de-France,T5,Les Jardins du Parc,109 - 115,2.0,0.0,C,1001000.0,
V02404,Surface Carrez,Libre immediatement,Argenteuil,Centre-Ville,95,Ile-de-France,T3,Le Domaine Horizon,71.9,1.0,1.0,F,225000.0,3129.0
V06558,Surface habitable,Libre immediatement,Paris,Champ-de-Mars,75,Ile-de-France,T6,Le Parc du Lac,165.1,1.0,0.0,D,1840000.0,11145.0
V03722,Surface Carrez,Libre immediatement,Paris,Saint-Germain-des-Pres,75,Ile-de-France,T2,Villa Opale,40.3,1.0,1.0,D,520000.0,12903.0
V04277,Surface Carrez,Libre immediatement,Paris,Montmartre,75,Ile-de-France,T1,,28,1.0,1.0,E,252000.0,9000.0
V05474,Surface Carrez,Libre immediatement,Paris,Le Marais,75,Ile-de-France,T2,Le Parc Latitude,57.3,1.0,2.0,D,603000.0,10524.0
V11544,Surface Carrez,Libre immediatement,Paris,Belleville,75,Ile-de-France,T4,,97.9,2.0,,D,739000.0,7549.0
V06037,Surface Carrez,avr-2026,Paris,Montmartre,75,Ile-de-France,T2,Le Parc Beausejour,42.4,1.0,0.0,B,464000.0,10943.0
V11784,Surface Carrez,Libre immediatement,Boulogne-Billancourt,Point du Jour,92,Ile-de-France,T3,,68.4,1.0,2.0,E,442000.0,6462.0
V10642,Surface habitable,Libre immediatement,Paris,Montmartre,75,Ile-de-France,T6,Residence Voltaire,128.8,3.0,1.0,F,1048000.0,8137.0
V10894,Surface au sol,Libre immediatement,Montreuil,Ruffins,93,Ile-de-France,Maison 4 pieces,Les Allees Concorde,88.1,3.0,1.0,D,270000.0,3065.0
V06280,Surface Carrez,Libre immediatement,Montreuil,Ruffins,93,Ile-de-France,T4,Carre Bellevue,94.5,3.0,0.0,C,352000.0,3725.0
V08598,Surface Carrez,Libre immediatement,Issy-les-Moulineaux,Fort d'Issy,92,Ile-de-France,T2,,38.7,1.0,0.0,A,369000.0,9535.0
V02864,Surface utile,mars-2027,Montreuil,Bas-Montreuil,93,Ile-de-France,T2,Cour Montaigne,53.5,1.0,2.0,A,285000.0,5327.0
V03764,Surface Carrez,Libre immediatement,Paris,Gobelins,75,Ile-de-France,T2,Villa Cristal,64.7,1.0,0.0,D,574000.0,8872.0
V13351,Surface Carrez,Libre immediatement,Aubervilliers,Villette-Quatre-Chemins,93,Ile-de-France,T2,Le Domaine Bellevue,35.7,1.0,0.0,E,96000.0,2689.0
V13462,Surface habitable,Libre immediatement,Argenteuil,Centre-Ville,95,Ile-de-France,Maison 5 pieces,Residence Latitude,120 - 152,2.0,1.0,D,408000.0,
V00358,Surface habitable,Libre immediatement,Saint-Germain-en-Laye,Hopital,78,Ile-de-France,T3,,65.1,1.0,,B,327000.0,5023.0
V10043,Surface Carrez,Libre immediatement,Paris,Gobelins,75,Ile-de-France,T3,Carre d'Argent,85.8,1.0,,D,776000.0,9044.0
V00354,Surface Carrez,Libre immediatement,Noisy-le-Grand,Butte Verte,93,Ile-de-France,T5,,87.4,2.0,0.0,D,337000.0,3856.0
V13522,Surface habitable,Libre immediatement,Vitry-sur-Seine,Moulin-Vert,94,Ile-de-France,T3,,68.4,2.0,0.0,E,220000.0,3216.0
V14906,Surface Carrez,Libre immediatement,Massy,Opera,91,Ile-de-France,T5,,102 - 131,3.0,1.0,C,335000.0,
V02270,Surface Carrez,Libre immediatement,Aubervilliers,Villette-Quatre-Chemins,93,Ile-de-France,T2,Residence Bellevue,46.6,1.0,0.0,E,165000.0,3541.0
V03419,Surface Carrez,Libre immediatement,Saint-Denis,Franc-Moisin,93,Ile-de-France,T4,Cour Montaigne,99.1,1.0,2.0,E,194000.0,1958.0
V07026,Surface Carrez,Libre immediatement,Argenteuil,Coteaux,95,Ile-de-France,Maison 5 pieces,Les Jardins du Lac,157.6,1.0,0.0,D,422000.0,2678.0
V10143,Surface Carrez,Libre immediatement,Trappes,Les Merisiers,78,Ile-de-France,T3,Villa Cristal,56.3,1.0,1.0,D,145000.0,2575.0
V05769,Surface Carrez,Libre immediatement,Paris,Bercy,75,Ile-de-France,T2,,55.7,1.0,1.0,C,439000.0,7882.0
V10825,Surface Carrez,Libre immediatement,Paris,Porte de Clignancourt,75,Ile-de-France,T4,Carre Symphonie,83.8,1.0,0.0,C,512000.0,6110.0
V10826,Surface Carrez,Libre immediatement,Paris,Montmartre,75,Ile-de-France,T4,Esprit Saint-Martin,85.3,1.0,0.0,D,769000.0,9015.0
V05569,Surface utile,Libre immediatement,Montreuil,Bas-Montreuil,93,Ile-de-France,T1,Le Clos Cristal,23,1.0,1.0,D,131000.0,5696.0
V05135,Surface habitable,Libre immediatement,Paris,Batignolles,75,Ile-de-France,T3,Le Domaine Symphonie,59.8,2.0,1.0,F,526000.0,8796.0
V05989,Surface habitable,mars-2026,Issy-les-Moulineaux,Corentin Celton,92,Ile-de-France,T3,Villa des Chenes,77.9,2.0,1.0,B,757000.0,9718.0
V12824,Surface Carrez,Libre immediatement,Montreuil,Croix de Chavaux,93,Ile-de-France,T4,Le Parc des Lilas,79.9,3.0,,D,333000.0,4168.0
V06678,Surface Carrez,aout-2027,Paris,Porte de Clignancourt,75,Ile-de-France,T3,Les Terrasses Belvedere,44.8,2.0,1.0,A,352000.0,7857.0
V05879,Surface Carrez,Libre immediatement,Paris,Montmartre,75,Ile-de-France,T6,,247.3,3.0,2.0,C,1799000.0,7275.0
V04290,Surface au sol,Libre immediatement,Evry-Courcouronnes,Le Canal,91,Ile-de-France,Maison 5 pieces,,91.9,2.0,0.0,D,246000.0,2677.0
V13871,Surface Carrez,Libre immediatement,Levallois-Perret,Front de Seine,92,Ile-de-France,T6,,119.5,1.0,1.0,C,1150000.0,9623.0
V13667,Surface Carrez,Libre immediatement,Saint-Denis,Franc-Moisin,93,Ile-de-France,T1,Le Domaine Voltaire,24.9,1.0,1.0,E,59000.0,2369.0
V14007,Surface utile,Libre immediatement,Levallois-Perret,Collange,92,Ile-de-France,T5,,91,3.0,1.0,B,978000.0,10747.0
V04575,Surface habitable,Libre immediatement,Paris,Gobelins,75,Ile-de-France,T5,,123.5,3.0,0.0,B,1042000.0,8437.0
V13736,Surface Carrez,Libre immediatement,Paris,La Muette,75,Ile-de-France,T3,,74.5,2.0,0.0,C,888000.0,11919.0
V03187,Surface utile,sept-2029,Montreuil,Mairie,93,Ile-de-France,T3,Le Hameau Horizon,74,2.0,1.0,A,405000.0,5473.0
V00608,Surface utile,Libre immediatement,Paris,Vaugirard,75,Ile-de-France,T1,,26.8,1.0,,C,240000.0,8955.0
V11369,Surface utile,nov-2027,Levallois-Perret,Collange,92,Ile-de-France,T3,Residence du Parc,58.8,2.0,0.0,B,550000.0,9354.0
V05350,Surface Carrez,Libre immediatement,Neuilly-sur-Seine,Sablons,92,Ile-de-France,T4,,97.4,3.0,1.0,E,1140000.0,11704.0
V09971,Surface Carrez,Libre immediatement,Paris,Batignolles,75,Ile-de-France,T3,,67.3,2.0,0.0,C,716000.0,10639.0
V05630,Surface Carrez,Libre immediatement,Paris,Vaugirard,75,Ile-de-France,T1,Le Clos du Parc,29,1.0,0.0,E,251000.0,8655.0
V06624,Surface Carrez,Libre immediatement,Paris,Batignolles,75,Ile-de-France,T3,Residence Concorde,59.1,1.0,1.0,D,560000.0,9475.0
V09097,Surface Carrez,Libre immediatement,Paris,Belleville,75,Ile-de-France,T3,,63.9,2.0,1.0,D,459000.0,7183.0
V00639,Surface utile,Libre immediatement,Paris,Belleville,75,Ile-de-France,T1,,30.9,1.0,1.0,E,172000.0,5566.0
V02486,Surface Carrez,Libre immediatement,Nanterre,Centre,92,Ile-de-France,Maison 6 pieces,Le Clos du Lac,128.3,4.0,0.0,E,675000.0,5261.0
V08209,Surface utile,Libre immediatement,Paris,Bercy,75,Ile-de-France,T4,,77.2,3.0,,F,624000.0,8083.0
V00917,Surface Carrez,Libre immediatement,Issy-les-Moulineaux,Les Epinettes,92,Ile-de-France,T2,,45.6,1.0,1.0,E,329000.0,7215.0
V09405,Surface Carrez,Libre immediatement,Issy-les-Moulineaux,Corentin Celton,92,Ile-de-France,T2,,40.3,1.0,1.0,D,307000.0,7618.0
V02329,Surface Carrez,Libre immediatement,Massy,Vilmorin,91,Ile-de-France,T2,,31.8,1.0,,E,115000.0,3616.0
V08984,Surface habitable,aout-2026,Creteil,Centre Ancien,94,Ile-de-France,T2,Les Jardins Belvedere,53.4,1.0,0.0,C,233000.0,4363.0
V10818,Surface Carrez,Libre immediatement,Melun,Centre-Ville,77,Ile-de-France,T3,,"80,6",2.0,0.0,,242000.0,3002.0
V09202,Surface utile,Libre immediatement,Saint-Denis,La Plaine,93,Ile-de-France,T2,Le Parc des Chenes,38.5,1.0,0.0,E,111000.0,2883.0
V08846,Surface Carrez,oct-2027,Argenteuil,Centre-Ville,95,Ile-de-France,T2,Residence des Lilas,45.1,1.0,,B,177000.0,3925.0
V05440,Surface Carrez,Libre immediatement,Vincennes,Domaine du Bois,94,Ile-de-France,T3,,53.8,1.0,1.0,D,462000.0,8587.0
V03880,Surface Carrez,mai-2028,Creteil,Echat,94,Ile-de-France,T3,Residence du Lac,60.2,1.0,0.0,B,287000.0,4767.0
V00168,Surface Carrez,Libre immediatement,Paris,Batignolles,75,Ile-de-France,T3,Les Allees Symphonie,83.8,2.0,0.0,D,707000.0,8437.0
V00859,Surface Carrez,Libre immediatement,Levallois-Perret,Collange,92,Ile-de-France,T5,,109,2.0,0.0,F,744000.0,6826.0
V12238,Surface Carrez,Libre immediatement,Creteil,Lac,94,Ile-de-France,T3,,74.1,2.0,0.0,D,288000.0,3887.0
V03557,Surface Carrez,Libre immediatement,Paris,Montmartre,75,Ile-de-France,T4,Esprit Belvedere,91.6,2.0,2.0,D,815000.0,8897.0
V08341,Surface Carrez,fevr-2027,Massy,Opera,91,Ile-de-France,T3,Les Allees Opale,57.8,1.0,2.0,,269000.0,4654.0
V10251,Surface Carrez,Libre immediatement,Mantes-la-Jolie,Gassicourt,78,Ile-de-France,T4,Le Domaine Opale,128.5,3.0,1.0,D,412000.0,3206.0
V00491,Surface Carrez,nov-2028,Paris,Bercy,75,Ile-de-France,T3,Les Allees des Lilas,70.7,2.0,0.0,A,889000.0,12574.0
V05832,Surface utile,nov-2027,Paris,Champ-de-Mars,75,Ile-de-France,T4,Residence Montaigne,81.7,3.0,2.0,B,1125000.0,13770.0
V03216,Surface habitable,juil-2028,Meaux,Hopital,77,Ile-de-France,T2,Le Domaine Beausejour,46.1,1.0,1.0,A,116000.0,2516.0
V14755,Surface utile,Libre immediatement,Paris,Saint-Germain-des-Pres,75,Ile-de-France,T5,,117.1,3.0,0.0,F,1142000.0,9752.0
V02245,Surface Carrez,janv-2028,Paris,Belleville,75,Ile-de-France,T3,Les Jardins Concorde,72.8,2.0,0.0,B,619000.0,8503.0
V10155,Surface habitable,Libre immediatement,Paris,Bercy,75,Ile-de-France,T2,Carre Bellevue,55.9,1.0,2.0,C,494000.0,8837.0
V00420,Surface Carrez,Libre immediatement,Meaux,Hopital,77,Ile-de-France,T4,Le Clos des Chenes,100.1,2.0,0.0,C,203000.0,2028.0
V09392,Surface Carrez,Libre immediatement,Paris,Porte de Clignancourt,75,Ile-de-France,T5,,90,3.0,0.0,F,409000.0,4544.0
V05946,Surface Carrez,mai-2026,Issy-les-Moulineaux,Fort d'Issy,92,Ile-de-France,T4,Le Hameau des Acacias,82.8,1.0,1.0,B,680000.0,8213.0
V06197,Surface Carrez,Libre immediatement,Noisy-le-Grand,Centre-ville,93,Ile-de-France,T3,Les Allees Riviera,63.4,2.0,2.0,G,187000.0,2950.0
V09645,Surface Carrez,Libre immediatement,Levallois-Perret,Eiffel,92,Ile-de-France,T3,,67.4,1.0,1.0,D,638000.0,9466.0
V00959,Surface utile,Libre immediatement,Aubervilliers,Fort d'Aubervilliers,93,Ile-de-France,T3,,53.5,2.0,2.0,D,180000.0,3364.0
V11700,Surface Carrez,Libre immediatement,Neuilly-sur-Seine,Saint-James,92,Ile-de-France,T3,,63.9,2.0,0.0,F,612000.0,9577.0
V13674,Surface Carrez,Libre immediatement,Paris,Champ-de-Mars,75,Ile-de-France,T2,,39.8,1.0,0.0,B,506000.0,12714.0
V14631,Surface Carrez,Libre immediatement,Paris,Montmartre,75,Ile-de-France,T5,Le Parc du Parc,98.8,3.0,1.0,A,977000.0,9889.0
V00147,Surface Carrez,Libre immediatement,Creteil,Centre Ancien,94,Ile-de-France,T5,Residence Opale,112.9,2.0,0.0,D,397000.0,3516.0
V06612,Surface utile,Libre immediatement,Levallois-Perret,Centre,92,Ile-de-France,T3,,67.8,2.0,2.0,A,695000.0,10251.0
V08384,Surface Carrez,Libre immediatement,Paris,Bercy,75,Ile-de-France,T3,Esprit du Parc,71.8,1.0,1.0,B,700000.0,9749.0
V10419,Surface habitable,oct-2026,Saint-Denis,Pleyel,93,Ile-de-France,T2,Esprit des Chenes,34.6,1.0,0.0,,135000.0,3902.0
V01686,Surface Carrez,Libre immediatement,Evry-Courcouronnes,Le Canal,91,Ile-de-France,T2,,48.7,1.0,,D,138000.0,2834.0
V14807,Surface Carrez,Libre immediatement,Paris,Saint-Germain-des-Pres,75,Ile-de-France,T2,Le Domaine Verte,36.3,1.0,2.0,D,557000.0,15344.0
V13296,Surface habitable,Libre immediatement,Nanterre,Parc Sud,92,Ile-de-France,T5,,135.4,3.0,0.0,D,796000.0,5879.0
V11792,Surface utile,Libre immediatement,Montreuil,Ruffins,93,Ile-de-France,T3,Le Parc Saint-Martin,43.8,2.0,0.0,D,172000.0,3927.0
V02893,Surface habitable,Libre immediatement,Paris,La Muette,75,Ile-de-France,T4,Le Domaine Montaigne,97.1,1.0,2.0,C,967000.0,9959.0
V05280,Surface habitable,Libre immediatement,Issy-les-Moulineaux,Les Epinettes,92,Ile-de-France,T2,Le Hameau du Parc,43.4,1.0,2.0,C,356000.0,8203.0
V02524,Surface Carrez,Libre immediatement,Antony,Centre-Ville,92,Ile-de-France,T4,Residence Opale,106.1,3.0,2.0,F,545000.0,5137.0
V01766,Surface Carrez,Libre immediatement,Massy,Opera,91,Ile-de-France,T2,Cour du Lac,46.1,1.0,1.0,A,200000.0,4338.0
V01225,Surface Carrez,Libre immediatement,Vincennes,Centre-Ville,94,Ile-de-France,T2,,46,1.0,0.0,E,371000.0,8065.0
V08747,Surface Carrez,Libre immediatement,Evry-Courcouronnes,Bois Sauvage,91,Ile-de-France,T3,,61.9,1.0,2.0,C,133000.0,2149.0
V07239,Surface Carrez,Libre immediatement,Paris,Bercy,75,Ile-de-France,T2,,58.8,1.0,0.0,E,428000.0,7279.0
V02093,Surface habitable,Libre immediatement,Paris,Bercy,75,Ile-de-France,T3,,62.7,1.0,0.0,D,648000.0,10335.0
V02017,Surface Carrez,Libre immediatement,Noisy-le-Grand,Butte Verte,93,Ile-de-France,T3,Carre Cristal,50.3,1.0,2.0,F,173000.0,3439.0
V11973,Surface Carrez,Libre immediatement,Issy-les-Moulineaux,Fort d'Issy,92,Ile-de-France,T4,,92.9,2.0,0.0,C,704000.0,7578.0
V14103,Surface Carrez,Libre immediatement,Levallois-Perret,Centre,92,Ile-de-France,T2,,33.3,1.0,0.0,D,272000.0,8168.0
V08804,Surface Carrez,Libre immediatement,Paris,Champ-de-Mars,75,Ile-de-France,T3,,73.3,1.0,0.0,C,1244000.0,16971.0
V06113,Surface Carrez,Libre immediatement,Evry-Courcouronnes,Le Canal,91,Ile-de-France,T1,Le Hameau Opale,27.6,1.0,0.0,D,86000.0,3116.0
V11843,Surface utile,Libre immediatement,Montreuil,Bel-Air,93,Ile-de-France,T4,Carre Montaigne,91.7,2.0,2.0,C,387000.0,4220.0
V08969,Surface au sol,juin-2026,Vincennes,Centre-Ville,94,Ile-de-France,Maison 3 pieces,Les Jardins d'Argent,70,2.0,0.0,B,544000.0,7771.0
V13032,Surface Carrez,janv-2027,Paris,Saint-Germain-des-Pres,75,Ile-de-France,T3,Residence Riviera,55.2,2.0,2.0,B,1249000.0,22627.0
V09190,Surface Carrez,Libre immediatement,Vitry-sur-Seine,Centre-Ville,94,Ile-de-France,T4,Le Clos d'Argent,105.5,3.0,3.0,A,366000.0,3469.0
V06869,Surface Carrez,Libre immediatement,Vincennes,Centre-Ville,94,Ile-de-France,T3,,80.7,2.0,,B,589000.0,7299.0
V13170,Surface Carrez,mai-2027,Versailles,Saint-Louis,78,Ile-de-France,T4,Residence Opale,84.6,2.0,0.0,A,515000.0,6087.0
V14371,Surface Carrez,Libre immediatement,Paris,Bercy,75,Ile-de-France,T4,,78.1,2.0,1.0,D,572000.0,7324.0
V11741,Surface Carrez,juin-2027,Paris,La Muette,75,Ile-de-France,T2,Le Domaine du Parc,33.6,1.0,0.0,A,562000.0,16726.0
V08178,Surface utile,Libre immediatement,Evry-Courcouronnes,Centre-Ville,91,Ile-de-France,T4,,90.6,3.0,0.0,D,247000.0,2726.0
V03300,Surface Carrez,Libre immediatement,Vitry-sur-Seine,Centre-Ville,94,Ile-de-France,T4,,90.9,2.0,3.0,B,423000.0,4653.0
V09508,Surface utile,Libre immediatement,Melun,Montaigu,77,Ile-de-France,T3,Le Clos d'Argent,68.6,2.0,1.0,B,164000.0,2391.0
V11249,Surface au sol,Libre immediatement,Trappes,Sand-Pergaud-Verlaine,78,Ile-de-France,Maison 6 pieces,,130.5,3.0,2.0,,304000.0,2330.0
V00222,Surface Carrez,Libre immediatement,Paris,Batignolles,75,Ile-de-France,T2,,36.5,1.0,1.0,E,318000.0,8712.0
V07763,Surface habitable,juil-2027,Paris,Porte de Clignancourt,75,Ile-de-France,T3,Carre Voltaire,48.9,2.0,2.0,C,552000.0,11288.0
V14753,Surface Carrez,Libre immediatement,Issy-les-Moulineaux,Val de Seine,92,Ile-de-France,T1,,27.7,1.0,0.0,C,230000.0,8303.0
V00662,Surface Carrez,Libre immediatement,Boulogne-Billancourt,Rives de Seine,92,Ile-de-France,T3,,50.7,1.0,1.0,E,399000.0,7870.0
V04391,Surface Carrez,aout-2029,Paris,Le Marais,75,Ile-de-France,T1,Residence Cristal,27.9,1.0,0.0,A,370000.0,13262.0
V00854,Surface utile,Libre immediatement,Paris,Gobelins,75,Ile-de-France,T3,Villa Montaigne,62,2.0,0.0,D,549000.0,8855.0
V03919,Surface Carrez,Libre immediatement,Paris,Saint-Germain-des-Pres,75,Ile-de-France,T3,,67.8,2.0,1.0,E,801000.0,11814.0
V08405,Surface Carrez,Libre immediatement,Saint-Denis,Grand Centre,93,Ile-de-France,T3,,90.7,1.0,0.0,A,290000.0,3197.0
V03672,Surface Carrez,Libre immediatement,Bobigny,Pont de Bondy,93,Ile-de-France,T3,,62.2,2.0,1.0,F,152000.0,2444.0
V08790,Surface utile,juin-2028,Levallois-Perret,Front de Seine,92,Ile-de-France,T3,Les Jardins du Parc,56.6,2.0,0.0,B,764000.0,13498.0
V12262,Surface Carrez,Libre immediatement,Montreuil,Bel-Air,93,Ile-de-France,T2,Le Hameau du Parc,37.7,1.0,2.0,D,181000.0,4801.0
V08360,Surface Carrez,Libre immediatement,Saint-Denis,Franc-Moisin,93,Ile-de-France,T3,Les Jardins Bellevue,81.5,2.0,0.0,F,172000.0,2110.0
V11734,Surface habitable,Libre immediatement,Montreuil,Croix de Chavaux,93,Ile-de-France,T3,,59.2,1.0,2.0,E,277000.0,4679.0
V13520,Surface utile,Libre immediatement,Boulogne-Billancourt,Parchamp,92,Ile-de-France,T3,,71.1,2.0,1.0,D,731000.0,10281.0
V04868,Surface Carrez,Libre immediatement,Paris,Batignolles,75,Ile-de-France,T3,,65.9,1.0,1.0,C,637000.0,9666.0
V01045,Surface habitable,Libre immediatement,Boulogne-Billancourt,Rives de Seine,92,Ile-de-France,T3,,69.5,1.0,2.0,D,561000.0,8072.0
V07694,Surface Carrez,Libre immediatement,Antony,Centre-Ville,92,Ile-de-France,T1,,30.3,1.0,0.0,G,102000.0,3366.0
V13047,Surface Carrez,Libre immediatement,Paris,Le Marais,75,Ile-de-France,T2,Esprit Verte,50.3,1.0,0.0,D,554000.0,11014.0
V07777,Surface Carrez,Libre immediatement,Levallois-Perret,Front de Seine,92,Ile-de-France,T3,Les Terrasses Riviera,81.4,2.0,1.0,D,817000.0,10037.0
V01814,Surface Carrez,Libre immediatement,Paris,La Muette,75,Ile-de-France,T3,,77.7,1.0,1.0,D,749000.0,9640.0
V14757,Surface Carrez,juin-2026,Issy-les-Moulineaux,Corentin Celton,92,Ile-de-France,T2,Villa du Lac,38.6,1.0,2.0,B,308000.0,7979.0
V11121,Surface Carrez,Libre immediatement,Levallois-Perret,Collange,92,Ile-de-France,T4,,93.2,3.0,1.0,D,742000.0,7961.0
V12827,Surface habitable,Libre immediatement,Creteil,Echat,94,Ile-de-France,T4,,99.3,1.0,,F,326000.0,3283.0
V13679,Surface Carrez,Libre immediatement,Argenteuil,Centre-Ville,95,Ile-de-France,T3,Esprit Riviera,47.9,2.0,0.0,D,168000.0,3507.0
V13146,Surface Carrez,sept-2027,Boulogne-Billancourt,Billancourt,92,Ile-de-France,T3,Le Parc Horizon,46.6,2.0,1.0,C,496000.0,10644.0
V02956,Surface Carrez,Libre immediatement,Versailles,Montreuil,78,Ile-de-France,Maison 4 pieces,Cour des Acacias,111.4,2.0,1.0,E,525000.0,4713.0
V09716,Surface habitable,Libre immediatement,Aubervilliers,Villette-Quatre-Chemins,93,Ile-de-France,T4,Villa Belvedere,83.5,2.0,1.0,F,238000.0,2850.0
V02851,Surface Carrez,Libre immediatement,Paris,Belleville,75,Ile-de-France,T4,,92.4,3.0,1.0,C,655000.0,7089.0
V05489,Surface Carrez,Libre immediatement,Paris,La Muette,75,Ile-de-France,T1,,28.5,1.0,1.0,C,355000.0,12456.0
V00316,Surface Carrez,Libre immediatement,Paris,Gobelins,75,Ile-de-France,T4,Villa Cristal,80.5,2.0,0.0,B,814000.0,10112.0
V02434,Surface Carrez,nov-2026,Evry-Courcouronnes,Le Canal,91,Ile-de-France,T2,Villa Beausejour,37.9,1.0,0.0,A,122000.0,3219.0
V06974,Surface au sol,Libre immediatement,Ivry-sur-Seine,Petit-Ivry,94,Ile-de-France,Maison 5 pieces,Le Hameau Belvedere,122.9,4.0,1.0,B,392000.0,3190.0
V04007,Surface Carrez,Libre immediatement,Paris,Batignolles,75,Ile-de-France,T4,,72.3,2.0,0.0,F,682000.0,9433.0
V04143,Surface Carrez,Libre immediatement,Ivry-sur-Seine,Petit-Ivry,94,Ile-de-France,T4,,94.6,3.0,1.0,C,412000.0,4355.0
V00602,Surface Carrez,Libre immediatement,Nanterre,Centre,92,Ile-de-France,T3,Residence Riviera,66.8,2.0,1.0,F,381000.0,5704.0
V10789,Surface Carrez,Libre immediatement,Versailles,Saint-Louis,78,Ile-de-France,T3,Le Hameau Voltaire,59.3,1.0,1.0,C,391000.0,6594.0
V09170,Surface Carrez,mai-2027,Paris,Montmartre,75,Ile-de-France,T4,Villa du Parc,70.9,2.0,0.0,B,767000.0,10818.0
V13318,Surface Carrez,Libre immediatement,Paris,Belleville,75,Ile-de-France,T4,Le Clos d'Argent,85.6,2.0,0.0,B,645000.0,7535.0
V14859,Surface Carrez,juin-2026,Paris,Belleville,75,Ile-de-France,T4,Esprit Voltaire,99.1,2.0,2.0,B,969000.0,9778.0
V07488,Surface habitable,oct-2027,Paris,Belleville,75,Ile-de-France,Maison 6 pieces,Les Jardins Verte,184.6,1.0,0.0,A,1552000.0,8407.0
V10814,Surface Carrez,Libre immediatement,Versailles,Saint-Louis,78,Ile-de-France,T3,,80.1,2.0,2.0,D,475000.0,5930.0
V02702,Surface utile,Libre immediatement,Vincennes,Centre-Ville,94,Ile-de-France,T5,Esprit des Chenes,95.9,3.0,2.0,D,723000.0,7539.0
V13173,Surface Carrez,avr-2027,Paris,Bercy,75,Ile-de-France,T4,Les Terrasses Voltaire,83.5,3.0,1.0,A,804000.0,9629.0
V09105,Surface Carrez,Libre immediatement,Paris,Belleville,75,Ile-de-France,T1,Les Jardins Latitude,21.9,1.0,,C,140000.0,6393.0
V07045,Surface Carrez,avr-2027,Creteil,Mont-Mesly,94,Ile-de-France,T2,Les Terrasses Opale,55.1,1.0,0.0,A,271000.0,4918.0
V11507,Surface Carrez,Libre immediatement,Cergy,Axe Majeur,95,Ile-de-France,T5,,111.5,3.0,1.0,B,285000.0,2556.0
V06682,Surface Carrez,Libre immediatement,Versailles,Notre-Dame,78,Ile-de-France,T3,Le Hameau Cristal,64.1,2.0,1.0,G,293000.0,4571.0
V00801,Surface Carrez,oct-2026,Aubervilliers,Centre,93,Ile-de-France,Maison 4 pieces,Esprit d'Argent,123.7,3.0,2.0,B,373000.0,3015.0
V12569,Surface Carrez,Libre immediatement,Mantes-la-Jolie,Centre-Ville,78,Ile-de-France,T2,Les Allees Latitude,40,1.0,1.0,A,132000.0,3300.0
V09387,Surface utile,Libre immediatement,Nanterre,Universite,92,Ile-de-France,T3,,90,2.0,1.0,E,396000.0,4400.0
V11480,Surface Carrez,Libre immediatement,Paris,Batignolles,75,Ile-de-France,T4,Les Jardins Bellevue,106.8,3.0,1.0,D,847000.0,7931.0
V13809,Surface Carrez,sept-2026,Nanterre,Universite,92,Ile-de-France,T2,Le Clos Riviera,529 pi2,1.0,0.0,B,271000.0,
V13102,Surface Carrez,Libre immediatement,Montreuil,Bas-Montreuil,93,Ile-de-France,T3,Le Parc des Lilas,73.7,1.0,,C,323000.0,4383.0
V00395,Surface utile,Libre immediatement,Creteil,Lac,94,Ile-de-France,T3,,65.7,1.0,0.0,D,256000.0,3896.0
V14653,Surface Carrez,Libre immediatement,Paris,Saint-Germain-des-Pres,75,Ile-de-France,T2,Villa Bellevue,56.3,1.0,,C,925000.0,16430.0
V09254,Surface Carrez,Libre immediatement,Neuilly-sur-Seine,Village,92,Ile-de-France,T3,,71.2,1.0,1.0,D,892000.0,12528.0
V09465,Surface Carrez,Libre immediatement,Noisy-le-Grand,Centre-ville,93,Ile-de-France,Maison 5 pieces,Villa Bellevue,147.7,4.0,0.0,D,482000.0,3263.0
V08134,Surface habitable,Libre immediatement,Vincennes,Republique,94,Ile-de-France,T4,,136,1.0,0.0,G,740000.0,5441.0
V09119,Surface utile,Libre immediatement,Noisy-le-Grand,Champy,93,Ile-de-France,T5,,137.1,2.0,1.0,E,385000.0,2808.0
V08136,Surface Carrez,Libre immediatement,Levallois-Perret,Collange,92,Ile-de-France,T5,Cour Concorde,134.3,2.0,1.0,A,1232000.0,9173.0
V00741,Surface Carrez,Libre immediatement,Paris,Montmartre,75,Ile-de-France,T2,Les Terrasses du Parc,47.4,1.0,0.0,E,307000.0,6477.0
V13838,Surface habitable,dec-2029,Levallois-Perret,Collange,92,Ile-de-France,T5,Residence Horizon,109.7,1.0,1.0,B,1070000.0,9754.0
V00516,Surface Carrez,Libre immediatement,Ivry-sur-Seine,Ivry-Port,94,Ile-de-France,T1,Residence Belvedere,31.5,1.0,1.0,C,124000.0,3937.0
V00665,Surface Carrez,Libre immediatement,Cergy,Axe Majeur,95,Ile-de-France,T3,,59.1,2.0,1.0,E,127000.0,2149.0
V11314,Surface Carrez,Libre immediatement,Paris,Montmartre,75,Ile-de-France,T3,Esprit Opale,63.7,2.0,1.0,B,567000.0,8901.0
V00063,Surface utile,Libre immediatement,Saint-Denis,La Plaine,93,Ile-de-France,T4,,93.4,2.0,1.0,G,300000.0,3212.0
V00749,Surface Carrez,Libre immediatement,Nanterre,Centre,92,Ile-de-France,T4,Carre Horizon,126.1,1.0,2.0,D,759000.0,6019.0
V09378,Surface Carrez,Libre immediatement,Noisy-le-Grand,Mont d'Est,93,Ile-de-France,T2,Residence Cristal,35.7,1.0,2.0,C,144000.0,4034.0
V09373,Surface Carrez,Libre immediatement,Massy,Vilmorin,91,Ile-de-France,T4,Villa Saint-Martin,101.2,1.0,0.0,D,323000.0,3192.0
V04825,Surface habitable,fevr-2028,Boulogne-Billancourt,Point du Jour,92,Ile-de-France,T3,Villa Saint-Martin,73.6,2.0,1.0,A,525000.0,7133.0
V00524,Surface Carrez,Libre immediatement,Saint-Denis,Grand Centre,93,Ile-de-France,T3,,78.5,2.0,2.0,D,211000.0,2688.0
V04982,Surface Carrez,Libre immediatement,Paris,Champ-de-Mars,75,Ile-de-France,T2,Le Parc Horizon,65.4,1.0,2.0,C,882000.0,13486.0
V12651,Surface habitable,Libre immediatement,Paris,Batignolles,75,Ile-de-France,T4,Les Allees du Parc,73,1.0,1.0,B,579000.0,7932.0
V04075,Surface Carrez,dec-2028,Creteil,Mont-Mesly,94,Ile-de-France,Maison 3 pieces,Le Clos d'Argent,58.8,2.0,0.0,B,273000.0,4643.0
V11823,Surface Carrez,Libre immediatement,Paris,Saint-Germain-des-Pres,75,Ile-de-France,T3,,53.4,2.0,0.0,A,886000.0,16592.0
V08274,Surface habitable,nov-2027,Antony,Pajeaud,92,Ile-de-France,T4,Carre Opale,90.5,3.0,0.0,C,457000.0,5050.0
V11568,Surface Carrez,Libre immediatement,Boulogne-Billancourt,Rives de Seine,92,Ile-de-France,T4,Le Hameau Horizon,85.8,2.0,2.0,B,832000.0,9697.0
V04754,Surface Carrez,Libre immediatement,Saint-Denis,Grand Centre,93,Ile-de-France,T4,Le Clos d'Argent,109.1,1.0,2.0,E,266000.0,2438.0
V08019,Surface utile,Libre immediatement,Paris,Bercy,75,Ile-de-France,T1,Le Parc du Lac,22.9,1.0,0.0,G,155000.0,6769.0
V12921,Surface Carrez,Libre immediatement,Creteil,Echat,94,Ile-de-France,T4,,76.3,3.0,0.0,E,238000.0,3119.0
V09160,Surface habitable,Libre immediatement,Saint-Denis,Grand Centre,93,Ile-de-France,T2,,43.5,1.0,2.0,E,145000.0,3333.0
V12094,Surface Carrez,Libre immediatement,Paris,Vaugirard,75,Ile-de-France,T4,Cour Verte,75.1,2.0,0.0,C,679000.0,9041.0
V08805,Surface Carrez,Libre immediatement,Paris,Vaugirard,75,Ile-de-France,T2,,61.3,1.0,0.0,D,526000.0,8581.0
V02861,Surface Carrez,Libre immediatement,Boulogne-Billancourt,Billancourt,92,Ile-de-France,T6,Cour Verte,99.9,3.0,0.0,D,720000.0,7207.0
V00518,Surface Carrez,Libre immediatement,Vitry-sur-Seine,Centre-Ville,94,Ile-de-France,Maison 7 pieces,Le Hameau Belvedere,147.4,4.0,0.0,D,474000.0,3216.0
V03529,Surface Carrez,Libre immediatement,Saint-Denis,La Plaine,93,Ile-de-France,T3,Le Clos des Acacias,78.3,2.0,1.0,A,278000.0,3550.0
V00745,Surface habitable,Libre immediatement,Paris,Gobelins,75,Ile-de-France,T2,,39.7,1.0,0.0,D,317000.0,7985.0
V01572,Surface Carrez,Libre immediatement,Ivry-sur-Seine,Centre-Ville,94,Ile-de-France,T1,,21.5,1.0,0.0,,119000.0,5535.0
V11139,Surface utile,avr-2027,Argenteuil,Orgemont,95,Ile-de-France,T5,Le Parc Voltaire,141.7,3.0,1.0,A,530000.0,3740.0
V08030,Surface habitable,Libre immediatement,Paris,Belleville,75,Ile-de-France,T3,,62.4,2.0,1.0,D,475000.0,7612.0
V04595,Surface Carrez,Libre immediatement,Aubervilliers,Landy,93,Ile-de-France,T1,,19.3,1.0,1.0,B,74000.0,3834.0
V07464,Surface Carrez,Libre immediatement,Saint-Denis,La Plaine,93,Ile-de-France,T3,,63.2,2.0,1.0,C,218000.0,3449.0
V05481,Surface Carrez,Libre immediatement,Evry-Courcouronnes,Les Pyramides,91,Ile-de-France,T2,,54.2,1.0,1.0,C,114000.0,2103.0
V10239,Surface habitable,mai-2027,Saint-Denis,La Plaine,93,Ile-de-France,T3,Cour Belvedere,64.9,2.0,0.0,C,314000.0,4838.0
V03840,Surface Carrez,Libre immediatement,Paris,Porte de Clignancourt,75,Ile-de-France,T4,Le Clos Voltaire,79.2,3.0,1.0,D,490000.0,6187.0
V12765,Surface au sol,Libre immediatement,Creteil,Echat,94,Ile-de-France,Maison 3 pieces,Le Hameau Riviera,57.9,2.0,1.0,C,180000.0,3109.0
V03380,Surface Carrez,Libre immediatement,Melun,Almont,77,Ile-de-France,T2,Carre Belvedere,42.1,1.0,0.0,D,113000.0,2684.0
V01023,Surface Carrez,Libre immediatement,Montreuil,Croix de Chavaux,93,Ile-de-France,T2,Villa des Chenes,41.6,1.0,1.0,D,208000.0,5000.0
V14871,Surface habitable,Libre immediatement,Trappes,Plaine de Neauphle,78,Ile-de-France,T3,Carre Voltaire,68.3,1.0,2.0,B,188000.0,2753.0
V13484,Surface Carrez,Libre immediatement,Paris,Le Marais,75,Ile-de-France,T6,,173.8,1.0,1.0,F,2202000.0,12670.0
V04586,Surface Carrez,Libre immediatement,Noisy-le-Grand,Mont d'Est,93,Ile-de-France,Maison 3 pieces,,58.4,1.0,0.0,D,214000.0,3664.0
V10415,Surface habitable,Libre immediatement,Montrouge,Centre,92,Ile-de-France,T4,,92.9,3.0,0.0,D,706000.0,7600.0
V13491,Surface Carrez,oct-2027,Montreuil,Mairie,93,Ile-de-France,T1,Les Terrasses Latitude,25.1,1.0,1.0,B,125000.0,4980.0
V06349,Surface Carrez,Libre immediatement,Paris,Le Marais,75,Ile-de-France,T4,,92.6,1.0,1.0,E,971000.0,10486.0
V01792,Surface Carrez,Libre immediatement,Paris,Bercy,75,Ile-de-France,T3,Les Terrasses Montaigne,70.2,2.0,1.0,B,495000.0,7051.0
V14093,Surface Carrez,Libre immediatement,Paris,Le Marais,75,Ile-de-France,T4,Residence Cristal,95.4,3.0,0.0,C,1034000.0,10839.0
V10311,Surface Carrez,Libre immediatement,Trappes,Village,78,Ile-de-France,T2,Le Hameau Concorde,50.1,1.0,1.0,D,173000.0,3453.0
V00016,Surface Carrez,fevr-2026,Antony,Pajeaud,92,Ile-de-France,T3,Le Parc du Parc,73.9,1.0,2.0,C,371000.0,5020.0
V05154,Surface Carrez,Libre immediatement,Paris,Vaugirard,75,Ile-de-France,T4,Les Jardins des Acacias,87.3,3.0,1.0,C,820000.0,9393.0
V07479,Surface Carrez,Libre immediatement,Ivry-sur-Seine,Centre-Ville,94,Ile-de-France,T5,Le Clos Horizon,99.4,3.0,0.0,E,519000.0,5221.0
V03618,Surface Carrez,Libre immediatement,Ivry-sur-Seine,Monmousseau,94,Ile-de-France,T4,Le Parc Riviera,86.2,3.0,3.0,B,331000.0,3840.0
V09175,Surface Carrez,Libre immediatement,Paris,La Muette,75,Ile-de-France,T4,Esprit d'Argent,86.1,3.0,1.0,D,983000.0,11417.0
V08736,Surface habitable,Libre immediatement,Versailles,Notre-Dame,78,Ile-de-France,Maison 6 pieces,Esprit Cristal,166.9,3.0,0.0,C,1162000.0,6962.0
V02343,Surface Carrez,avr-2026,Issy-les-Moulineaux,Les Epinettes,92,Ile-de-France,T5,Le Hameau Montaigne,136.9,3.0,1.0,B,1206000.0,8809.0
V13892,Surface Carrez,Libre immediatement,Paris,Montmartre,75,Ile-de-France,T3,,59.2,2.0,0.0,,477000.0,8057.0
V13638,Surface Carrez,Libre immediatement,Saint-Denis,La Plaine,93,Ile-de-France,Maison 4 pieces,Les Jardins Horizon,114.7,3.0,0.0,C,378000.0,3296.0
V01352,Surface Carrez,Libre immediatement,Argenteuil,Centre-Ville,95,Ile-de-France,T3,,67.7,1.0,2.0,B,239000.0,3530.0
V04349,Surface habitable,Libre immediatement,Paris,Batignolles,75,Ile-de-France,T2,Esprit Concorde,43.2,1.0,0.0,E,359000.0,8310.0
V12867,Surface habitable,Libre immediatement,Paris,Champ-de-Mars,75,Ile-de-France,T5,,118.4,3.0,2.0,D,1386000.0,11706.0
V06375,Surface Carrez,Libre immediatement,Levallois-Perret,Front de Seine,92,Ile-de-France,T4,Residence Montaigne,110.8,3.0,2.0,B,781000.0,7049.0
V00988,Surface Carrez,Libre immediatement,Evry-Courcouronnes,Le Canal,91,Ile-de-France,T4,,89.8,2.0,0.0,D,280000.0,3118.0
V05722,Surface habitable,Libre immediatement,Saint-Denis,La Plaine,93,Ile-de-France,T2,,42.9,1.0,1.0,C,170000.0,3963.0
V05257,Surface Carrez,Libre immediatement,Mantes-la-Jolie,Val Fourre,78,Ile-de-France,T2,Le Domaine Verte,37.9,1.0,0.0,D,82000.0,2164.0
V10145,Surface Carrez,aout-2028,Nanterre,Petit-Nanterre,92,Ile-de-France,T2,Esprit Verte,45.7,1.0,1.0,B,262000.0,5733.0
V11793,Surface Carrez,Libre immediatement,Cergy,Cergy-le-Haut,95,Ile-de-France,T5,Le Domaine des Lilas,96.7,3.0,1.0,E,243000.0,2513.0
V12266,Surface Carrez,Libre immediatement,Paris,La Muette,75,Ile-de-France,T2,,59.6,1.0,0.0,E,593000.0,9950.0
V02238,Surface Carrez,Libre immediatement,Mantes-la-Jolie,Centre-Ville,78,Ile-de-France,T2,,31.3,1.0,0.0,F,64000.0,2045.0
V12031,Surface Carrez,janv-2026,Paris,Belleville,75,Ile-de-France,T3,Le Hameau Symphonie,41.3,2.0,2.0,B,381000.0,9225.0
V10770,Surface au sol,Libre immediatement,Montreuil,Croix de Chavaux,93,Ile-de-France,Maison 5 pieces,,99.7,4.0,1.0,C,386000.0,3872.0
V12501,Surface habitable,Libre immediatement,Paris,Buttes-Chaumont,75,Ile-de-France,T5,,105.7,3.0,0.0,B,896000.0,8477.0
V05468,Surface Carrez,Libre immediatement,Nanterre,Universite,92,Ile-de-France,T4,,103.1,3.0,2.0,D,479000.0,4646.0
V07829,Surface Carrez,Libre immediatement,Aubervilliers,Fort d'Aubervilliers,93,Ile-de-France,T3,Le Parc Belvedere,56.2,1.0,2.0,A,187000.0,3327.0
V11738,Surface Carrez,Libre immediatement,Versailles,Chantiers,78,Ile-de-France,T4,Esprit Beausejour,126.6,2.0,3.0,B,625000.0,4937.0
V12081,Surface Carrez,Libre immediatement,Paris,Montmartre,75,Ile-de-France,T3,,75.3,2.0,1.0,F,609000.0,8088.0
V04426,Surface Carrez,janv-2026,Argenteuil,Orgemont,95,Ile-de-France,T3,Cour Voltaire,73.4,1.0,2.0,B,256000.0,3488.0
V12964,Surface habitable,Libre immediatement,Neuilly-sur-Seine,Bagatelle,92,Ile-de-France,T4,Les Terrasses Symphonie,140.1,3.0,,C,1676000.0,11963.0
V08224,Surface Carrez,Libre immediatement,Paris,Gobelins,75,Ile-de-France,T1,Les Jardins Verte,25.4,1.0,1.0,E,238000.0,9370.0
V14656,Surface Carrez,Libre immediatement,Saint-Denis,Franc-Moisin,93,Ile-de-France,T3,Le Hameau Opale,65.2,2.0,0.0,C,161000.0,2469.0
V09014,Surface au sol,Libre immediatement,Aubervilliers,Fort d'Aubervilliers,93,Ile-de-France,Maison 4 pieces,Residence Horizon,86.2,1.0,1.0,C,224000.0,2599.0
V14318,Surface Carrez,avr-2027,Vitry-sur-Seine,Ardoines,94,Ile-de-France,T4,Le Parc Bellevue,68.8,2.0,0.0,B,284000.0,4128.0
V14898,Surface Carrez,Libre immediatement,Argenteuil,Coteaux,95,Ile-de-France,T2,Residence Belvedere,47.7,1.0,1.0,G,116000.0,2432.0
V12287,Surface habitable,Libre immediatement,Nanterre,Centre,92,Ile-de-France,T4,Cour Latitude,77.5,1.0,1.0,E,437000.0,5639.0
V09386,Surface Carrez,Libre immediatement,Melun,Montaigu,77,Ile-de-France,T4,Le Parc du Parc,78.4,2.0,1.0,D,218000.0,2781.0
V05955,Surface Carrez,Libre immediatement,Montreuil,Bel-Air,93,Ile-de-France,T4,Le Hameau Latitude,92.1,3.0,0.0,D,355000.0,3855.0
V07509,Surface habitable,Libre immediatement,Vitry-sur-Seine,Moulin-Vert,94,Ile-de-France,T4,,88.2,2.0,0.0,D,305000.0,3458.0
V14481,Surface Carrez,dec-2026,Saint-Denis,Pleyel,93,Ile-de-France,T4,Le Parc Symphonie,81.7,3.0,1.0,B,286000.0,3501.0
V12335,Surface Carrez,janv-2028,Boulogne-Billancourt,Point du Jour,92,Ile-de-France,T4,Residence Symphonie,86.3,3.0,1.0,A,931000.0,10788.0
V00433,Surface habitable,Libre immediatement,Ivry-sur-Seine,Ivry-Port,94,Ile-de-France,T2,,40.3,1.0,1.0,E,178000.0,4417.0
V11916,Surface Carrez,Libre immediatement,Paris,Buttes-Chaumont,75,Ile-de-France,T3,,61.1,2.0,0.0,C,417000.0,6825.0
V04638,Surface Carrez,Libre immediatement,Paris,Porte de Clignancourt,75,Ile-de-France,T5,,128.5,2.0,0.0,E,679000.0,5284.0
V11397,Surface Carrez,Libre immediatement,Bobigny,Pont de Bondy,93,Ile-de-France,T2,Residence Saint-Martin,45,1.0,1.0,D,133000.0,2956.0
V05962,Surface Carrez,nov-2026,Nanterre,Parc Sud,92,Ile-de-France,T3,Les Allees Bellevue,82.8,2.0,0.0,A,660000.0,7971.0
V12785,Surface habitable,Libre immediatement,Paris,Batignolles,75,Ile-de-France,T3,Esprit des Lilas,75.4,2.0,1.0,D,755000.0,10013.0
V04810,Surface Carrez,Libre immediatement,Mantes-la-Jolie,Centre-Ville,78,Ile-de-France,T4,Villa Concorde,79.7,2.0,1.0,C,217000.0,2723.0
V04651,Surface Carrez,Libre immediatement,Paris,Gobelins,75,Ile-de-France,T3,Le Domaine Symphonie,52.7,1.0,0.0,C,491000.0,9317.0
V03812,Surface Carrez,nov-2028,Vitry-sur-Seine,Centre-Ville,94,Ile-de-France,T4,Les Terrasses Voltaire,74.4,3.0,2.0,A,327000.0,4395.0
V03619,Surface Carrez,Libre immediatement,Cergy,Axe Majeur,95,Ile-de-France,T4,Le Parc Beausejour,70.5,3.0,2.0,D,204000.0,2894.0
V11708,Surface habitable,Libre immediatement,Paris,Vaugirard,75,Ile-de-France,T2,Residence Belvedere,45.1,1.0,,,429000.0,9512.0
V05519,Surface Carrez,Libre immediatement,Antony,Centre-Ville,92,Ile-de-France,T4,Les Jardins Latitude,93.1,3.0,0.0,B,555000.0,5961.0
V01041,Surface Carrez,janv-2028,Montrouge,Ferry-Jaures,92,Ile-de-France,T3,Residence Saint-Martin,79.4,2.0,1.0,B,668000.0,8413.0
V02497,Surface Carrez,Libre immediatement,Bobigny,Etoile,93,Ile-de-France,T4,Les Allees Bellevue,64.2,1.0,1.0,E,251000.0,3910.0
V04485,Surface habitable,Libre immediatement,Paris,Montmartre,75,Ile-de-France,T2,,36,1.0,1.0,F,296000.0,8222.0
V11342,Surface Carrez,sept-2029,Neuilly-sur-Seine,Village,92,Ile-de-France,T2,Esprit Opale,40.1,1.0,1.0,B,437000.0,10898.0
V00717,Surface Carrez,Libre immediatement,Paris,Champ-de-Mars,75,Ile-de-France,T5,,126,3.0,3.0,A,1772000.0,14063.0
V05809,Surface Carrez,Libre immediatement,Argenteuil,Val d'Argent,95,Ile-de-France,Maison 4 pieces,,69.3,3.0,0.0,E,158000.0,2280.0
V11952,Surface Carrez,Libre immediatement,Paris,Buttes-Chaumont,75,Ile-de-France,T2,,36.8,1.0,1.0,E,251000.0,6821.0
V05018,Surface habitable,Libre immediatement,Montrouge,Centre,92,Ile-de-France,T3,Residence des Lilas,57.1,2.0,1.0,D,514000.0,9002.0
V01565,Surface Carrez,Libre immediatement,Paris,Batignolles,75,Ile-de-France,T2,Cour Saint-Martin,59.3,1.0,0.0,C,544000.0,9174.0
V08528,Surface Carrez,Libre immediatement,Saint-Denis,Franc-Moisin,93,Ile-de-France,T4,,98.1,2.0,2.0,C,258000.0,2630.0
V04282,Surface Carrez,Libre immediatement,Montrouge,Ferry-Jaures,92,Ile-de-France,T3,Le Parc Voltaire,82.5,2.0,0.0,E,473000.0,5733.0
V11773,Surface Carrez,aout-2026,Paris,Bercy,75,Ile-de-France,T3,Villa Montaigne,58.3,1.0,1.0,A,699000.0,11990.0
V04677,Surface Carrez,Libre immediatement,Issy-les-Moulineaux,Val de Seine,92,Ile-de-France,T2,,44.7,1.0,0.0,C,285000.0,6376.0
V07299,Surface Carrez,Libre immediatement,Montreuil,Mairie,93,Ile-de-France,T4,Esprit Beausejour,76.8,1.0,1.0,E,301000.0,3919.0
V11804,Surface habitable,Libre immediatement,Paris,Saint-Germain-des-Pres,75,Ile-de-France,T5,Le Parc des Acacias,109.8,3.0,1.0,D,1293000.0,11776.0
V00616,Surface habitable,Libre immediatement,Paris,Bercy,75,Ile-de-France,T4,Le Hameau Riviera,72.1,3.0,2.0,D,491000.0,6810.0
V02336,Surface utile,Libre immediatement,Paris,Saint-Germain-des-Pres,75,Ile-de-France,T3,,57.5,2.0,2.0,D,762000.0,13252.0
V08690,Surface Carrez,Libre immediatement,Levallois-Perret,Collange,92,Ile-de-France,T1,Villa Horizon,42.1,1.0,1.0,C,327000.0,7767.0
V14945,Surface habitable,mai-2027,Paris,Le Marais,75,Ile-de-France,T2,Le Hameau d'Argent,56.7,1.0,1.0,B,822000.0,14497.0
V10520,Surface Carrez,Libre immediatement,Paris,Montmartre,75,Ile-de-France,T1,Villa Latitude,32.6,1.0,1.0,B,269000.0,8252.0
V10796,Surface Carrez,fevr-2027,Paris,Bercy,75,Ile-de-France,T3,Les Jardins Concorde,92.7,1.0,0.0,A,1184000.0,12772.0
V04938,Surface Carrez,mars-2026,Paris,Belleville,75,Ile-de-France,T4,Le Domaine Voltaire,110.8,3.0,0.0,C,791000.0,7139.0
V10227,Surface au sol,nov-2028,Argenteuil,Coteaux,95,Ile-de-France,Maison 4 pieces,Le Domaine Concorde,80.4,3.0,2.0,A,311000.0,3868.0
V12063,Surface Carrez,Libre immediatement,Trappes,Sand-Pergaud-Verlaine,78,Ile-de-France,T3,,87.7,2.0,2.0,D,211000.0,2406.0
V08339,Surface au sol,Libre immediatement,Argenteuil,Coteaux,95,Ile-de-France,Maison 4 pieces,Villa Opale,97.7,1.0,0.0,A,304000.0,3112.0
V02944,Surface habitable,Libre immediatement,Paris,La Muette,75,Ile-de-France,T5,,97.4,2.0,1.0,E,1039000.0,10667.0
V12393,Surface Carrez,mai-2026,Meaux,Hopital,77,Ile-de-France,Maison 4 pieces,Les Terrasses des Acacias,96 - 107,3.0,1.0,A,213000.0,
V13552,Surface Carrez,juil-2027,Paris,Gobelins,75,Ile-de-France,T2,Residence Beausejour,40,1.0,0.0,B,492000.0,12300.0
V09453,Surface habitable,Libre immediatement,Vincennes,Bois de Vincennes,94,Ile-de-France,T4,Les Allees Montaigne,64.2,2.0,3.0,C,429000.0,6682.0
V13157,Surface Carrez,nov-2028,Paris,Buttes-Chaumont,75,Ile-de-France,T3,Villa Cristal,64.3,1.0,2.0,A,740000.0,11509.0
V08066,Surface utile,mars-2026,Creteil,Lac,94,Ile-de-France,T4,Les Terrasses Montaigne,63.3,3.0,0.0,B,331000.0,5229.0
V01506,Surface utile,Libre immediatement,Vitry-sur-Seine,Moulin-Vert,94,Ile-de-France,T3,Le Parc du Parc,82.1,2.0,0.0,E,252000.0,3069.0
V00642,Surface habitable,Libre immediatement,Paris,Champ-de-Mars,75,Ile-de-France,T4,,69.1,3.0,1.0,C,956000.0,13835.0
V04625,Surface Carrez,Libre immediatement,Montreuil,Ruffins,93,Ile-de-France,Maison 5 pieces,Cour Voltaire,129.8,4.0,1.0,D,402000.0,3097.0
V00663,Surface Carrez,Libre immediatement,Melun,Saint-Aspais,77,Ile-de-France,T4,,101.8,1.0,1.0,C,261000.0,2564.0
V06985,Surface habitable,Libre immediatement,Paris,Champ-de-Mars,75,Ile-de-France,T3,Le Parc du Parc,85.4,2.0,0.0,D,1301000.0,15234.0
V04102,Surface habitable,Libre immediatement,Aubervilliers,Fort d'Aubervilliers,93,Ile-de-France,T3,,65.2,2.0,0.0,G,171000.0,2623.0
V12022,Surface habitable,Libre immediatement,Creteil,Mont-Mesly,94,Ile-de-France,T5,Esprit Horizon,149.5,3.0,3.0,E,470000.0,3144.0
V09823,Surface Carrez,Libre immediatement,Paris,Saint-Germain-des-Pres,75,Ile-de-France,T3,,71.4,2.0,1.0,F,1044000.0,14622.0
V13347,Surface utile,Libre immediatement,Mantes-la-Jolie,Gassicourt,78,Ile-de-France,T3,,69.9,2.0,0.0,E,176000.0,2518.0
V11101,Surface Carrez,mai-2026,Saint-Germain-en-Laye,Bel-Air,78,Ile-de-France,T3,Le Domaine Bellevue,72.3,,0.0,A,515000.0,7123.0
V10706,Surface habitable,Libre immediatement,Aubervilliers,Villette-Quatre-Chemins,93,Ile-de-France,T3,Residence des Acacias,67,2.0,1.0,D,191000.0,2851.0
V05002,Surface Carrez,Libre immediatement,Saint-Denis,La Plaine,93,Ile-de-France,T1,,21.4,1.0,1.0,B,64000.0,2991.0
V13199,Surface habitable,Libre immediatement,Montreuil,Ruffins,93,Ile-de-France,T4,Les Jardins des Acacias,95.1,3.0,3.0,A,455000.0,4784.0
V03816,Surface Carrez,Libre immediatement,Vincennes,Centre-Ville,94,Ile-de-France,T3,,51.8,2.0,0.0,D,330000.0,6371.0
V08839,Surface Carrez,Libre immediatement,Paris,Saint-Germain-des-Pres,75,Ile-de-France,T3,,47.5,1.0,1.0,D,522000.0,10989.0
V13452,Surface Carrez,fevr-2027,Paris,La Muette,75,Ile-de-France,T2,Cour Bellevue,39.7,1.0,1.0,B,611000.0,15390.0
V00542,Surface Carrez,nov-2028,Paris,Saint-Germain-des-Pres,75,Ile-de-France,T2,Les Allees des Lilas,40.6,1.0,0.0,C,592000.0,14581.0
V08470,Surface utile,Libre immediatement,Paris,La Muette,75,Ile-de-France,T2,,41.5,1.0,0.0,D,465000.0,11205.0
V14403,Surface Carrez,Libre immediatement,Paris,Bercy,75,Ile-de-France,T3,Les Jardins des Acacias,44.1,2.0,2.0,C,399000.0,9048.0
V04936,Surface Carrez,Libre immediatement,Aubervilliers,Villette-Quatre-Chemins,93,Ile-de-France,T3,,58.8,1.0,0.0,E,255000.0,4337.0
V04788,Surface au sol,janv-2028,Ivry-sur-Seine,Monmousseau,94,Ile-de-France,Maison 4 pieces,Le Parc Opale,96.6,3.0,0.0,C,430000.0,4451.0
V04535,Surface Carrez,oct-2026,Mantes-la-Jolie,Val Fourre,78,Ile-de-France,T5,Carre Horizon,167.1,3.0,0.0,A,378000.0,2262.0
V12886,Surface habitable,Libre immediatement,Paris,Champ-de-Mars,75,Ile-de-France,T3,Cour des Lilas,69.3,2.0,0.0,E,774000.0,11169.0
V11462,Surface Carrez,juin-2026,Cergy,Cergy-Saint-Christophe,95,Ile-de-France,T4,Les Terrasses d'Argent,89.2,2.0,0.0,B,255000.0,2859.0
V13773,Surface Carrez,juin-2029,Meaux,Hopital,77,Ile-de-France,T2,Le Domaine Voltaire,34.8,1.0,0.0,A,86000.0,2471.0
V14965,Surface Carrez,Libre immediatement,Nanterre,Parc Sud,92,Ile-de-France,T3,Villa Latitude,65.6,2.0,0.0,E,257000.0,3918.0
V05322,Surface habitable,Libre immediatement,Meaux,Centre-Ville,77,Ile-de-France,T1,,29.5,1.0,1.0,B,79000.0,2678.0
V05096,Surface habitable,Libre immediatement,Paris,Saint-Germain-des-Pres,75,Ile-de-France,T2,Le Domaine des Acacias,53.6,1.0,1.0,D,735000.0,13713.0
V06166,Surface utile,Libre immediatement,Montrouge,Portes de Montrouge,92,Ile-de-France,T4,,93.4,2.0,0.0,C,502000.0,5375.0
V02388,Surface Carrez,Libre immediatement,Trappes,Plaine de Neauphle,78,Ile-de-France,T4,Le Clos Opale,91,3.0,1.0,C,244000.0,2681.0
V02620,Surface Carrez,Libre immediatement,Antony,Centre-Ville,92,Ile-de-France,T2,Le Domaine d'Argent,47.7,1.0,0.0,E,224000.0,4696.0
V08659,Surface Carrez,Libre immediatement,Saint-Denis,Grand Centre,93,Ile-de-France,T3,Villa des Acacias,74.5,2.0,2.0,D,205000.0,2752.0
V01325,Surface Carrez,Libre immediatement,Paris,Le Marais,75,Ile-de-France,T2,Les Jardins Symphonie,47.1,1.0,1.0,E,548000.0,11635.0
V10485,Surface habitable,fevr-2028,Versailles,Montreuil,78,Ile-de-France,T3,Cour Saint-Martin,56.8,1.0,0.0,A,413000.0,7271.0
V05607,Surface Carrez,Libre immediatement,Versailles,Notre-Dame,78,Ile-de-France,T1,,27.4,1.0,0.0,C,194000.0,7080.0
V06764,Surface habitable,Libre immediatement,Paris,Belleville,75,Ile-de-France,T5,Le Domaine des Chenes,114.5,3.0,2.0,D,664000.0,5799.0
V10679,Surface Carrez,fevr-2028,Vitry-sur-Seine,Ardoines,94,Ile-de-France,T1,Les Terrasses des Acacias,21.4,1.0,0.0,A,106000.0,4953.0
V13771,Surface Carrez,Libre immediatement,Saint-Denis,Franc-Moisin,93,Ile-de-France,T3,Les Allees Riviera,61.4,2.0,2.0,C,137000.0,2231.0
V13345,Surface Carrez,Libre immediatement,Paris,Buttes-Chaumont,75,Ile-de-France,T3,,55.4,1.0,2.0,C,499000.0,9007.0
V10633,Surface utile,Libre immediatement,Trappes,Village,78,Ile-de-France,T4,,78.8,2.0,2.0,D,166000.0,2107.0
V09059,Surface utile,Libre immediatement,Trappes,Les Merisiers,78,Ile-de-France,T2,Esprit Bellevue,43.1,1.0,,G,76000.0,1763.0
V00695,Surface habitable,Libre immediatement,Creteil,Echat,94,Ile-de-France,T5,Carre d'Argent,107.7,3.0,0.0,E,397000.0,3686.0
V09288,Surface Carrez,Libre immediatement,Paris,Batignolles,75,Ile-de-France,T4,Esprit Cristal,73.3,3.0,0.0,G,638000.0,8704.0
V00613,Surface utile,fevr-2027,Ivry-sur-Seine,Monmousseau,94,Ile-de-France,T1,Le Domaine Riviera,23.2,1.0,1.0,C,101000.0,4353.0
V09646,Surface habitable,Libre immediatement,Nanterre,Universite,92,Ile-de-France,T3,Les Terrasses Cristal,50.5,1.0,1.0,C,225000.0,4455.0
V06817,Surface utile,Libre immediatement,Montrouge,Portes de Montrouge,92,Ile-de-France,T3,,87.8,2.0,0.0,E,578000.0,6583.0
V12524,Surface habitable,juil-2026,Paris,La Muette,75,Ile-de-France,T5,Les Allees Bellevue,102.1,1.0,,C,1494000.0,14633.0
V00637,Surface Carrez,Libre immediatement,Paris,Champ-de-Mars,75,Ile-de-France,T3,Villa Belvedere,65.3,2.0,,B,739000.0,11317.0
V13660,Surface Carrez,Libre immediatement,Aubervilliers,Centre,93,Ile-de-France,T1,Carre Symphonie,19.8,1.0,0.0,B,76000.0,3838.0
V13591,Surface utile,Libre immediatement,Noisy-le-Grand,Mont d'Est,93,Ile-de-France,Maison 5 pieces,,111.3,4.0,,E,297000.0,2668.0
V10117,Surface Carrez,Libre immediatement,Boulogne-Billancourt,Point du Jour,92,Ile-de-France,T4,Villa d'Argent,112.1,3.0,1.0,C,901000.0,8037.0
V06131,Surface au sol,Libre immediatement,Noisy-le-Grand,Champy,93,Ile-de-France,Maison 4 pieces,Residence d'Argent,107,3.0,1.0,A,333000.0,3112.0
V01808,Surface Carrez,Libre immediatement,Mantes-la-Jolie,Val Fourre,78,Ile-de-France,Maison 4 pieces,Villa Voltaire,89.7,3.0,0.0,F,146000.0,1628.0
V11750,Surface habitable,Libre immediatement,Aubervilliers,Landy,93,Ile-de-France,T2,,43.8,1.0,1.0,B,146000.0,3333.0
V11197,Surface Carrez,mai-2027,Nanterre,Universite,92,Ile-de-France,T4,Villa Latitude,111.5,1.0,0.0,A,615000.0,5516.0
V09396,Surface Carrez,aout-2027,Argenteuil,Val d'Argent,95,Ile-de-France,T3,Residence d'Argent,47.6,1.0,,A,142000.0,2983.0
V03993,Surface habitable,juil-2028,Paris,La Muette,75,Ile-de-France,T4,Cour Saint-Martin,116.6,1.0,0.0,A,1713000.0,14691.0
V10168,Surface habitable,Libre immediatement,Ivry-sur-Seine,Petit-Ivry,94,Ile-de-France,T3,,73.7,1.0,1.0,E,273000.0,3704.0
V01198,Surface Carrez,oct-2027,Paris,La Muette,75,Ile-de-France,T1,Les Terrasses Montaigne,21.6,1.0,1.0,C,248000.0,11481.0
V06155,Surface utile,Libre immediatement,Neuilly-sur-Seine,Bagatelle,92,Ile-de-France,T4,Les Allees Cristal,95.1,3.0,0.0,A,1177000.0,12376.0
V12203,Surface habitable,Libre immediatement,Bobigny,Pont de Bondy,93,Ile-de-France,T2,,44.9,,0.0,E,118000.0,2628.0
V12697,Surface habitable,Libre immediatement,Evry-Courcouronnes,Le Canal,91,Ile-de-France,T3,Villa d'Argent,88.1,2.0,0.0,E,193000.0,2191.0
V04406,Surface utile,Libre immediatement,Antony,Les Baconnets,92,Ile-de-France,T4,Le Parc des Lilas,79.6,2.0,1.0,F,328000.0,4121.0
V13998,Surface utile,Libre immediatement,Bobigny,Centre-ville,93,Ile-de-France,T4,Le Hameau des Lilas,101.1,3.0,3.0,E,381000.0,3769.0
V00706,Surface habitable,janv-2028,Paris,Batignolles,75,Ile-de-France,T1,Residence Verte,27.2,1.0,1.0,A,318000.0,11691.0
V13663,Surface habitable,Libre immediatement,Boulogne-Billancourt,Rives de Seine,92,Ile-de-France,T1,Villa des Lilas,25.6,1.0,0.0,C,268000.0,10469.0
V12778,Surface habitable,Libre immediatement,Paris,Le Marais,75,Ile-de-France,T4,,83.4,2.0,0.0,C,1098000.0,13165.0
V07473,Surface Carrez,janv-2027,Paris,La Muette,75,Ile-de-France,T1,Residence Montaigne,32.2,1.0,0.0,C,419000.0,13012.0
V02670,Surface Carrez,Libre immediatement,Paris,Porte de Clignancourt,75,Ile-de-France,T5,,118.1,3.0,1.0,C,817000.0,6918.0
V09417,Surface Carrez,Libre immediatement,Paris,Bercy,75,Ile-de-France,T3,Les Jardins du Parc,78.1,1.0,0.0,E,797000.0,10205.0
V10441,Surface Carrez,nov-2027,Paris,Porte de Clignancourt,75,Ile-de-France,T3,Le Parc des Chenes,65.8,1.0,1.0,C,578000.0,8784.0
V11344,Surface Carrez,Libre immediatement,Creteil,Echat,94,Ile-de-France,T2,Le Hameau Cristal,59,1.0,1.0,D,216000.0,3661.0
V03924,Surface Carrez,Libre immediatement,Nanterre,Petit-Nanterre,92,Ile-de-France,T2,,40.3,1.0,0.0,E,202000.0,5012.0
V14719,Surface Carrez,Libre immediatement,Paris,Porte de Clignancourt,75,Ile-de-France,T6,Les Terrasses Verte,111,2.0,1.0,C,626000.0,5640.0
V06014,Surface Carrez,dec-2027,Argenteuil,Coteaux,95,Ile-de-France,T4,Le Domaine des Lilas,105.6,2.0,2.0,A,414000.0,3920.0
V12013,Surface Carrez,nov-2026,Saint-Denis,Grand Centre,93,Ile-de-France,Maison 3 pieces,Villa des Acacias,68.2,2.0,1.0,B,190000.0,2786.0
V02538,Surface Carrez,Libre immediatement,Evry-Courcouronnes,Centre-Ville,91,Ile-de-France,T3,Esprit Opale,59.4,1.0,2.0,E,128000.0,2155.0
V05281,Surface habitable,Libre immediatement,Vincennes,Bois de Vincennes,94,Ile-de-France,T5,,76.6,3.0,2.0,E,552000.0,7206.0
V03891,Surface Carrez,Libre immediatement,Boulogne-Billancourt,Rives de Seine,92,Ile-de-France,,,72,2.0,0.0,C,551000.0,7653.0
V13087,Surface Carrez,avr-2028,Evry-Courcouronnes,Les Pyramides,91,Ile-de-France,T2,Les Jardins du Lac,38,1.0,2.0,B,99000.0,2605.0
V11574,Surface utile,Libre immediatement,Nanterre,Centre,92,Ile-de-France,T5,Le Clos des Chenes,89,3.0,0.0,E,453000.0,5090.0
V12295,Surface Carrez,Libre immediatement,Paris,Montmartre,75,Ile-de-France,T3,,48.3,2.0,1.0,E,442000.0,9151.0
V11556,Surface utile,Libre immediatement,Paris,Gobelins,75,Ile-de-France,T1,Le Domaine des Lilas,21,1.0,1.0,E,162000.0,7714.0
V13390,Surface Carrez,dec-2027,Paris,La Muette,75,Ile-de-France,T1,Les Allees du Lac,24.6,1.0,1.0,A,334000.0,13577.0
V07583,Surface Carrez,Libre immediatement,Paris,Gobelins,75,Ile-de-France,T3,,65.8,2.0,1.0,C,588000.0,8936.0
V13285,Surface Carrez,Libre immediatement,Versailles,Saint-Louis,78,Ile-de-France,T4,Les Terrasses Belvedere,111.2,1.0,0.0,D,574000.0,5162.0
V13830,Surface Carrez,Libre immediatement,Paris,Batignolles,75,Ile-de-France,T3,Les Terrasses Opale,53,2.0,0.0,D,487000.0,9189.0
V14271,Surface Carrez,janv-2027,Paris,Saint-Germain-des-Pres,75,Ile-de-France,T3,Villa des Lilas,65.1,1.0,0.0,B,1074000.0,16498.0
V10944,Surface habitable,Libre immediatement,Paris,La Muette,75,Ile-de-France,T5,Les Jardins des Chenes,76.1,3.0,2.0,D,1047000.0,13758.0
V05042,Surface Carrez,nov-2027,Montreuil,Ruffins,93,Ile-de-France,T3,Les Terrasses du Lac,65.9,2.0,0.0,A,335000.0,5083.0
V03738,Surface Carrez,Libre immediatement,Montrouge,Centre,92,Ile-de-France,T5,,102.4,3.0,2.0,B,847000.0,8271.0
V07998,Surface Carrez,Libre immediatement,Issy-les-Moulineaux,Corentin Celton,92,Ile-de-France,T4,Le Hameau Symphonie,91.7,2.0,0.0,D,586000.0,6390.0
V10295,Surface habitable,Libre immediatement,Creteil,Centre Ancien,94,Ile-de-France,T3,,80.9,2.0,0.0,F,253000.0,3127.0
V12511,Surface Carrez,Libre immediatement,Creteil,Mont-Mesly,94,Ile-de-France,T2,Le Clos des Lilas,39.5,1.0,0.0,F,101000.0,2557.0
V07212,Surface habitable,dec-2028,Paris,Champ-de-Mars,75,Ile-de-France,T1,Les Allees Concorde,19.3,1.0,1.0,B,332000.0,17202.0
V03674,Surface Carrez,Libre immediatement,Saint-Denis,Pleyel,93,Ile-de-France,T3,Les Allees Beausejour,52.6,1.0,1.0,E,173000.0,3289.0
V07806,Surface Carrez,Libre immediatement,Nanterre,Universite,92,Ile-de-France,T2,,55.8,1.0,1.0,C,286000.0,5125.0
V06915,Surface Carrez,Libre immediatement,Creteil,Centre Ancien,94,Ile-de-France,T5,Les Terrasses Belvedere,124.5,3.0,1.0,B,644000.0,5173.0
V13520,Surface utile,Libre immediatement,Boulogne-Billancourt,Parchamp,92,Ile-de-France,T3,,71.1,2.0,1.0,D,731000.0,10281.0
V03481,Surface utile,Libre immediatement,Saint-Denis,Franc-Moisin,93,Ile-de-France,Maison 4 pieces,Le Clos Voltaire,101.4,3.0,1.0,E,228000.0,2249.0
V14418,Surface Carrez,Libre immediatement,Saint-Denis,Franc-Moisin,93,Ile-de-France,Maison 5 pieces,Les Jardins Belvedere,140,4.0,0.0,B,341000.0,2436.0
V00007,Surface Carrez,Libre immediatement,Mantes-la-Jolie,Val Fourre,78,Ile-de-France,T2,Le Domaine Saint-Martin,45.5,1.0,0.0,D,77000.0,1692.0
V00496,Surface Carrez,Libre immediatement,Antony,Centre-Ville,92,Ile-de-France,T3,,76.3,2.0,2.0,C,407000.0,5334.0
V02682,Surface Carrez,aout-2026,Versailles,Porchefontaine,78,Ile-de-France,T1,Residence Saint-Martin,21.7,1.0,0.0,B,178000.0,8203.0
V10735,Surface Carrez,Libre immediatement,Noisy-le-Grand,Mont d'Est,93,Ile-de-France,T3,Esprit du Lac,82.7,2.0,2.0,A,330000.0,3990.0
V02889,Surface habitable,Libre immediatement,Paris,Champ-de-Mars,75,Ile-de-France,T4,Les Jardins Bellevue,93,1.0,1.0,C,1052000.0,11312.0
V06964,Surface Carrez,Libre immediatement,Paris,Buttes-Chaumont,75,Ile-de-France,T3,Esprit Montaigne,67,2.0,1.0,B,442000.0,6597.0
V07540,Surface Carrez,avr-2026,Versailles,Chantiers,78,Ile-de-France,T3,Le Hameau des Chenes,58,1.0,2.0,A,344000.0,5931.0
V10664,Surface habitable,Libre immediatement,Ivry-sur-Seine,Monmousseau,94,Ile-de-France,Maison 4 pieces,Carre du Parc,116.9,2.0,0.0,C,443000.0,3790.0
V10270,Surface Carrez,juin-2026,Trappes,Sand-Pergaud-Verlaine,78,Ile-de-France,T2,Le Clos Beausejour,46.6,1.0,1.0,B,127000.0,2725.0
V09815,Surface Carrez,Libre immediatement,Montrouge,Ferry-Jaures,92,Ile-de-France,T5,,110.3,2.0,1.0,E,723000.0,6555.0
V03600,Surface au sol,dec-2026,Evry-Courcouronnes,Centre-Ville,91,Ile-de-France,Maison 5 pieces,Cour Beausejour,103.6,4.0,0.0,A,395000.0,3813.0
V09496,Surface Carrez,Libre immediatement,Massy,Opera,91,Ile-de-France,T5,Esprit Horizon,125.4,3.0,1.0,C,392000.0,3126.0
V09063,Surface au sol,Libre immediatement,Vitry-sur-Seine,Ardoines,94,Ile-de-France,Maison 4 pieces,Cour Voltaire,110.9,3.0,0.0,D,281000.0,2534.0
V08374,Surface Carrez,juil-2028,Aubervilliers,Villette-Quatre-Chemins,93,Ile-de-France,T3,Les Terrasses du Parc,59,2.0,0.0,C,164000.0,2780.0
V11373,Surface Carrez,dec-2028,Saint-Denis,Franc-Moisin,93,Ile-de-France,T4,Le Hameau Saint-Martin,72,2.0,0.0,C,226000.0,3139.0
V00142,Surface Carrez,Libre immediatement,Aubervilliers,Centre,93,Ile-de-France,T3,Villa Horizon,60.3,2.0,1.0,C,239000.0,3964.0
V07649,Surface Carrez,Libre immediatement,Paris,Gobelins,75,Ile-de-France,T5,Cour Montaigne,114.4,3.0,0.0,B,1094000.0,9563.0
V06209,Surface Carrez,mars-2026,Vitry-sur-Seine,Ardoines,94,Ile-de-France,T4,Le Parc Belvedere,74.4,1.0,0.0,C,360000.0,4839.0
V00819,Surface Carrez,Libre immediatement,Massy,Atlantis,91,Ile-de-France,T2,,44,1.0,1.0,E,122000.0,2773.0
V14844,Surface Carrez,Libre immediatement,Paris,Champ-de-Mars,75,Ile-de-France,T6,,96.5,3.0,0.0,E,927000.0,9606.0
V02320,Surface Carrez,Libre immediatement,Montreuil,Croix de Chavaux,93,Ile-de-France,T3,Residence Belvedere,52.5,2.0,0.0,C,259000.0,4933.0
V02133,Surface habitable,janv-2028,Noisy-le-Grand,Centre-ville,93,Ile-de-France,T6,Esprit Saint-Martin,162.3,2.0,2.0,A,799000.0,4923.0
V02556,Surface Carrez,Libre immediatement,Versailles,Notre-Dame,78,Ile-de-France,T3,Carre Saint-Martin,66.2,2.0,0.0,C,408000.0,6163.0
V12000,Surface Carrez,Libre immediatement,Paris,Vaugirard,75,Ile-de-France,T3,,52.2,1.0,0.0,D,482000.0,9234.0
V13948,Surface Carrez,juin-2028,Paris,Belleville,75,Ile-de-France,T4,Esprit Voltaire,88,1.0,0.0,A,943000.0,10716.0
V12546,Surface Carrez,Libre immediatement,Montreuil,Ruffins,93,Ile-de-France,T3,,86.5,2.0,0.0,D,313000.0,3618.0
V03634,Surface Carrez,juil-2026,Meaux,Colbert,77,Ile-de-France,T3,Residence d'Argent,61,1.0,0.0,C,169000.0,2770.0
V06001,Surface Carrez,juin-2027,Paris,Bercy,75,Ile-de-France,T3,Les Jardins Symphonie,56.8,2.0,1.0,A,720000.0,12676.0
V14902,Surface habitable,Libre immediatement,Vitry-sur-Seine,Centre-Ville,94,Ile-de-France,T3,Le Domaine Opale,69.3,2.0,0.0,D,291000.0,4199.0
V07900,Surface Carrez,Libre immediatement,Paris,Porte de Clignancourt,75,Ile-de-France,T3,,67.6,2.0,1.0,B,486000.0,7189.0
V13619,Surface Carrez,avr-2026,Saint-Denis,Basilique,93,Ile-de-France,T2,Carre Montaigne,31 - 38,1.0,0.0,B,118000.0,
V10211,Surface Carrez,Libre immediatement,Evry-Courcouronnes,Le Canal,91,Ile-de-France,T2,,46.6,1.0,0.0,F,105000.0,2253.0
V02458,Surface au sol,Libre immediatement,Cergy,Cergy-le-Haut,95,Ile-de-France,Maison 4 pieces,Les Allees des Lilas,84.6,2.0,1.0,G,142000.0,1678.0
V09770,Surface au sol,Libre immediatement,Vitry-sur-Seine,Ardoines,94,Ile-de-France,Maison 5 pieces,Cour Montaigne,92.5,3.0,1.0,D,259000.0,2800.0
V07053,Surface Carrez,Libre immediatement,Paris,Porte de Clignancourt,75,Ile-de-France,T2,Esprit Riviera,51.8,1.0,1.0,C,312000.0,6023.0
V00296,Surface habitable,Libre immediatement,Creteil,Centre Ancien,94,Ile-de-France,T3,,81.9,2.0,0.0,C,282000.0,3443.0
V05282,Surface Carrez,Libre immediatement,Versailles,Montreuil,78,Ile-de-France,T3,Le Domaine Bellevue,57.8,2.0,,C,328000.0,5675.0
V12361,Surface Carrez,Libre immediatement,Paris,Gobelins,75,Ile-de-France,T2,,35.5,1.0,2.0,D,352000.0,9915.0
V02814,Surface Carrez,avr-2028,Paris,Batignolles,75,Ile-de-France,T3,Les Jardins Saint-Martin,63.8,1.0,2.0,B,760000.0,11912.0
V06555,Surface habitable,juil-2026,Paris,Buttes-Chaumont,75,Ile-de-France,T3,Esprit Horizon,52.1,2.0,1.0,B,417000.0,8004.0
V04258,Surface utile,Libre immediatement,Meaux,Colbert,77,Ile-de-France,T1,Villa Symphonie,33.1,1.0,1.0,D,68000.0,2054.0
V05335,Surface habitable,Libre immediatement,Trappes,Les Merisiers,78,Ile-de-France,T3,Cour Symphonie,64.1,2.0,0.0,E,157000.0,2449.0
V13475,Surface Carrez,Libre immediatement,Paris,Bercy,75,Ile-de-France,T3,Cour Latitude,74.9,1.0,0.0,D,738000.0,9853.0
V12593,Surface Carrez,Libre immediatement,Trappes,Les Merisiers,78,Ile-de-France,T2,Cour d'Argent,45.4,1.0,0.0,E,114000.0,2511.0
V06515,Surface habitable,Libre immediatement,Vitry-sur-Seine,Port-a-l'Anglais,94,Ile-de-France,Maison 4 pieces,,101,1.0,1.0,D,366000.0,3624.0
V05473,Surface au sol,Libre immediatement,Trappes,Sand-Pergaud-Verlaine,78,Ile-de-France,Maison 5 pieces,,103.9,4.0,0.0,C,234000.0,2252.0
V03737,Surface habitable,Libre immediatement,Paris,Buttes-Chaumont,75,Ile-de-France,T3,Le Hameau Verte,69.3,2.0,2.0,E,572000.0,8254.0
V01432,Surface Carrez,Libre immediatement,Issy-les-Moulineaux,Corentin Celton,92,Ile-de-France,T2,Les Jardins Riviera,37.9,1.0,1.0,F,229000.0,6042.0
V13183,Surface Carrez,Libre immediatement,Trappes,Plaine de Neauphle,78,Ile-de-France,T3,,66.1,2.0,2.0,C,163000.0,2466.0
V00205,Surface Carrez,Libre immediatement,Paris,Porte de Clignancourt,75,Ile-de-France,T2,Le Parc Cristal,42.3,1.0,2.0,E,279000.0,6596.0
V03277,Surface utile,Libre immediatement,Cergy,Cergy-Saint-Christophe,95,Ile-de-France,Maison 4 pieces,Esprit Cristal,92.2,3.0,0.0,D,222000.0,2408.0
V13018,Surface Carrez,Libre immediatement,Meaux,Beauval,77,Ile-de-France,T4,Carre Horizon,120.9,2.0,1.0,E,212000.0,1754.0
V00857,Surface habitable,sept-2028,Boulogne-Billancourt,Rives de Seine,92,Ile-de-France,T3,Villa des Acacias,66.1,2.0,1.0,A,663000.0,10030.0
V10361,Surface Carrez,Libre immediatement,Argenteuil,Coteaux,95,Ile-de-France,Maison 5 pieces,,110.9,1.0,1.0,,286000.0,2579.0
V11919,Surface Carrez,Libre immediatement,Issy-les-Moulineaux,Val de Seine,92,Ile-de-France,T3,,65,2.0,0.0,A,534000.0,8215.0
V11434,Surface Carrez,avr-2027,Vincennes,Domaine du Bois,94,Ile-de-France,T4,Le Hameau des Lilas,76.3,2.0,1.0,C,656000.0,8598.0
V07505,Surface Carrez,Libre immediatement,Paris,Vaugirard,75,Ile-de-France,T2,Le Hameau Voltaire,43.4,1.0,0.0,D,353000.0,8134.0
V14286,Surface Carrez,Libre immediatement,Paris,Buttes-Chaumont,75,Ile-de-France,T3,,87.1,2.0,1.0,D,683000.0,7842.0
V03038,Surface Carrez,Libre immediatement,Paris,Le Marais,75,Ile-de-France,T2,Le Domaine d'Argent,33.4,1.0,1.0,D,351000.0,10509.0
V07692,Surface habitable,Libre immediatement,Paris,Gobelins,75,Ile-de-France,T4,,108.2,3.0,0.0,D,916000.0,8466.0
V02610,Surface Carrez,Libre immediatement,Paris,Saint-Germain-des-Pres,75,Ile-de-France,T3,,59.3,1.0,2.0,F,756000.0,12749.0
V01683,Surface Carrez,Libre immediatement,Aubervilliers,Centre,93,Ile-de-France,T1,Villa des Lilas,20.1,1.0,1.0,A,87000.0,4328.0
V12497,Surface Carrez,Libre immediatement,Creteil,Echat,94,Ile-de-France,T2,Les Allees Saint-Martin,42.9,1.0,2.0,E,170000.0,3963.0
V08996,Surface utile,Libre immediatement,Paris,Buttes-Chaumont,75,Ile-de-France,T3,,44.4,2.0,1.0,E,403000.0,9077.0
V00137,Surface habitable,Libre immediatement,Issy-les-Moulineaux,Corentin Celton,92,Ile-de-France,T4,Les Allees Horizon,100.6,1.0,2.0,D,771000.0,7664.0
V03690,Surface Carrez,Libre immediatement,Issy-les-Moulineaux,Fort d'Issy,92,Ile-de-France,T3,Le Parc Horizon,70.3,2.0,1.0,B,630000.0,8962.0
V03874,Surface Carrez,Libre immediatement,Paris,Saint-Germain-des-Pres,75,Ile-de-France,T2,Cour du Lac,43.9,1.0,2.0,D,581000.0,13235.0
V12777,Surface habitable,Libre immediatement,Paris,Champ-de-Mars,75,Ile-de-France,T3,,67.6,2.0,0.0,B,861000.0,12737.0
V03849,Surface Carrez,Libre immediatement,Evry-Courcouronnes,Centre-Ville,91,Ile-de-France,Maison 4 pieces,Cour Latitude,108.9,2.0,0.0,D,259000.0,2378.0
V00320,Surface au sol,Libre immediatement,Nanterre,Parc Sud,92,Ile-de-France,Maison 4 pieces,Residence Bellevue,86.9,2.0,1.0,D,416000.0,4787.0
V14878,Surface Carrez,Libre immediatement,Melun,Almont,77,Ile-de-France,T2,Le Hameau Concorde,42.9,1.0,1.0,E,84000.0,1958.0
V09408,Surface Carrez,Libre immediatement,Bobigny,Etoile,93,Ile-de-France,T4,Villa du Parc,74,1.0,2.0,E,236000.0,3189.0
V12809,Surface Carrez,Libre immediatement,Levallois-Perret,Front de Seine,92,Ile-de-France,T4,Le Parc d'Argent,88.6,3.0,2.0,E,878000.0,9910.0
V13632,Surface Carrez,Libre immediatement,Vincennes,Republique,94,Ile-de-France,T3,Le Parc Opale,66.8,2.0,1.0,D,466000.0,6976.0
V13035,Surface Carrez,Libre immediatement,Paris,Montmartre,75,Ile-de-France,T4,,100.9,1.0,0.0,F,774000.0,7671.0
V07921,Surface Carrez,mars-2028,Trappes,Plaine de Neauphle,78,Ile-de-France,T3,Esprit des Lilas,61.6,2.0,1.0,A,179000.0,2906.0
V07655,Surface habitable,Libre immediatement,Paris,La Muette,75,Ile-de-France,T3,,84.2,2.0,,B,806000.0,9572.0
V06133,Surface Carrez,Libre immediatement,Nanterre,Petit-Nanterre,92,Ile-de-France,T4,,81.6,2.0,1.0,G,244000.0,2990.0
V06431,Surface habitable,Libre immediatement,Paris,Buttes-Chaumont,75,Ile-de-France,T4,Le Hameau Belvedere,81.1,3.0,1.0,E,546000.0,6732.0
V03725,Surface Carrez,Libre immediatement,Boulogne-Billancourt,Billancourt,92,Ile-de-France,T3,Le Parc Bellevue,61,2.0,1.0,F,474000.0,7770.0
V14600,Surface Carrez,aout-2027,Vitry-sur-Seine,Moulin-Vert,94,Ile-de-France,T3,Le Hameau d'Argent,70.8,2.0,0.0,B,290000.0,4096.0
V09382,Surface Carrez,Libre immediatement,Bobigny,Abreuvoir,93,Ile-de-France,T4,,80.5,1.0,1.0,C,198000.0,2460.0
V00105,Surface Carrez,Libre immediatement,Versailles,Saint-Louis,78,Ile-de-France,T3,,66,1.0,0.0,C,447000.0,6773.0
V10382,Surface au sol,mars-2026,Cergy,Axe Majeur,95,Ile-de-France,Maison 4 pieces,Le Domaine des Lilas,78.1,2.0,1.0,C,183000.0,2343.0
V12983,Surface habitable,Libre immediatement,Ivry-sur-Seine,Petit-Ivry,94,Ile-de-France,T2,Les Allees Bellevue,40.5,1.0,2.0,D,159000.0,3926.0
V07914,Surface Carrez,Libre immediatement,Paris,Gobelins,75,Ile-de-France,T3,Cour Beausejour,81.4,2.0,2.0,E,747000.0,9177.0
V11131,Surface Carrez,Libre immediatement,Melun,Almont,77,Ile-de-France,T3,Les Allees Riviera,75.2,1.0,0.0,D,130000.0,1729.0
V14489,Surface Carrez,Libre immediatement,Paris,La Muette,75,Ile-de-France,T3,Le Domaine Bellevue,106.9,2.0,0.0,C,1166000.0,10907.0
V14893,Surface Carrez,janv-2028,Montreuil,Mairie,93,Ile-de-France,T2,Carre Verte,42.2,1.0,1.0,A,252000.0,5972.0
V13068,Surface Carrez,Libre immediatement,Levallois-Perret,Centre,92,Ile-de-France,T5,Le Clos Verte,99.5,1.0,1.0,B,851000.0,8553.0
V05660,Surface habitable,Libre immediatement,Paris,Montmartre,75,Ile-de-France,T3,Le Clos Cristal,85,2.0,0.0,C,872000.0,10259.0
V02301,Surface Carrez,Libre immediatement,Versailles,Saint-Louis,78,Ile-de-France,T3,,65.6,2.0,0.0,C,466000.0,7104.0
V01783,Surface Carrez,Libre immediatement,Melun,Almont,77,Ile-de-France,T4,,99.9,2.0,0.0,C,247000.0,2472.0
V13100,Surface Carrez,Libre immediatement,Ivry-sur-Seine,Centre-Ville,94,Ile-de-France,T3,,55.9,1.0,0.0,D,328000.0,5868.0
V14185,Surface Carrez,Libre immediatement,Paris,Belleville,75,Ile-de-France,T2,,32.1,1.0,,G,166000.0,5171.0
V00006,Surface Carrez,Libre immediatement,Mantes-la-Jolie,Gassicourt,78,Ile-de-France,T5,Les Terrasses Symphonie,128.7,3.0,1.0,F,292000.0,2269.0
V02655,Surface Carrez,Libre immediatement,Vitry-sur-Seine,Ardoines,94,Ile-de-France,T4,,102.7,3.0,1.0,D,393000.0,3827.0
V04543,Surface habitable,Libre immediatement,Paris,Belleville,75,Ile-de-France,T4,Villa Belvedere,69.4,2.0,1.0,D,502000.0,7233.0
V06640,Surface Carrez,janv-2028,Vincennes,Republique,94,Ile-de-France,T4,Le Hameau Verte,108,3.0,2.0,A,875000.0,8102.0
V09935,Surface Carrez,mars-2028,Boulogne-Billancourt,Centre-Ville,92,Ile-de-France,T4,Les Allees du Parc,61.9,2.0,0.0,C,530000.0,8562.0
V10986,Surface Carrez,Libre immediatement,Saint-Denis,Basilique,93,Ile-de-France,T4,Le Domaine Latitude,92,3.0,2.0,D,271000.0,2946.0
V12196,Surface utile,Libre immediatement,Paris,Montmartre,75,Ile-de-France,T2,,53.5,1.0,1.0,E,450000.0,8411.0
V09216,Surface Carrez,Libre immediatement,Montreuil,Bas-Montreuil,93,Ile-de-France,T4,Le Hameau du Parc,106.1,3.0,1.0,D,461000.0,4345.0
V08785,Surface Carrez,oct-2027,Paris,Le Marais,75,Ile-de-France,T3,Les Allees Cristal,56.2,2.0,1.0,C,818000.0,14555.0
V00822,Surface Carrez,Libre immediatement,Meaux,Colbert,77,Ile-de-France,T2,Le Domaine Latitude,55,1.0,2.0,G,116000.0,2109.0
V12279,Surface Carrez,mars-2028,Boulogne-Billancourt,Point du Jour,92,Ile-de-France,T5,Les Terrasses du Parc,101,3.0,0.0,A,973000.0,9634.0
V00390,Surface habitable,Libre immediatement,Paris,Porte de Clignancourt,75,Ile-de-France,T3,,52.5,1.0,2.0,E,403000.0,7676.0
V08732,Surface habitable,janv-2029,Massy,Villaine,91,Ile-de-France,T3,Le Hameau Horizon,74.1,2.0,0.0,A,253000.0,3414.0
V00842,Surface Carrez,Libre immediatement,Paris,Belleville,75,Ile-de-France,T6,Carre Symphonie,185,3.0,,B,1301000.0,7032.0
V05917,Surface Carrez,Libre immediatement,Paris,Champ-de-Mars,75,Ile-de-France,T4,Residence d'Argent,95.3,3.0,1.0,B,1231000.0,12917.0
V08479,Surface habitable,Libre immediatement,Mantes-la-Jolie,Gassicourt,78,Ile-de-France,Maison 4 pieces,Le Domaine Voltaire,107.1,1.0,1.0,E,229000.0,2138.0
V05846,Surface habitable,Libre immediatement,Montreuil,Bel-Air,93,Ile-de-France,T3,,72.2,2.0,,D,218000.0,3019.0
V13666,Surface Carrez,Libre immediatement,Argenteuil,Coteaux,95,Ile-de-France,Maison 6 pieces,Le Parc Horizon,116.6,3.0,1.0,A,371000.0,3182.0
V10557,Surface utile,Libre immediatement,Paris,Champ-de-Mars,75,Ile-de-France,T3,,50.7,2.0,1.0,D,626000.0,12347.0
V09342,Surface Carrez,Libre immediatement,Paris,Champ-de-Mars,75,Ile-de-France,T3,,69.7,2.0,0.0,B,720000.0,10330.0
V13059,Surface Carrez,Libre immediatement,Montreuil,Ruffins,93,Ile-de-France,T3,Les Allees des Acacias,54.8,1.0,0.0,E,202000.0,3686.0
V13840,Surface Carrez,Libre immediatement,Mantes-la-Jolie,Val Fourre,78,Ile-de-France,T2,Le Domaine Beausejour,53,1.0,0.0,C,97000.0,1830.0
V06428,Surface Carrez,Libre immediatement,Aubervilliers,Landy,93,Ile-de-France,T3,,68.1,1.0,1.0,C,246000.0,3612.0
V12967,Surface habitable,Libre immediatement,Paris,Batignolles,75,Ile-de-France,T2,Les Jardins d'Argent,45.4,1.0,1.0,E,408000.0,8987.0
V06423,Surface habitable,Libre immediatement,Evry-Courcouronnes,Centre-Ville,91,Ile-de-France,T3,Carre des Lilas,66.6,1.0,1.0,B,185000.0,2778.0
V06292,Surface Carrez,nov-2027,Cergy,Axe Majeur,95,Ile-de-France,T4,Les Jardins Riviera,102.5,2.0,0.0,A,302000.0,2946.0
V07494,Surface Carrez,Libre immediatement,Melun,Almont,77,Ile-de-France,Maison 4 pieces,Cour Riviera,78.1,3.0,0.0,D,152000.0,1946.0
V08717,Surface Carrez,Libre immediatement,Melun,Saint-Aspais,77,Ile-de-France,T4,,86.3,2.0,0.0,D,246000.0,2851.0
V13804,Surface Carrez,fevr-2027,Paris,Batignolles,75,Ile-de-France,T2,Le Domaine Belvedere,40.1,1.0,0.0,A,484000.0,12070.0
V13814,Surface Carrez,Libre immediatement,Paris,Vaugirard,75,Ile-de-France,T3,,80.1,2.0,0.0,D,737000.0,9201.0
V04403,Surface Carrez,avr-2027,Saint-Denis,La Plaine,93,Ile-de-France,T2,Le Parc des Lilas,44.2,1.0,0.0,A,200000.0,4525.0
V06058,Surface Carrez,Libre immediatement,Issy-les-Moulineaux,Val de Seine,92,Ile-de-France,T2,Le Parc Symphonie,46.1,1.0,2.0,C,366000.0,7939.0
V09572,Surface Carrez,Libre immediatement,Meaux,Beauval,77,Ile-de-France,T3,,53.5,1.0,1.0,A,111000.0,2075.0
V05062,Surface habitable,Libre immediatement,Vincennes,Bois de Vincennes,94,Ile-de-France,T1,Le Parc Montaigne,38,1.0,0.0,D,229000.0,6026.0
V12252,Surface Carrez,Libre immediatement,Paris,Vaugirard,75,Ile-de-France,T4,,77.3,3.0,1.0,D,733000.0,9483.0
V01986,Surface habitable,Libre immediatement,Massy,Atlantis,91,Ile-de-France,T1,,28.5,1.0,1.0,E,102000.0,3579.0
V01584,Surface Carrez,mai-2028,Saint-Denis,Grand Centre,93,Ile-de-France,T4,Cour Bellevue,75.8,3.0,1.0,B,259000.0,3417.0
V14881,Surface Carrez,juil-2027,Paris,Buttes-Chaumont,75,Ile-de-France,T4,Carre d'Argent,84.1,1.0,1.0,A,796000.0,9465.0
V12456,Surface habitable,Libre immediatement,Bobigny,Etoile,93,Ile-de-France,T3,Villa Belvedere,62.5,2.0,1.0,E,186000.0,2976.0
V03208,Surface Carrez,avr-2027,Vitry-sur-Seine,Port-a-l'Anglais,94,Ile-de-France,T2,Esprit des Acacias,41.9,1.0,0.0,B,218000.0,5203.0
V11340,Surface Carrez,avr-2027,Paris,Buttes-Chaumont,75,Ile-de-France,T3,Villa Latitude,77.5,1.0,0.0,B,542000.0,6994.0
V09607,Surface Carrez,Libre immediatement,Nanterre,Centre,92,Ile-de-France,T4,Les Jardins Concorde,83.6,2.0,0.0,D,565000.0,6758.0
V13342,Surface habitable,Libre immediatement,Aubervilliers,Centre,93,Ile-de-France,T5,,106.4,1.0,1.0,F,323000.0,3036.0
V00494,Surface Carrez,Libre immediatement,Montreuil,Croix de Chavaux,93,Ile-de-France,T5,,112.1,3.0,0.0,B,464000.0,4139.0
V04698,Surface Carrez,Libre immediatement,Paris,Montmartre,75,Ile-de-France,T5,Cour Symphonie,101.4,2.0,1.0,C,1083000.0,10680.0
V03417,Surface Carrez,Libre immediatement,Boulogne-Billancourt,Parchamp,92,Ile-de-France,Maison 4 pieces,Carre Voltaire,88.8,3.0,1.0,E,577000.0,6498.0
V11777,Surface Carrez,Libre immediatement,Nanterre,Petit-Nanterre,92,Ile-de-France,T6,,125.4,3.0,0.0,C,572000.0,4561.0
V01416,Surface Carrez,Libre immediatement,Creteil,Mont-Mesly,94,Ile-de-France,T3,,48.2,2.0,1.0,D,166000.0,3444.0
V00536,Surface Carrez,Libre immediatement,Melun,Almont,77,Ile-de-France,T1,,241 pi2,1.0,1.0,D,48000.0,
V03111,Surface Carrez,nov-2028,Argenteuil,Val d'Argent,95,Ile-de-France,T4,Les Allees des Lilas,84.3,3.0,3.0,A,299000.0,3547.0
V08985,Surface Carrez,Libre immediatement,Cergy,Cergy-Saint-Christophe,95,Ile-de-France,T3,,74.8,2.0,2.0,C,174000.0,2326.0
V05388,Surface Carrez,Libre immediatement,Boulogne-Billancourt,Centre-Ville,92,Ile-de-France,T3,,67.7,2.0,1.0,A,582000.0,8597.0
V07013,Surface Carrez,Libre immediatement,Boulogne-Billancourt,Parchamp,92,Ile-de-France,T3,Les Terrasses Concorde,64.5,1.0,0.0,A,595000.0,9225.0
V06320,Surface Carrez,Libre immediatement,Paris,Montmartre,75,Ile-de-France,T6,,111.8,3.0,0.0,G,958000.0,8569.0
V01447,Surface habitable,Libre immediatement,Paris,La Muette,75,Ile-de-France,T4,Cour Latitude,81.9,1.0,,D,1029000.0,12564.0
V09691,Surface Carrez,nov-2027,Paris,Batignolles,75,Ile-de-France,T4,Residence Symphonie,77.4,3.0,2.0,B,825000.0,10659.0
V03401,Surface Carrez,Libre immediatement,Montreuil,Mairie,93,Ile-de-France,T3,,92.9,2.0,0.0,G,325000.0,3498.0
V03357,Surface Carrez,fevr-2027,Massy,Opera,91,Ile-de-France,T4,Villa Beausejour,"63,9",1.0,1.0,C,263000.0,4116.0
V14690,Surface au sol,Libre immediatement,Vitry-sur-Seine,Moulin-Vert,94,Ile-de-France,Maison 4 pieces,Esprit Beausejour,89.4,2.0,2.0,G,170000.0,1902.0
V05595,Surface Carrez,Libre immediatement,Noisy-le-Grand,Centre-ville,93,Ile-de-France,T2,Residence Latitude,39,1.0,1.0,A,141000.0,3615.0
V08862,Surface habitable,juil-2026,Ivry-sur-Seine,Ivry-Port,94,Ile-de-France,T2,Le Clos Symphonie,43.1,1.0,2.0,B,289000.0,6705.0
V06238,Surface Carrez,Libre immediatement,Noisy-le-Grand,Centre-ville,93,Ile-de-France,T2,,42.1,1.0,1.0,D,201000.0,4774.0
V10378,Surface habitable,Libre immediatement,Creteil,Centre Ancien,94,Ile-de-France,T4,,69.8,3.0,,D,320000.0,4585.0
V04817,Surface Carrez,Libre immediatement,Creteil,Echat,94,Ile-de-France,T4,,73.1,3.0,0.0,A,359000.0,4911.0
V05284,Surface habitable,Libre immediatement,Saint-Denis,Pleyel,93,Ile-de-France,T2,Carre Saint-Martin,37,1.0,,G,109000.0,2946.0
V10708,Surface Carrez,Libre immediatement,Argenteuil,Val d'Argent,95,Ile-de-France,T1,,32.7,1.0,0.0,D,86000.0,2630.0
V08916,Surface Carrez,nov-2028,Paris,Gobelins,75,Ile-de-France,T2,Les Jardins Montaigne,46.2,1.0,1.0,A,450000.0,9740.0
V03278,Surface Carrez,Libre immediatement,Paris,Champ-de-Mars,75,Ile-de-France,T4,,96.3,3.0,0.0,E,1094000.0,11360.0
V14287,Surface utile,Libre immediatement,Vitry-sur-Seine,Moulin-Vert,94,Ile-de-France,T6,Le Parc des Chenes,168.7,3.0,3.0,B,618000.0,3663.0
V00160,Surface Carrez,Libre immediatement,Boulogne-Billancourt,Centre-Ville,92,Ile-de-France,T4,Residence Beausejour,76.3,1.0,0.0,E,635000.0,8322.0
V05851,Surface Carrez,janv-2028,Paris,Belleville,75,Ile-de-France,T5,Les Jardins Horizon,142.5,3.0,1.0,C,1126000.0,7902.0
V07698,Surface Carrez,Libre immediatement,Paris,Porte de Clignancourt,75,Ile-de-France,T3,Le Hameau du Parc,66.3,1.0,1.0,D,436000.0,6576.0
V00385,Surface Carrez,Libre immediatement,Paris,Bercy,75,Ile-de-France,T3,Le Hameau des Chenes,47.3,2.0,2.0,A,424000.0,8964.0
V10466,Surface Carrez,Libre immediatement,Paris,La Muette,75,Ile-de-France,T3,,66.6,2.0,0.0,D,743000.0,11156.0
V01183,Surface Carrez,Libre immediatement,Montreuil,Croix de Chavaux,93,Ile-de-France,Maison 4 pieces,,103.6,3.0,0.0,D,328000.0,3166.0
V09677,Surface habitable,Libre immediatement,Creteil,Centre Ancien,94,Ile-de-France,T5,,105.2,3.0,1.0,F,409000.0,3888.0
V14562,Surface Carrez,Libre immediatement,Melun,Montaigu,77,Ile-de-France,T1,Esprit Latitude,30,1.0,1.0,B,81000.0,2700.0
V06965,Surface Carrez,Libre immediatement,Paris,Saint-Germain-des-Pres,75,Ile-de-France,T2,Cour des Acacias,47.1,1.0,2.0,C,532000.0,11295.0
V07278,Surface habitable,Libre immediatement,Paris,Bercy,75,Ile-de-France,T2,,36.2,1.0,0.0,A,304000.0,8398.0
V10351,Surface Carrez,mars-2029,Paris,Vaugirard,75,Ile-de-France,T5,Villa Horizon,124.9,3.0,0.0,B,1346000.0,10777.0
V08552,Surface Carrez,Libre immediatement,Mantes-la-Jolie,Gassicourt,78,Ile-de-France,T4,Les Terrasses Bellevue,79.4,1.0,2.0,E,213000.0,2683.0
V02080,Surface Carrez,Libre immediatement,Paris,Champ-de-Mars,75,Ile-de-France,T6,Cour Latitude,120.4,3.0,0.0,E,1742000.0,14468.0
V09421,Surface Carrez,dec-2026,Cergy,Axe Majeur,95,Ile-de-France,T3,Le Hameau Opale,60.2,2.0,0.0,B,171000.0,2841.0
V00135,Surface utile,Libre immediatement,Versailles,Porchefontaine,78,Ile-de-France,T2,,39.7,1.0,0.0,D,207000.0,5214.0
V11441,Surface Carrez,Libre immediatement,Paris,Belleville,75,Ile-de-France,T3,,57.4,1.0,0.0,G,298000.0,5192.0
V11005,Surface utile,Libre immediatement,Boulogne-Billancourt,Billancourt,92,Ile-de-France,T3,,58.1,2.0,1.0,C,419000.0,7212.0
V14662,Surface Carrez,Libre immediatement,Saint-Denis,Grand Centre,93,Ile-de-France,Maison 5 pieces,,94.2,3.0,0.0,D,314000.0,3333.0
V07787,Surface utile,dec-2026,Versailles,Montreuil,78,Ile-de-France,T3,Les Jardins des Chenes,75.1,2.0,2.0,A,542000.0,7217.0
V03921,Surface Carrez,Libre immediatement,Melun,Almont,77,Ile-de-France,T3,Residence Symphonie,56,2.0,1.0,B,170000.0,3036.0
V12264,Surface Carrez,nov-2027,Paris,Vaugirard,75,Ile-de-France,T3,Villa Voltaire,57.8,2.0,2.0,A,613000.0,10606.0
V11554,Surface Carrez,Libre immediatement,Neuilly-sur-Seine,Bagatelle,92,Ile-de-France,T3,Les Jardins Montaigne,53.6,1.0,0.0,C,588000.0,10970.0
V00382,Surface Carrez,Libre immediatement,Versailles,Porchefontaine,78,Ile-de-France,T2,,42.8,1.0,0.0,D,224000.0,5234.0
V03903,Surface habitable,Libre immediatement,Levallois-Perret,Centre,92,Ile-de-France,T3,,59.2,1.0,0.0,B,477000.0,8057.0
V12169,Surface Carrez,Libre immediatement,Montreuil,Bel-Air,93,Ile-de-France,T3,,68.8,2.0,2.0,B,273000.0,3968.0
V08951,Surface Carrez,juin-2027,Meaux,Hopital,77,Ile-de-France,T4,Les Terrasses Concorde,88.6,3.0,0.0,A,247000.0,2788.0
V08538,Surface Carrez,Libre immediatement,Paris,Montmartre,75,Ile-de-France,T2,,60.3,1.0,2.0,D,431000.0,7148.0
V14829,Surface Carrez,Libre immediatement,Boulogne-Billancourt,Parchamp,92,Ile-de-France,T3,Le Parc Montaigne,67.2,2.0,1.0,C,414000.0,6161.0
V04438,Surface Carrez,Libre immediatement,Paris,Le Marais,75,Ile-de-France,T2,,27.3,1.0,,C,348000.0,12747.0
V04559,Surface Carrez,Libre immediatement,Creteil,Centre Ancien,94,Ile-de-France,T3,Le Clos Beausejour,61.1,1.0,0.0,D,233000.0,3813.0
V06029,Surface au sol,Libre immediatement,Antony,Centre-Ville,92,Ile-de-France,Maison 6 pieces,,177.7,4.0,2.0,B,813000.0,4575.0
V02436,Surface Carrez,Libre immediatement,Evry-Courcouronnes,Le Canal,91,Ile-de-France,T6,Villa Cristal,100.1,3.0,3.0,E,260000.0,2597.0
V11978,Surface Carrez,juin-2028,Massy,Vilmorin,91,Ile-de-France,T5,Villa Opale,104.1,3.0,1.0,B,417000.0,4006.0
V09040,Surface habitable,Libre immediatement,Bobigny,Abreuvoir,93,Ile-de-France,T4,Villa Saint-Martin,74.2,1.0,0.0,D,216000.0,2911.0
V01691,Surface Carrez,Libre immediatement,Paris,Montmartre,75,Ile-de-France,T4,,74.1,2.0,1.0,D,700000.0,9447.0
V04489,Surface Carrez,Libre immediatement,Montreuil,Mairie,93,Ile-de-France,T1,Les Jardins des Lilas,31,1.0,1.0,E,146000.0,4710.0
V09384,Surface Carrez,Libre immediatement,Boulogne-Billancourt,Billancourt,92,Ile-de-France,T5,,97.9,2.0,0.0,B,859000.0,8774.0
V08882,Surface Carrez,Libre immediatement,Paris,Belleville,75,Ile-de-France,T1,Villa Montaigne,20.9,1.0,1.0,B,198000.0,9474.0
V03447,Surface Carrez,janv-2026,Saint-Germain-en-Laye,Bel-Air,78,Ile-de-France,T3,Villa d'Argent,55.5,2.0,0.0,B,405000.0,7297.0
V06327,Surface Carrez,Libre immediatement,Paris,Vaugirard,75,Ile-de-France,T2,Villa Symphonie,35.6,1.0,1.0,D,283000.0,7949.0
V06441,Surface Carrez,Libre immediatement,Bobigny,Centre-ville,93,Ile-de-France,T3,Les Terrasses du Lac,66.4,2.0,0.0,D,268000.0,4036.0
V02226,Surface Carrez,Libre immediatement,Paris,Montmartre,75,Ile-de-France,T4,,98.9,3.0,2.0,E,818000.0,8271.0
V05496,Surface Carrez,Libre immediatement,Ivry-sur-Seine,Petit-Ivry,94,Ile-de-France,Maison 5 pieces,Residence Horizon,116.9,2.0,0.0,B,445000.0,3807.0
V13210,Surface Carrez,Libre immediatement,Paris,Batignolles,75,Ile-de-France,T2,Le Parc Bellevue,56.6,1.0,2.0,F,404000.0,7138.0
V06007,Surface habitable,Libre immediatement,Melun,Saint-Aspais,77,Ile-de-France,T5,Le Clos Montaigne,87.1,3.0,,B,255000.0,2928.0
V01789,Surface au sol,Libre immediatement,Neuilly-sur-Seine,Village,92,Ile-de-France,Maison 4 pieces,Les Terrasses Montaigne,116.8,3.0,0.0,D,844000.0,7226.0
V14110,Surface utile,Libre immediatement,Cergy,Cergy-Prefecture,95,Ile-de-France,T3,,60,2.0,0.0,C,162000.0,2700.0
V08215,Surface Carrez,Libre immediatement,Noisy-le-Grand,Centre-ville,93,Ile-de-France,T3,Les Allees des Lilas,60.2,2.0,1.0,C,284000.0,4718.0
V04974,Surface utile,Libre immediatement,Paris,Champ-de-Mars,75,Ile-de-France,T3,,74.7,1.0,0.0,B,1066000.0,14270.0
V05558,Surface Carrez,Libre immediatement,Paris,Le Marais,75,Ile-de-France,T3,Carre Opale,67.1,2.0,0.0,C,721000.0,10745.0
V04801,Surface utile,Libre immediatement,Versailles,Porchefontaine,78,Ile-de-France,T4,Esprit du Parc,128.3,2.0,1.0,E,673000.0,5246.0
V03261,Surface Carrez,Libre immediatement,Paris,Batignolles,75,Ile-de-France,T4,Cour du Lac,108.3,2.0,1.0,C,976000.0,9012.0
V12091,Surface habitable,Libre immediatement,Paris,Gobelins,75,Ile-de-France,T4,,79.8,2.0,1.0,D,679000.0,8509.0
V01177,Surface habitable,nov-2027,Montreuil,Bel-Air,93,Ile-de-France,T3,Esprit d'Argent,58.5,2.0,0.0,B,325000.0,5556.0
V02742,Surface Carrez,juin-2026,Trappes,Village,78,Ile-de-France,T3,Les Terrasses d'Argent,54.9,2.0,0.0,B,186000.0,3388.0
V04828,Surface utile,Libre immediatement,Versailles,Chantiers,78,Ile-de-France,T2,Le Clos Riviera,38,1.0,0.0,E,200000.0,5263.0
V03986,Surface Carrez,Libre immediatement,Saint-Denis,Basilique,93,Ile-de-France,T4,,98.4,3.0,0.0,B,338000.0,3435.0
V01004,Surface Carrez,Libre immediatement,Creteil,Mont-Mesly,94,Ile-de-France,T5,,97.7,1.0,0.0,D,382000.0,3910.0
V13283,Surface Carrez,Libre immediatement,Paris,Gobelins,75,Ile-de-France,T3,Les Terrasses du Parc,63.9,1.0,0.0,E,589000.0,9218.0
V03656,Surface utile,Libre immediatement,Creteil,Mont-Mesly,94,Ile-de-France,T4,Les Allees Saint-Martin,72,3.0,0.0,C,244000.0,3389.0
V07280,Surface Carrez,Libre immediatement,Paris,Montmartre,75,Ile-de-France,T2,Carre Verte,43.8,1.0,0.0,D,408000.0,9315.0
V09864,Surface habitable,mai-2027,Paris,Montmartre,75,Ile-de-France,T1,Le Domaine des Chenes,20.7,1.0,1.0,B,220000.0,10628.0
V05975,Surface Carrez,Libre immediatement,Nanterre,Universite,92,Ile-de-France,T4,Le Domaine Voltaire,95.3,2.0,0.0,E,433000.0,4544.0
V01855,Surface Carrez,oct-2026,Nanterre,Universite,92,Ile-de-France,Maison 5 pieces,Le Clos Bellevue,115.2,4.0,0.0,A,551000.0,4783.0
V14274,Surface utile,Libre immediatement,Saint-Germain-en-Laye,Alsace,78,Ile-de-France,T4,Le Parc du Parc,110.7,3.0,1.0,G,583000.0,5266.0
V11864,Surface Carrez,oct-2028,Paris,Buttes-Chaumont,75,Ile-de-France,T5,Le Domaine d'Argent,132,2.0,0.0,B,1285000.0,9735.0
V11433,Surface Carrez,Libre immediatement,Antony,Les Baconnets,92,Ile-de-France,T4,,80,2.0,1.0,D,348000.0,4350.0
V02071,Surface Carrez,nov-2028,Meaux,Beauval,77,Ile-de-France,T3,Cour Saint-Martin,93.4,1.0,0.0,C,180000.0,1927.0
V02096,Surface Carrez,Libre immediatement,Paris,Montmartre,75,Ile-de-France,T2,,40.2,1.0,2.0,F,300000.0,7463.0
V03448,Surface Carrez,Libre immediatement,Meaux,Hopital,77,Ile-de-France,T2,,59.2,1.0,1.0,C,162000.0,2736.0
V09021,Surface Carrez,Libre immediatement,Noisy-le-Grand,Butte Verte,93,Ile-de-France,T4,Le Clos des Lilas,95.7,2.0,0.0,B,340000.0,3553.0
V01204,Surface utile,Libre immediatement,Argenteuil,Val d'Argent,95,Ile-de-France,T3,Villa Latitude,63.4,1.0,2.0,B,162000.0,2555.0
V06770,Surface Carrez,Libre immediatement,Ivry-sur-Seine,Monmousseau,94,Ile-de-France,T1,,21.7,1.0,0.0,B,90000.0,4147.0
V13398,Surface Carrez,Libre immediatement,Vincennes,Bois de Vincennes,94,Ile-de-France,T2,,35.7,1.0,0.0,D,272000.0,7619.0
V09910,Surface Carrez,Libre immediatement,Paris,Batignolles,75,Ile-de-France,T3,Esprit Belvedere,49.3,2.0,,E,425000.0,8621.0
V13580,Surface Carrez,Libre immediatement,Antony,Croix de Berny,92,Ile-de-France,T3,Le Domaine Concorde,73.9,2.0,0.0,D,381000.0,5156.0
V02581,Surface utile,Libre immediatement,Versailles,Montreuil,78,Ile-de-France,Maison 4 pieces,,78.6,1.0,0.0,A,419000.0,5331.0
V12161,Surface utile,Libre immediatement,Paris,Porte de Clignancourt,75,Ile-de-France,T3,,70.9,2.0,1.0,E,444000.0,6262.0
V05508,Surface Carrez,Libre immediatement,Evry-Courcouronnes,Les Pyramides,91,Ile-de-France,T3,Le Clos Symphonie,55.1,1.0,0.0,F,99000.0,1797.0
V14119,Surface habitable,Libre immediatement,Bobigny,Pont de Bondy,93,Ile-de-France,T6,Le Parc Verte,124.6,2.0,1.0,C,483000.0,3876.0
V00698,Surface Carrez,Libre immediatement,Massy,Atlantis,91,Ile-de-France,T3,,79.4,2.0,2.0,D,268000.0,3375.0
V13873,Surface Carrez,juil-2027,Boulogne-Billancourt,Billancourt,92,Ile-de-France,T4,Le Domaine Verte,122.8,2.0,3.0,C,1091000.0,8884.0
V01851,Surface Carrez,Libre immediatement,Paris,Saint-Germain-des-Pres,75,Ile-de-France,T4,,89.9,3.0,0.0,E,939000.0,10445.0
V05918,Surface Carrez,Libre immediatement,Ivry-sur-Seine,Centre-Ville,94,Ile-de-France,T3,Le Domaine d'Argent,77.5,,1.0,D,329000.0,4245.0
V06146,Surface Carrez,juin-2028,Paris,Porte de Clignancourt,75,Ile-de-France,T2,Le Clos du Lac,60.7,1.0,0.0,B,504000.0,8303.0
V05727,Surface habitable,Libre immediatement,Paris,Belleville,75,Ile-de-France,T3,Le Hameau Montaigne,67.3,2.0,1.0,C,400000.0,5944.0
V00906,Surface Carrez,Libre immediatement,Saint-Denis,Franc-Moisin,93,Ile-de-France,T4,Les Jardins du Lac,95 - 103,2.0,1.0,D,247000.0,
V07345,Surface Carrez,Libre immediatement,Saint-Germain-en-Laye,Bel-Air,78,Ile-de-France,T5,Cour Verte,95.1,3.0,0.0,D,551000.0,5794.0
V10338,Surface Carrez,Libre immediatement,Massy,Opera,91,Ile-de-France,T4,Le Hameau Opale,84.1,3.0,0.0,E,266000.0,3163.0
V00967,Surface Carrez,Libre immediatement,Paris,Le Marais,75,Ile-de-France,T4,,109.7,1.0,1.0,D,1339000.0,12206.0
V10726,Surface Carrez,Libre immediatement,Antony,Pajeaud,92,Ile-de-France,T1,,23.7,1.0,0.0,C,95000.0,4008.0
V05337,Surface Carrez,aout-2027,Ivry-sur-Seine,Monmousseau,94,Ile-de-France,T5,Le Hameau des Lilas,98.7,3.0,1.0,A,527000.0,5339.0
V03648,Surface Carrez,Libre immediatement,Paris,Belleville,75,Ile-de-France,T6,Les Jardins Opale,135,2.0,3.0,E,861000.0,6378.0
V11944,Surface habitable,Libre immediatement,Paris,Porte de Clignancourt,75,Ile-de-France,T1,Le Hameau d'Argent,26.5,1.0,1.0,B,180000.0,6792.0
V06567,Surface habitable,Libre immediatement,Saint-Germain-en-Laye,Alsace,78,Ile-de-France,T4,Residence d'Argent,77.6,3.0,1.0,E,433000.0,5580.0
V10729,Surface Carrez,Libre immediatement,Neuilly-sur-Seine,Bagatelle,92,Ile-de-France,T4,,97.5,3.0,1.0,D,1261000.0,12933.0
V14011,Surface Carrez,Libre immediatement,Paris,La Muette,75,Ile-de-France,T2,Les Jardins Saint-Martin,45.4,1.0,0.0,E,499000.0,10991.0
V07020,Surface Carrez,Libre immediatement,Paris,Batignolles,75,Ile-de-France,T4,Les Allees des Chenes,103.4,1.0,0.0,A,1172000.0,11335.0
V08640,Surface utile,Libre immediatement,Noisy-le-Grand,Butte Verte,93,Ile-de-France,T3,,84.3,2.0,1.0,D,319000.0,3784.0
V07485,Surface Carrez,Libre immediatement,Saint-Denis,Grand Centre,93,Ile-de-France,T3,Cour Saint-Martin,52.6,2.0,1.0,D,135000.0,2567.0
V05488,Surface habitable,Libre immediatement,Saint-Denis,Basilique,93,Ile-de-France,T2,,34.4,1.0,1.0,E,100000.0,2907.0
V11499,Surface Carrez,Libre immediatement,Paris,Le Marais,75,Ile-de-France,T4,Carre Bellevue,107.6,1.0,0.0,D,1193000.0,11087.0
V11405,Surface habitable,Libre immediatement,Noisy-le-Grand,Champy,93,Ile-de-France,T4,,91.7,3.0,,C,334000.0,3642.0
V00408,Surface au sol,Libre immediatement,Ivry-sur-Seine,Petit-Ivry,94,Ile-de-France,Maison 6 pieces,Les Terrasses Symphonie,143.5,4.0,0.0,C,722000.0,5031.0
V00471,Surface Carrez,Libre immediatement,Cergy,Cergy-le-Haut,95,Ile-de-France,T3,Villa des Lilas,64,2.0,1.0,D,148000.0,2312.0
V14477,Surface habitable,Libre immediatement,Paris,Champ-de-Mars,75,Ile-de-France,T5,,106.8,3.0,0.0,E,1068000.0,10000.0
V03116,Surface Carrez,sept-2027,Paris,Buttes-Chaumont,75,Ile-de-France,T4,Les Jardins Cristal,80.4,1.0,0.0,A,727000.0,9042.0
V14411,Surface habitable,nov-2027,Paris,Belleville,75,Ile-de-France,T4,Villa Voltaire,74.9,,0.0,C,625000.0,8344.0
V10296,Surface Carrez,Libre immediatement,Cergy,Axe Majeur,95,Ile-de-France,T3,Le Parc Concorde,78.3,2.0,0.0,D,174000.0,2222.0
V00545,Surface Carrez,dec-2027,Vincennes,Centre-Ville,94,Ile-de-France,T3,Residence Montaigne,91.5,2.0,0.0,B,965000.0,10546.0
V04617,Surface Carrez,Libre immediatement,Boulogne-Billancourt,Rives de Seine,92,Ile-de-France,T3,,76.7,1.0,2.0,B,882000.0,11499.0
V09986,Surface Carrez,Libre immediatement,Boulogne-Billancourt,Parchamp,92,Ile-de-France,T3,Cour du Lac,70.5,2.0,2.0,D,571000.0,8099.0
V02860,Surface Carrez,Libre immediatement,Aubervilliers,Fort d'Aubervilliers,93,Ile-de-France,T5,,99.9,3.0,0.0,C,373000.0,3734.0
V09728,Surface Carrez,Libre immediatement,Boulogne-Billancourt,Centre-Ville,92,Ile-de-France,T4,Le Hameau Montaigne,79.9,3.0,1.0,E,697000.0,8723.0
V11787,Surface habitable,Libre immediatement,Bobigny,Pont de Bondy,93,Ile-de-France,T4,Villa du Parc,97.8,2.0,1.0,B,306000.0,3129.0
V05911,Surface habitable,avr-2027,Ivry-sur-Seine,Ivry-Port,94,Ile-de-France,T3,Les Allees Latitude,66.6,2.0,2.0,C,354000.0,5315.0
V06917,Surface Carrez,Libre immediatement,Paris,Vaugirard,75,Ile-de-France,T4,,69.2,3.0,0.0,E,626000.0,9046.0
V01406,Surface utile,Libre immediatement,Paris,Buttes-Chaumont,75,Ile-de-France,T3,Le Clos Horizon,51.9,2.0,1.0,F,353000.0,6802.0
V05510,Surface Carrez,Libre immediatement,Trappes,Sand-Pergaud-Verlaine,78,Ile-de-France,T3,Le Hameau Voltaire,88.9,2.0,2.0,E,260000.0,2925.0
V11603,Surface Carrez,Libre immediatement,Paris,Bercy,75,Ile-de-France,T5,,110.9,3.0,0.0,A,1023000.0,9225.0
V10476,Surface utile,Libre immediatement,Saint-Germain-en-Laye,Bel-Air,78,Ile-de-France,T4,,107.3,3.0,1.0,D,580000.0,5405.0
V05919,Surface Carrez,avr-2027,Paris,Porte de Clignancourt,75,Ile-de-France,T2,Le Domaine du Lac,40.9,1.0,1.0,B,340000.0,8313.0
V03366,Surface Carrez,Libre immediatement,Creteil,Mont-Mesly,94,Ile-de-France,T2,Les Jardins Bellevue,41.9,1.0,0.0,B,126000.0,3007.0
V05533,Surface Carrez,mars-2026,Ivry-sur-Seine,Centre-Ville,94,Ile-de-France,T3,Villa Concorde,65,2.0,1.0,B,450000.0,6923.0
V05362,Surface Carrez,Libre immediatement,Melun,Almont,77,Ile-de-France,T4,Les Allees Cristal,89.7,3.0,3.0,C,189000.0,2107.0
V05902,Surface utile,mars-2027,Paris,Champ-de-Mars,75,Ile-de-France,T3,Cour Voltaire,82.8,2.0,0.0,B,1071000.0,12935.0
V13380,Surface au sol,Libre immediatement,Versailles,Porchefontaine,78,Ile-de-France,Maison 5 pieces,,152.7,4.0,1.0,D,711000.0,4656.0
V06356,Surface Carrez,Libre immediatement,Noisy-le-Grand,Champy,93,Ile-de-France,T3,,108.2,1.0,1.0,E,338000.0,3124.0
V14900,Surface Carrez,Libre immediatement,Issy-les-Moulineaux,Corentin Celton,92,Ile-de-France,T4,,101.8,3.0,3.0,D,725000.0,7122.0
V13793,Surface Carrez,Libre immediatement,Issy-les-Moulineaux,Corentin Celton,92,Ile-de-France,T2,,38.4,1.0,,D,273000.0,7109.0
V08983,Surface Carrez,Libre immediatement,Paris,Champ-de-Mars,75,Ile-de-France,T4,Villa Verte,120.2,3.0,0.0,D,1334000.0,11098.0
V03499,Surface Carrez,avr-2026,Paris,Porte de Clignancourt,75,Ile-de-France,T5,Carre d'Argent,130.8,3.0,1.0,A,928000.0,7095.0
V10847,Surface habitable,aout-2026,Paris,Saint-Germain-des-Pres,75,Ile-de-France,T4,Le Parc Cristal,69.6,2.0,1.0,C,980000.0,14080.0
V05511,Surface habitable,Libre immediatement,Noisy-le-Grand,Mont d'Est,93,Ile-de-France,T2,Le Domaine du Parc,32.7,1.0,0.0,F,98000.0,2997.0
V06408,Surface utile,Libre immediatement,Vitry-sur-Seine,Moulin-Vert,94,Ile-de-France,T4,,111.6,3.0,1.0,D,410000.0,3674.0
V12790,Surface Carrez,Libre immediatement,Antony,Croix de Berny,92,Ile-de-France,T3,Le Hameau Symphonie,67.3,1.0,2.0,D,396000.0,5884.0
V02410,Surface Carrez,Libre immediatement,Neuilly-sur-Seine,Bagatelle,92,Ile-de-France,T3,Le Parc Symphonie,60,2.0,1.0,G,618000.0,10300.0
V09013,Surface Carrez,Libre immediatement,Montrouge,Ferry-Jaures,92,Ile-de-France,T5,,120.2,1.0,1.0,C,899000.0,7479.0
V06269,Surface habitable,Libre immediatement,Paris,Le Marais,75,Ile-de-France,T2,,42.5,1.0,0.0,E,498000.0,11718.0
V07370,Surface utile,Libre immediatement,Meaux,Colbert,77,Ile-de-France,T2,,46.7,1.0,0.0,D,90000.0,1927.0
V02393,Surface Carrez,Libre immediatement,Versailles,Chantiers,78,Ile-de-France,T3,,73.9,1.0,2.0,B,464000.0,6279.0
V04086,Surface Carrez,Libre immediatement,Nanterre,Centre,92,Ile-de-France,T2,Le Parc Cristal,57.2,,0.0,D,322000.0,5629.0
V14034,Surface habitable,Libre immediatement,Paris,La Muette,75,Ile-de-France,T3,,69.7,2.0,2.0,D,670000.0,9613.0
V10587,Surface Carrez,Libre immediatement,Argenteuil,Centre-Ville,95,Ile-de-France,T4,,80.7,3.0,2.0,F,216000.0,2677.0
V12207,Surface Carrez,Libre immediatement,Paris,Saint-Germain-des-Pres,75,Ile-de-France,T4,,91.1,3.0,1.0,F,923000.0,10132.0
V05692,Surface Carrez,Libre immediatement,Creteil,Lac,94,Ile-de-France,T4,Le Hameau d'Argent,66.5,3.0,1.0,C,296000.0,4451.0
V13881,Surface Carrez,Libre immediatement,Nanterre,Petit-Nanterre,92,Ile-de-France,T2,Cour des Chenes,33,1.0,1.0,E,137000.0,4152.0
V03105,Surface Carrez,Libre immediatement,Nanterre,Universite,92,Ile-de-France,Maison 5 pieces,,145.5,3.0,0.0,D,599000.0,4117.0
V03239,Surface habitable,sept-2029,Boulogne-Billancourt,Billancourt,92,Ile-de-France,T2,Le Hameau Cristal,37.4,1.0,0.0,,341000.0,9118.0
V12516,Surface Carrez,Libre immediatement,Melun,Centre-Ville,77,Ile-de-France,T3,,81.1,2.0,0.0,B,282000.0,3477.0
V14349,Surface Carrez,Libre immediatement,Bobigny,Etoile,93,Ile-de-France,T1,,34.3,1.0,1.0,F,79000.0,2303.0
V00664,Surface Carrez,Libre immediatement,Paris,Batignolles,75,Ile-de-France,T3,Les Allees Verte,73.7,2.0,0.0,D,684000.0,9281.0
V09406,Surface Carrez,Libre immediatement,Montreuil,Ruffins,93,Ile-de-France,T4,Les Terrasses Belvedere,112,3.0,0.0,D,450000.0,4018.0
V00307,Surface Carrez,Libre immediatement,Aubervilliers,Fort d'Aubervilliers,93,Ile-de-France,T2,,41.5,1.0,0.0,E,107000.0,2578.0
V07157,Surface utile,nov-2026,Neuilly-sur-Seine,Saint-James,92,Ile-de-France,T2,Le Domaine du Parc,49,1.0,2.0,B,574000.0,11714.0
V04836,Surface habitable,Libre immediatement,Montreuil,Mairie,93,Ile-de-France,T2,Le Hameau Voltaire,41.3,1.0,2.0,E,153000.0,3705.0
V09234,Surface habitable,Libre immediatement,Paris,Le Marais,75,Ile-de-France,T3,,74.2,2.0,1.0,F,875000.0,11792.0
V08428,Surface Carrez,fevr-2027,Argenteuil,Coteaux,95,Ile-de-France,T6,Le Clos Montaigne,133.4,1.0,0.0,A,596000.0,4468.0
V12805,Surface Carrez,juin-2028,Versailles,Chantiers,78,Ile-de-France,T2,Les Allees Concorde,42.4,1.0,0.0,A,219000.0,5165.0
V01676,Surface Carrez,Libre immediatement,Paris,La Muette,75,Ile-de-France,T4,,92.3,3.0,1.0,B,1122000.0,12156.0
V09458,Surface Carrez,mars-2027,Boulogne-Billancourt,Centre-Ville,92,Ile-de-France,T2,Le Domaine Beausejour,64.7,1.0,0.0,B,763000.0,11793.0
V14693,Surface Carrez,Libre immediatement,Paris,Champ-de-Mars,75,Ile-de-France,T3,Le Hameau Voltaire,64.9,2.0,1.0,D,958000.0,14761.0
V12647,Surface Carrez,Libre immediatement,Boulogne-Billancourt,Point du Jour,92,Ile-de-France,T4,,94.1,3.0,2.0,D,752000.0,7991.0
V03635,Surface au sol,Libre immediatement,Argenteuil,Centre-Ville,95,Ile-de-France,Maison 7 pieces,Residence du Lac,150.9,4.0,0.0,D,423000.0,2803.0
V08434,Surface Carrez,nov-2028,Paris,Montmartre,75,Ile-de-France,T2,Les Terrasses Beausejour,40.3,1.0,1.0,B,467000.0,11588.0
V12126,Surface Carrez,Libre immediatement,Antony,Centre-Ville,92,Ile-de-France,T3,,92.8,2.0,0.0,E,386000.0,4159.0
V03599,Surface habitable,mai-2028,Paris,Bercy,75,Ile-de-France,T6,Esprit Cristal,148.4,3.0,0.0,A,1842000.0,12412.0
V04145,Surface habitable,Libre immediatement,Cergy,Cergy-le-Haut,95,Ile-de-France,T1,Cour Cristal,18.8,1.0,1.0,E,45000.0,2394.0
V14476,Surface habitable,Libre immediatement,Paris,Gobelins,75,Ile-de-France,T2,Les Terrasses Belvedere,45.7,1.0,1.0,D,463000.0,10131.0
V07419,Surface Carrez,Libre immediatement,Evry-Courcouronnes,Centre-Ville,91,Ile-de-France,T4,Les Jardins du Parc,86.5,3.0,,C,239000.0,2763.0
V12283,Surface habitable,Libre immediatement,Paris,La Muette,75,Ile-de-France,T5,Villa des Acacias,149,2.0,1.0,D,1644000.0,11034.0
V09782,Surface Carrez,aout-2029,Noisy-le-Grand,Mont d'Est,93,Ile-de-France,T3,Villa Riviera,83 - 103,1.0,0.0,B,499000.0,
V07127,Surface habitable,mai-2028,Evry-Courcouronnes,Centre-Ville,91,Ile-de-France,T4,Le Hameau Saint-Martin,102.9,3.0,0.0,A,428000.0,4159.0
V04632,Surface habitable,Libre immediatement,Paris,Saint-Germain-des-Pres,75,Ile-de-France,T4,,95,1.0,0.0,B,1264000.0,13305.0
V02122,Surface utile,Libre immediatement,Creteil,Centre Ancien,94,Ile-de-France,T2,,35.7,1.0,0.0,D,148000.0,4146.0
V07480,Surface Carrez,Libre immediatement,Vincennes,Bois de Vincennes,94,Ile-de-France,T3,,63.2,2.0,1.0,E,422000.0,6677.0
V11415,Surface utile,Libre immediatement,Cergy,Cergy-Prefecture,95,Ile-de-France,T1,Les Terrasses Verte,23.1,1.0,1.0,E,52000.0,2251.0
V07550,Surface utile,Libre immediatement,Ivry-sur-Seine,Petit-Ivry,94,Ile-de-France,T3,,0.54 are,2.0,0.0,C,236000.0,
V09860,Surface habitable,Libre immediatement,Versailles,Montreuil,78,Ile-de-France,T4,Carre Riviera,98.1,3.0,1.0,C,469000.0,4781.0
V13610,Surface au sol,Libre immediatement,Montreuil,Ruffins,93,Ile-de-France,Maison 5 pieces,,111,2.0,0.0,G,277000.0,2495.0
V08527,Surface habitable,sept-2028,Paris,Saint-Germain-des-Pres,75,Ile-de-France,T5,Carre des Lilas,84,3.0,1.0,,1388000.0,16524.0
V06112,Surface utile,Libre immediatement,Paris,Saint-Germain-des-Pres,75,Ile-de-France,T3,Cour Latitude,71.2,2.0,2.0,F,838000.0,11770.0
V12799,Surface Carrez,Libre immediatement,Levallois-Perret,Front de Seine,92,Ile-de-France,T5,,132.9,3.0,0.0,G,1005000.0,7562.0
V11769,Surface Carrez,Libre immediatement,Paris,Saint-Germain-des-Pres,75,Ile-de-France,T3,Villa Symphonie,64.4,2.0,0.0,A,1202000.0,18665.0
V01993,Surface habitable,sept-2027,Issy-les-Moulineaux,,92,Ile-de-France,T2,Villa Symphonie,48.8,1.0,0.0,A,476000.0,9754.0
V14596,Surface habitable,avr-2026,Nanterre,Universite,92,Ile-de-France,T5,Les Terrasses des Lilas,110.2,2.0,0.0,B,762000.0,6915.0
V13122,Surface Carrez,Libre immediatement,Montreuil,Croix de Chavaux,93,Ile-de-France,T1,,25.4,1.0,0.0,E,100000.0,3937.0
V13791,Surface habitable,Libre immediatement,Boulogne-Billancourt,Rives de Seine,92,Ile-de-France,T3,,70.3,2.0,1.0,C,679000.0,9659.0
V02495,Surface Carrez,Libre immediatement,Paris,Buttes-Chaumont,75,Ile-de-France,T2,,39.8,1.0,2.0,G,267000.0,6709.0
V14996,Surface Carrez,Libre immediatement,Paris,Batignolles,75,Ile-de-France,T4,Les Terrasses Montaigne,96.2,3.0,0.0,D,757000.0,7869.0
V00340,Surface habitable,Libre immediatement,Antony,Pajeaud,92,Ile-de-France,T3,Le Clos Saint-Martin,91.3,1.0,2.0,D,411000.0,4502.0
V14046,Surface Carrez,Libre immediatement,Issy-les-Moulineaux,Corentin Celton,92,Ile-de-France,T5,Le Clos d'Argent,129.6,3.0,1.0,D,1029000.0,7940.0
V13687,Surface Carrez,juil-2029,Paris,Montmartre,75,Ile-de-France,T4,Les Jardins Cristal,76.7,2.0,0.0,A,729000.0,9505.0
V07021,Surface Carrez,Libre immediatement,Paris,Le Marais,75,Ile-de-France,T4,,73.1,3.0,1.0,D,902000.0,12339.0
V11098,Surface habitable,juil-2027,Paris,Le Marais,75,Ile-de-France,T4,Le Hameau d'Argent,107.6,3.0,0.0,C,1600000.0,14870.0
V09779,Surface habitable,Libre immediatement,Neuilly-sur-Seine,Village,92,Ile-de-France,T2,,47.8,1.0,1.0,D,444000.0,9289.0
V10721,Surface Carrez,Libre immediatement,Massy,Vilmorin,91,Ile-de-France,T3,Les Allees Symphonie,53.1,2.0,1.0,D,164000.0,3089.0
V13587,Surface habitable,oct-2027,Paris,Gobelins,75,Ile-de-France,T1,Le Hameau Beausejour,24.8,1.0,0.0,C,250000.0,10081.0
V08683,Surface Carrez,Libre immediatement,Paris,Montmartre,75,Ile-de-France,T3,,70.1,1.0,0.0,G,541000.0,7718.0
V01946,Surface Carrez,Libre immediatement,Paris,Bercy,75,Ile-de-France,T3,Villa Bellevue,67.4,2.0,1.0,C,488000.0,7240.0
V11026,Surface Carrez,janv-2027,Paris,Vaugirard,75,Ile-de-France,T3,Esprit Latitude,71.2,2.0,2.0,C,752000.0,10562.0
V14531,Surface Carrez,oct-2026,Paris,Bercy,75,Ile-de-France,T1,Les Allees Montaigne,20,1.0,0.0,B,223000.0,11150.0
V05871,Surface Carrez,Libre immediatement,Boulogne-Billancourt,Billancourt,92,Ile-de-France,T3,Le Hameau Bellevue,76.4,2.0,0.0,F,506000.0,6623.0
V09290,Surface Carrez,Libre immediatement,Issy-les-Moulineaux,Fort d'Issy,92,Ile-de-France,T1,Residence Latitude,20,1.0,0.0,C,147000.0,7350.0
V10028,Surface Carrez,Libre immediatement,Argenteuil,Val d'Argent,95,Ile-de-France,T1,Le Parc Bellevue,29.6,1.0,1.0,C,71000.0,2399.0
V09036,Surface Carrez,Libre immediatement,Meaux,Centre-Ville,77,Ile-de-France,T5,,112.5,3.0,2.0,F,205000.0,1822.0
V03841,Surface Carrez,Libre immediatement,Paris,Montmartre,75,Ile-de-France,T4,,108.7,2.0,0.0,C,763000.0,7019.0
V12718,Surface Carrez,aout-2027,Evry-Courcouronnes,Bois Sauvage,91,Ile-de-France,T4,Les Jardins Symphonie,72,2.0,0.0,B,222000.0,3083.0
V03177,Surface habitable,Libre immediatement,Ivry-sur-Seine,Centre-Ville,94,Ile-de-France,T3,,57.7,2.0,,E,220000.0,3813.0
V04611,Surface habitable,Libre immediatement,Paris,Batignolles,75,Ile-de-France,T3,,73.8,2.0,2.0,F,522000.0,7073.0
V14727,Surface Carrez,Libre immediatement,Paris,Saint-Germain-des-Pres,75,Ile-de-France,T3,,61.6,1.0,0.0,B,987000.0,16023.0
V14833,Surface habitable,Libre immediatement,Argenteuil,Val d'Argent,95,Ile-de-France,T3,Le Domaine des Acacias,72.7,2.0,1.0,D,142000.0,1953.0
V12434,Surface Carrez,Libre immediatement,Boulogne-Billancourt,Point du Jour,92,Ile-de-France,T3,Les Terrasses Belvedere,75.7,1.0,1.0,C,489000.0,6460.0
V01051,Surface Carrez,Libre immediatement,Paris,La Muette,75,Ile-de-France,T4,Residence Verte,110.4,2.0,1.0,D,1164000.0,10543.0
V01068,Surface utile,Libre immediatement,Levallois-Perret,Front de Seine,92,Ile-de-France,T3,Villa Bellevue,52.3,2.0,1.0,D,534000.0,10210.0
V06717,Surface Carrez,Libre immediatement,Issy-les-Moulineaux,Les Epinettes,92,Ile-de-France,T4,Cour des Chenes,109.4,3.0,1.0,C,752000.0,6874.0
V10628,Surface habitable,Libre immediatement,Paris,Porte de Clignancourt,75,Ile-de-France,T5,,108.9,3.0,1.0,C,594000.0,5455.0
V04219,Surface Carrez,Libre immediatement,Trappes,Les Merisiers,78,Ile-de-France,T2,Le Clos du Lac,38.7,1.0,1.0,E,92000.0,2377.0
V06469,Surface utile,Libre immediatement,Creteil,Mont-Mesly,94,Ile-de-France,T6,Le Clos Bellevue,200,3.0,0.0,E,604000.0,3020.0
V09214,Surface Carrez,Libre immediatement,Vitry-sur-Seine,Ardoines,94,Ile-de-France,T3,,56.2,1.0,0.0,C,233000.0,4146.0
V12030,Surface habitable,Libre immediatement,Paris,Champ-de-Mars,75,Ile-de-France,T1,,22,1.0,0.0,C,249000.0,11318.0
V14445,Surface Carrez,Libre immediatement,Montreuil,Mairie,93,Ile-de-France,T3,Les Allees Cristal,85.7,2.0,1.0,B,412000.0,4807.0
V08463,Surface Carrez,Libre immediatement,Noisy-le-Grand,Centre-ville,93,Ile-de-France,Maison 4 pieces,,87.9,3.0,0.0,B,314000.0,3572.0
V07219,Surface au sol,Libre immediatement,Argenteuil,Centre-Ville,95,Ile-de-France,Maison 4 pieces,,120.4,1.0,0.0,D,353000.0,2932.0
V02869,Surface Carrez,Libre immediatement,Saint-Denis,Basilique,93,Ile-de-France,Maison 4 pieces,,81.4,1.0,1.0,G,167000.0,2052.0
V09072,Surface Carrez,Libre immediatement,Paris,Buttes-Chaumont,75,Ile-de-France,T3,Le Domaine d'Argent,82.7,2.0,0.0,E,541000.0,6542.0
V10449,Surface Carrez,Libre immediatement,Montreuil,Mairie,93,Ile-de-France,T3,Villa du Parc,80,2.0,1.0,E,288000.0,3600.0
V02866,Surface utile,Libre immediatement,Paris,Gobelins,75,Ile-de-France,T3,Villa Latitude,56.7,2.0,0.0,E,474000.0,8360.0
V12171,Surface Carrez,fevr-2026,Paris,Batignolles,75,Ile-de-France,T2,Le Domaine Saint-Martin,41.7,1.0,0.0,A,542000.0,12998.0
V13930,Surface Carrez,sept-2028,Paris,Montmartre,75,Ile-de-France,T3,Le Hameau Montaigne,48.3,2.0,0.0,B,479000.0,9917.0
V01063,Surface Carrez,Libre immediatement,Mantes-la-Jolie,Centre-Ville,78,Ile-de-France,T1,,30 - 39,1.0,1.0,A,72000.0,
V13704,Surface Carrez,Libre immediatement,Mantes-la-Jolie,Val Fourre,78,Ile-de-France,T4,,79.1,3.0,0.0,D,118000.0,1492.0
V13689,Surface habitable,aout-2026,Evry-Courcouronnes,Bois Sauvage,91,Ile-de-France,T2,Le Parc Beausejour,61.7,1.0,1.0,B,179000.0,2901.0
V10733,Surface au sol,sept-2027,Cergy,Cergy-le-Haut,95,Ile-de-France,Maison 5 pieces,Les Allees Horizon,156.2,3.0,0.0,B,390000.0,2497.0
V02302,Surface Carrez,mai-2029,Boulogne-Billancourt,Billancourt,92,Ile-de-France,T3,Le Clos Opale,54.8,1.0,0.0,B,502000.0,9161.0
V10246,Surface Carrez,Libre immediatement,Paris,Montmartre,75,Ile-de-France,T6,,128.8,2.0,1.0,D,1274000.0,9891.0
V00834,Surface Carrez,Libre immediatement,Saint-Denis,Basilique,93,Ile-de-France,T3,,70.6,1.0,1.0,E,172000.0,2436.0
V07065,Surface au sol,Libre immediatement,Versailles,Chantiers,78,Ile-de-France,Maison 4 pieces,Les Jardins Saint-Martin,81.9,2.0,0.0,F,363000.0,4432.0
V01271,Surface Carrez,Libre immediatement,Vitry-sur-Seine,Centre-Ville,94,Ile-de-France,Maison 4 pieces,Cour Riviera,70.9,1.0,0.0,F,205000.0,2891.0
V11661,Surface Carrez,Libre immediatement,Paris,Buttes-Chaumont,75,Ile-de-France,T4,Cour Saint-Martin,93.9,1.0,0.0,B,557000.0,5932.0
V11867,Surface Carrez,Libre immediatement,Boulogne-Billancourt,Parchamp,92,Ile-de-France,T3,Le Clos Opale,72.8,2.0,1.0,D,528000.0,7253.0
V14964,Surface Carrez,Libre immediatement,Paris,Porte de Clignancourt,75,Ile-de-France,T3,,72.9,2.0,1.0,C,448000.0,6145.0
V00185,Surface Carrez,Libre immediatement,Nanterre,Parc Sud,92,Ile-de-France,T2,Esprit Beausejour,32.6,1.0,1.0,B,171000.0,5245.0
V00622,Surface habitable,dec-2027,Paris,Le Marais,75,Ile-de-France,T4,Esprit Latitude,123.2,3.0,0.0,A,1954000.0,15860.0
V06336,Surface Carrez,sept-2029,Saint-Denis,Grand Centre,93,Ile-de-France,T5,Les Terrasses Opale,130.1,2.0,0.0,A,567000.0,4358.0
V13945,Surface habitable,Libre immediatement,Creteil,Centre Ancien,94,Ile-de-France,T1,Le Parc Saint-Martin,25.5,1.0,1.0,D,94000.0,3686.0
V08094,Surface Carrez,juin-2026,Paris,Saint-Germain-des-Pres,75,Ile-de-France,T4,Carre des Chenes,66.6,3.0,1.0,A,1139000.0,17102.0
V13311,Surface Carrez,Libre immediatement,Paris,Buttes-Chaumont,75,Ile-de-France,T2,Villa des Lilas,44.6,1.0,1.0,C,393000.0,8812.0
V04024,Surface Carrez,Libre immediatement,Paris,La Muette,75,Ile-de-France,T3,Le Domaine des Lilas,64.7,2.0,,D,643000.0,9938.0
V14084,Surface Carrez,Libre immediatement,Saint-Denis,Pleyel,93,Ile-de-France,T4,,94.2,2.0,0.0,G,231000.0,2452.0
V01643,Surface utile,Libre immediatement,Paris,Porte de Clignancourt,75,Ile-de-France,T3,Les Allees Voltaire,77 - 92,2.0,2.0,D,467000.0,
V03979,Surface Carrez,Libre immediatement,Argenteuil,Coteaux,95,Ile-de-France,T3,,80.7,1.0,2.0,E,269000.0,3333.0
V01118,Surface Carrez,Libre immediatement,Paris,Champ-de-Mars,75,Ile-de-France,T4,,81.5,2.0,1.0,A,1268000.0,15558.0
V08067,Surface Carrez,Libre immediatement,Saint-Denis,Pleyel,93,Ile-de-France,T1,Le Clos Verte,26 - 33,1.0,0.0,C,80000.0,
V13234,Surface Carrez,Libre immediatement,Paris,Saint-Germain-des-Pres,75,Ile-de-France,T1,Villa Cristal,28.5,1.0,0.0,D,395000.0,13860.0
V01705,Surface Carrez,Libre immediatement,Paris,Vaugirard,75,Ile-de-France,T4,Les Jardins d'Argent,69.8,2.0,1.0,D,463000.0,6633.0
V07653,Surface utile,Libre immediatement,Boulogne-Billancourt,Centre-Ville,92,Ile-de-France,T4,Esprit des Chenes,82.3,2.0,2.0,E,656000.0,7971.0
V13510,Surface Carrez,Libre immediatement,Vitry-sur-Seine,Moulin-Vert,94,Ile-de-France,T2,,47.1,1.0,0.0,D,168000.0,3567.0
V08002,Surface utile,Libre immediatement,Paris,Saint-Germain-des-Pres,75,Ile-de-France,T4,,114.7,3.0,1.0,E,1618000.0,14106.0
V13269,Surface Carrez,janv-2028,Issy-les-Moulineaux,Les Epinettes,92,Ile-de-France,T4,Le Parc Bellevue,72.7,3.0,0.0,C,688000.0,9464.0
V00319,Surface Carrez,Libre immediatement,Bobigny,Etoile,93,Ile-de-France,T4,,94.4,3.0,2.0,E,300000.0,3178.0
V12368,Surface Carrez,Libre immediatement,Vincennes,Bois de Vincennes,94,Ile-de-France,T3,Les Terrasses des Lilas,51.1,2.0,1.0,D,337000.0,6595.0
V06827,Surface habitable,Libre immediatement,Paris,Belleville,75,Ile-de-France,T3,Villa Beausejour,71.6,2.0,0.0,D,538000.0,7514.0
V08770,Surface habitable,juin-2029,Noisy-le-Grand,Centre-ville,93,Ile-de-France,T2,Cour Horizon,53.3,1.0,1.0,B,258000.0,4841.0
V14031,Surface Carrez,Libre immediatement,Paris,Montmartre,75,Ile-de-France,T1,,33.3,1.0,0.0,D,287000.0,8619.0
V11263,Surface Carrez,sept-2027,Neuilly-sur-Seine,Saint-James,92,Ile-de-France,T4,Cour des Lilas,74.1,2.0,0.0,B,896000.0,12092.0
V04657,Surface Carrez,dec-2029,Boulogne-Billancourt,Point du Jour,92,Ile-de-France,T3,Cour Verte,74.1,1.0,,C,552000.0,7449.0
V02303,Surface habitable,nov-2029,Neuilly-sur-Seine,Saint-James,92,Ile-de-France,T3,Le Domaine Latitude,75.9,2.0,1.0,C,1008000.0,13281.0
V10158,Surface Carrez,Libre immediatement,Nanterre,Petit-Nanterre,92,Ile-de-France,T4,,107.8,3.0,0.0,D,380000.0,3525.0
V12281,Surface habitable,Libre immediatement,Argenteuil,Centre-Ville,95,Ile-de-France,T3,,49.6,2.0,1.0,D,182000.0,3669.0
V06855,Surface habitable,Libre immediatement,Bobigny,Etoile,93,Ile-de-France,Maison 3 pieces,Villa Saint-Martin,59 - 62,1.0,1.0,B,174000.0,
V09909,Surface Carrez,Libre immediatement,Paris,Vaugirard,75,Ile-de-France,T3,,50.3,1.0,0.0,D,434000.0,8628.0
V04358,Surface habitable,Libre immediatement,Mantes-la-Jolie,Centre-Ville,78,Ile-de-France,Maison 5 pieces,Les Jardins Verte,148.4,4.0,0.0,E,325000.0,2190.0
V05044,Surface Carrez,Libre immediatement,Saint-Denis,Franc-Moisin,93,Ile-de-France,T2,Residence du Parc,46.5,1.0,0.0,E,111000.0,2387.0
V04975,Surface Carrez,Libre immediatement,Vitry-sur-Seine,Port-a-l'Anglais,94,Ile-de-France,T2,,46.2,1.0,2.0,C,196000.0,4242.0
V09873,Surface Carrez,Libre immediatement,Paris,Batignolles,75,Ile-de-France,T4,Esprit Verte,75.8,2.0,0.0,B,569000.0,7507.0
V09485,Surface Carrez,Libre immediatement,Melun,Saint-Aspais,77,Ile-de-France,T5,,124.3,3.0,0.0,E,401000.0,3226.0
V09064,Surface Carrez,Libre immediatement,Paris,La Muette,75,Ile-de-France,T4,Les Jardins des Chenes,99.2,2.0,0.0,D,1294000.0,13044.0
V07381,Surface Carrez,Libre immediatement,Paris,Buttes-Chaumont,75,Ile-de-France,T2,Le Hameau Cristal,45,1.0,0.0,B,372000.0,8267.0
V11688,Surface Carrez,Libre immediatement,Paris,Montmartre,75,Ile-de-France,T3,Cour Beausejour,76,2.0,0.0,D,656000.0,8632.0
V01878,Surface habitable,Libre immediatement,Evry-Courcouronnes,Les Pyramides,91,Ile-de-France,T4,Le Clos Opale,80.8,2.0,1.0,G,149000.0,1844.0
V02929,Surface habitable,Libre immediatement,Montrouge,Portes de Montrouge,92,Ile-de-France,T3,,65.6,2.0,2.0,D,477000.0,7271.0
V04093,Surface Carrez,avr-2027,Montrouge,Portes de Montrouge,92,Ile-de-France,T2,Les Allees Latitude,52.7,1.0,0.0,B,428000.0,8121.0
V08920,Surface Carrez,mars-2026,Paris,Buttes-Chaumont,75,Ile-de-France,T2,Villa Beausejour,29.2,1.0,1.0,C,265000.0,9075.0
V14649,Surface au sol,Libre immediatement,Argenteuil,Val d'Argent,95,Ile-de-France,Maison 4 pieces,,78.4,3.0,1.0,C,177000.0,2258.0
V07295,Surface au sol,Libre immediatement,Cergy,Cergy-le-Haut,95,Ile-de-France,Maison 5 pieces,Le Domaine Latitude,109.4,3.0,0.0,E,305000.0,2788.0
V07674,Surface Carrez,Libre immediatement,Paris,Le Marais,75,Ile-de-France,T3,Les Allees Saint-Martin,59.9,2.0,0.0,E,634000.0,10584.0
V03768,Surface habitable,Libre immediatement,Boulogne-Billancourt,Rives de Seine,92,Ile-de-France,T4,,107.6,2.0,1.0,D,1040000.0,9665.0
V05453,Surface Carrez,fevr-2029,Paris,Gobelins,75,Ile-de-France,T3,Residence Symphonie,63.8,2.0,,B,613000.0,9608.0
V00604,Surface Carrez,Libre immediatement,Massy,Opera,91,Ile-de-France,T5,,143,2.0,0.0,C,564000.0,3944.0
V14353,Surface Carrez,Libre immediatement,Paris,Le Marais,75,Ile-de-France,T5,Villa d'Argent,113.6,2.0,0.0,E,1180000.0,10387.0
V14113,Surface Carrez,Libre immediatement,Creteil,Centre Ancien,94,Ile-de-France,T2,,38.6,1.0,,D,135000.0,3497.0
V12479,Surface Carrez,Libre immediatement,Saint-Denis,Grand Centre,93,Ile-de-France,T2,Villa Latitude,38.9,1.0,0.0,E,109000.0,2802.0
V06254,Surface Carrez,Libre immediatement,Mantes-la-Jolie,Centre-Ville,78,Ile-de-France,T3,,89.7,2.0,2.0,C,258000.0,2876.0
V08060,Surface Carrez,dec-2027,Neuilly-sur-Seine,Sablons,92,Ile-de-France,T3,Le Parc Symphonie,87.4,2.0,0.0,C,1315000.0,15046.0
V01109,Surface Carrez,Libre immediatement,Bobigny,Etoile,93,Ile-de-France,T4,Le Hameau Latitude,81.9,2.0,1.0,E,250000.0,3053.0
V04730,Surface Carrez,mai-2029,Paris,Saint-Germain-des-Pres,75,Ile-de-France,T3,Les Terrasses des Chenes,73.1,2.0,2.0,C,1106000.0,15130.0
V08997,Surface Carrez,Libre immediatement,Boulogne-Billancourt,Rives de Seine,92,Ile-de-France,T3,,76.5,2.0,0.0,C,780000.0,10196.0
V08536,Surface au sol,Libre immediatement,Meaux,Beauval,77,Ile-de-France,Maison 5 pieces,,96.8,2.0,0.0,E,142000.0,1467.0
V09560,Surface habitable,Libre immediatement,Paris,Belleville,75,Ile-de-France,T4,,102,3.0,,C,755000.0,7402.0
V13778,Surface Carrez,Libre immediatement,Vitry-sur-Seine,Moulin-Vert,94,Ile-de-France,T5,Le Domaine Symphonie,132.2,3.0,0.0,F,347000.0,2625.0
V08657,Surface Carrez,Libre immediatement,Paris,Champ-de-Mars,75,Ile-de-France,T3,Cour des Lilas,83.5,2.0,2.0,G,856000.0,10251.0
V01096,Surface Carrez,juin-2026,Paris,Porte de Clignancourt,75,Ile-de-France,T2,Esprit Montaigne,55.8,1.0,0.0,A,452000.0,8100.0
V00934,Surface utile,Libre immediatement,Melun,Almont,77,Ile-de-France,T2,,37.3,1.0,2.0,D,82000.0,2198.0
V02748,Surface utile,Libre immediatement,Paris,Le Marais,75,Ile-de-France,T1,Le Domaine des Chenes,25,1.0,0.0,C,312000.0,12480.0
V10964,Surface Carrez,Libre immediatement,Noisy-le-Grand,Centre-ville,93,Ile-de-France,T5,,92.2,3.0,0.0,D,323000.0,3503.0
V04851,Surface Carrez,Libre immediatement,Paris,Belleville,75,Ile-de-France,T2,Les Terrasses du Parc,43,1.0,0.0,E,292000.0,6791.0
V10751,Surface utile,Libre immediatement,Saint-Denis,Basilique,93,Ile-de-France,T5,Le Hameau Beausejour,122.4,2.0,1.0,D,407000.0,3325.0
V04126,Surface habitable,Libre immediatement,Paris,La Muette,75,Ile-de-France,T4,Le Parc Montaigne,110.6,3.0,0.0,D,1543000.0,13951.0
V07889,Surface Carrez,juil-2026,Trappes,Les Merisiers,78,Ile-de-France,T2,Les Jardins Voltaire,39.3,1.0,2.0,A,130000.0,3308.0
V05406,Surface Carrez,Libre immediatement,Neuilly-sur-Seine,Saint-James,92,Ile-de-France,T1,Carre Belvedere,26.8,1.0,1.0,E,267000.0,9963.0
V06651,Surface Carrez,Libre immediatement,Paris,La Muette,75,Ile-de-France,T2,,47.9,1.0,1.0,D,583000.0,12171.0
V07338,Surface habitable,Libre immediatement,Paris,Belleville,75,Ile-de-France,T4,Les Terrasses Latitude,77,3.0,0.0,C,373000.0,4844.0
V05155,Surface Carrez,Libre immediatement,Paris,Champ-de-Mars,75,Ile-de-France,T3,,62.7,2.0,,F,623000.0,9936.0
V13413,Surface Carrez,sept-2028,Paris,La Muette,75,Ile-de-France,T3,Villa Verte,61.5,2.0,2.0,A,909000.0,14780.0
V11761,Surface Carrez,Libre immediatement,Paris,Gobelins,75,Ile-de-France,T2,Le Domaine Riviera,46.2,1.0,1.0,,318000.0,6883.0
V14031,Surface Carrez,Libre immediatement,Paris,Montmartre,75,Ile-de-France,T1,,33.3,1.0,0.0,D,287000.0,8619.0
V04614,Surface utile,Libre immediatement,Paris,Montmartre,75,Ile-de-France,T3,,71.1,2.0,0.0,D,772000.0,10858.0
V09499,Surface Carrez,Libre immediatement,Evry-Courcouronnes,Bois Sauvage,91,Ile-de-France,T3,,54.8,2.0,0.0,E,135000.0,2464.0
V05082,Surface Carrez,Libre immediatement,Paris,Bercy,75,Ile-de-France,T4,,81.9,3.0,0.0,D,632000.0,7717.0
V03313,Surface Carrez,Libre immediatement,Boulogne-Billancourt,Billancourt,92,Ile-de-France,T3,Les Allees Bellevue,80.5,2.0,0.0,E,686000.0,8522.0
V12846,Surface Carrez,Libre immediatement,Bobigny,Pont de Bondy,93,Ile-de-France,T3,,54.5,2.0,0.0,C,210000.0,3853.0
V14604,Surface Carrez,Libre immediatement,Paris,Batignolles,75,Ile-de-France,T3,Villa du Parc,63.4,2.0,,C,587000.0,9259.0
V08029,Surface habitable,Libre immediatement,Antony,Croix de Berny,92,Ile-de-France,T4,,93.2,3.0,0.0,B,413000.0,4431.0
V13973,Surface habitable,Libre immediatement,Issy-les-Moulineaux,Corentin Celton,92,Ile-de-France,T4,Le Parc des Lilas,103.3,1.0,,D,993000.0,9613.0
V04903,Surface Carrez,Libre immediatement,Paris,Gobelins,75,Ile-de-France,T5,Villa Bellevue,95.1,3.0,0.0,D,911000.0,9579.0
V00155,Surface Carrez,Libre immediatement,Antony,Les Baconnets,92,Ile-de-France,T4,,80.5,3.0,0.0,D,366000.0,4547.0
V14056,Surface habitable,Libre immediatement,Paris,Gobelins,75,Ile-de-France,T5,,126,2.0,2.0,D,929000.0,7373.0
V06925,Surface Carrez,Libre immediatement,Paris,Batignolles,75,Ile-de-France,T2,,55.8,1.0,2.0,C,452000.0,8100.0
V00964,Surface Carrez,Libre immediatement,Vitry-sur-Seine,Moulin-Vert,94,Ile-de-France,T2,Esprit des Lilas,49.1,1.0,1.0,B,174000.0,3544.0
V01977,Surface utile,Libre immediatement,Vitry-sur-Seine,Ardoines,94,Ile-de-France,T2,,45.8,1.0,1.0,D,181000.0,3952.0
V01966,Surface Carrez,Libre immediatement,Paris,Vaugirard,75,Ile-de-France,T2,,36.3,1.0,0.0,C,317000.0,8733.0
V10686,Surface utile,Libre immediatement,Boulogne-Billancourt,Billancourt,92,Ile-de-France,T3,,95.1,2.0,2.0,E,781000.0,8212.0
V02222,Surface Carrez,Libre immediatement,Paris,Batignolles,75,Ile-de-France,T2,,44 - 50,1.0,1.0,A,417000.0,
V04579,Surface Carrez,Libre immediatement,Paris,Bercy,75,Ile-de-France,T3,,73.8,1.0,0.0,C,576000.0,7805.0
V09285,Surface habitable,Libre immediatement,Ivry-sur-Seine,Centre-Ville,94,Ile-de-France,T4,Les Jardins du Parc,95.2,1.0,3.0,,424000.0,4454.0
V04445,Surface Carrez,janv-2026,Paris,Vaugirard,75,Ile-de-France,T3,Les Allees Verte,76.2,2.0,2.0,C,907000.0,11903.0
V03556,Surface Carrez,Libre immediatement,Neuilly-sur-Seine,Saint-James,92,Ile-de-France,T4,,81.6,3.0,3.0,C,770000.0,9436.0
V09089,Surface Carrez,Libre immediatement,Bobigny,Abreuvoir,93,Ile-de-France,T3,Les Jardins des Lilas,89.5,1.0,0.0,D,244000.0,2726.0
V04783,Surface Carrez,Libre immediatement,Paris,Gobelins,75,Ile-de-France,T1,,32.1,1.0,,B,292000.0,9097.0
V01077,Surface habitable,Libre immediatement,Versailles,Montreuil,78,Ile-de-France,T4,,90.4,3.0,0.0,D,436000.0,4823.0
V07174,Surface Carrez,Libre immediatement,Paris,Gobelins,75,Ile-de-France,T3,Villa du Lac,85,2.0,2.0,D,689000.0,8106.0
V06424,Surface Carrez,Libre immediatement,Evry-Courcouronnes,Bois Sauvage,91,Ile-de-France,T3,Carre Cristal,60.6,2.0,0.0,B,129000.0,2129.0
V06777,Surface Carrez,Libre immediatement,Creteil,Mont-Mesly,94,Ile-de-France,T3,,61.6,1.0,0.0,C,164000.0,2662.0
V11371,Surface Carrez,Libre immediatement,Melun,Centre-Ville,77,Ile-de-France,T1,Le Clos d'Argent,24.6,1.0,0.0,E,61000.0,2480.0
V09009,Surface Carrez,mars-2027,Paris,Gobelins,75,Ile-de-France,T3,Le Hameau Opale,59.3,1.0,1.0,A,610000.0,10287.0
V04116,Surface Carrez,Libre immediatement,Ivry-sur-Seine,Monmousseau,94,Ile-de-France,T3,Le Domaine Verte,56.1,1.0,0.0,F,192000.0,3422.0
V13308,Surface Carrez,Libre immediatement,Paris,Batignolles,75,Ile-de-France,T1,,26,1.0,0.0,,239000.0,9192.0
V06363,Surface utile,Libre immediatement,Paris,Champ-de-Mars,75,Ile-de-France,T4,,100.8,3.0,1.0,C,1522000.0,15099.0
V02209,Surface Carrez,Libre immediatement,Paris,Belleville,75,Ile-de-France,T2,Villa d'Argent,60.3,1.0,0.0,,449000.0,7446.0
V12045,Surface Carrez,janv-2026,Paris,La Muette,75,Ile-de-France,T5,Cour Latitude,115.2,1.0,2.0,A,1512000.0,13125.0
V13534,Surface au sol,Libre immediatement,Vincennes,Bois de Vincennes,94,Ile-de-France,Maison 4 pieces,Les Jardins Horizon,91.8,2.0,1.0,E,519000.0,5654.0
V00447,Surface Carrez,Libre immediatement,Paris,Buttes-Chaumont,75,Ile-de-France,T3,Le Domaine Verte,50.4,2.0,1.0,D,467000.0,9266.0
V11065,Surface habitable,Libre immediatement,Paris,Bercy,75,Ile-de-France,T4,Carre Latitude,133.5,1.0,1.0,F,1025000.0,7678.0
V07187,Surface utile,Libre immediatement,Paris,Saint-Germain-des-Pres,75,Ile-de-France,T5,,91,3.0,0.0,E,1285000.0,14121.0
V06437,Surface Carrez,dec-2027,Paris,Montmartre,75,Ile-de-France,T3,Les Jardins Concorde,71.8,2.0,2.0,C,734000.0,10223.0
V03539,Surface Carrez,Libre immediatement,Paris,Batignolles,75,Ile-de-France,T5,,94.5,3.0,0.0,G,566000.0,5989.0
V03488,Surface Carrez,Libre immediatement,Saint-Denis,Grand Centre,93,Ile-de-France,T3,Esprit Symphonie,82.5,2.0,1.0,C,288000.0,3491.0
V07296,Surface Carrez,Libre immediatement,Aubervilliers,Centre,93,Ile-de-France,T4,Les Terrasses Horizon,68.1,3.0,0.0,D,258000.0,3789.0
V09258,Surface Carrez,juil-2027,Aubervilliers,Villette-Quatre-Chemins,93,Ile-de-France,T5,Le Domaine Riviera,129.7,3.0,1.0,B,633000.0,4880.0
V12999,Surface Carrez,Libre immediatement,Issy-les-Moulineaux,Val de Seine,92,Ile-de-France,T3,Le Domaine Opale,65,2.0,2.0,C,429000.0,6600.0
V10869,Surface Carrez,Libre immediatement,Argenteuil,Val d'Argent,95,Ile-de-France,T4,Esprit Belvedere,70.6,1.0,2.0,F,162000.0,2295.0
V00569,Surface Carrez,Libre immediatement,Argenteuil,Orgemont,95,Ile-de-France,T4,,"111,1",3.0,3.0,C,371000.0,3339.0
V11016,Surface habitable,nov-2026,Saint-Denis,Pleyel,93,Ile-de-France,Maison 4 pieces,Villa Concorde,90.3,2.0,0.0,B,356000.0,3942.0
V06325,Surface au sol,Libre immediatement,Saint-Denis,Basilique,93,Ile-de-France,Maison 4 pieces,Carre Voltaire,83.6,3.0,0.0,G,185000.0,2213.0
V08540,Surface Carrez,Libre immediatement,Paris,Buttes-Chaumont,75,Ile-de-France,T1,Carre Concorde,22.3,1.0,1.0,E,145000.0,6502.0
V04874,Surface Carrez,Libre immediatement,Paris,Buttes-Chaumont,75,Ile-de-France,T3,,66.8,2.0,1.0,A,615000.0,9207.0
V06951,Surface Carrez,juil-2027,Paris,Saint-Germain-des-Pres,75,Ile-de-France,T4,Le Clos Beausejour,80.5,1.0,1.0,B,1400000.0,17391.0
V13392,Surface Carrez,dec-2027,Boulogne-Billancourt,Parchamp,92,Ile-de-France,T3,Villa Horizon,92.5,2.0,0.0,A,1247000.0,13481.0
V09086,Surface Carrez,oct-2029,Ivry-sur-Seine,Petit-Ivry,94,Ile-de-France,T2,Les Allees d'Argent,50.4,1.0,0.0,C,252000.0,5000.0
V14632,Surface Carrez,dec-2027,Montreuil,Ruffins,93,Ile-de-France,T4,Esprit des Acacias,93 - 115,1.0,0.0,B,461000.0,
V04016,Surface Carrez,Libre immediatement,Paris,La Muette,75,Ile-de-France,T4,,91.2,2.0,2.0,C,956000.0,10482.0
V10205,Surface Carrez,Libre immediatement,Bobigny,Abreuvoir,93,Ile-de-France,T3,Residence Verte,94.3,2.0,1.0,D,247000.0,2619.0
V07466,Surface Carrez,Libre immediatement,Paris,Belleville,75,Ile-de-France,T3,,53.9,2.0,0.0,D,447000.0,8293.0
V01518,Surface habitable,Libre immediatement,Montreuil,Croix de Chavaux,93,Ile-de-France,T4,,99.8,3.0,3.0,C,370000.0,3707.0
V10127,Surface Carrez,Libre immediatement,Saint-Denis,Pleyel,93,Ile-de-France,T4,Carre des Acacias,88.3,3.0,0.0,C,350000.0,3964.0
V14317,Surface Carrez,Libre immediatement,Saint-Denis,Basilique,93,Ile-de-France,T5,Les Terrasses Voltaire,129.9,1.0,1.0,A,445000.0,3426.0
V02046,Surface Carrez,Libre immediatement,Vincennes,Centre-Ville,94,Ile-de-France,T3,Le Hameau des Chenes,72.6,2.0,0.0,D,447000.0,6157.0
V04540,Surface habitable,juin-2029,Argenteuil,Val d'Argent,95,Ile-de-France,T4,Residence Concorde,88.5,3.0,1.0,A,317000.0,3582.0
V14725,Surface Carrez,janv-2027,Levallois-Perret,Front de Seine,92,Ile-de-France,T2,Le Hameau Symphonie,40.9,1.0,0.0,B,402000.0,9829.0
V06947,Surface Carrez,Libre immediatement,Trappes,Village,78,Ile-de-France,T2,,39.8,1.0,2.0,C,134000.0,3367.0
V14390,Surface Carrez,nov-2027,Paris,Champ-de-Mars,75,Ile-de-France,T4,Le Hameau Belvedere,80.5,3.0,0.0,A,1119000.0,13901.0
V14917,Surface Carrez,Libre immediatement,Paris,Montmartre,75,Ile-de-France,T2,Les Jardins Symphonie,40.8,1.0,0.0,D,342000.0,8382.0
V06638,Surface Carrez,Libre immediatement,Saint-Denis,Pleyel,93,Ile-de-France,T2,,38.1,1.0,1.0,C,173000.0,4541.0
V04600,Surface Carrez,avr-2026,Cergy,Cergy-le-Haut,95,Ile-de-France,T3,Villa des Chenes,73.6,2.0,0.0,B,184000.0,2500.0
V12288,Surface Carrez,Libre immediatement,Mantes-la-Jolie,Gassicourt,78,Ile-de-France,T3,Residence Symphonie,78.5,1.0,0.0,C,237000.0,3019.0
V12673,Surface Carrez,fevr-2028,Paris,Gobelins,75,Ile-de-France,T4,Les Allees d'Argent,76.1,3.0,1.0,B,769000.0,10105.0
V01179,Surface Carrez,Libre immediatement,Paris,Buttes-Chaumont,75,Ile-de-France,T5,,119.1,2.0,0.0,C,987000.0,8287.0
V01777,Surface habitable,Libre immediatement,Nanterre,Centre,92,Ile-de-France,T2,Les Jardins Concorde,33.5,1.0,1.0,E,206000.0,6149.0
V08992,Surface Carrez,Libre immediatement,Nanterre,Petit-Nanterre,92,Ile-de-France,T3,,68.3,2.0,0.0,D,304000.0,4451.0
V11336,Surface Carrez,Libre immediatement,Vitry-sur-Seine,Port-a-l'Anglais,94,Ile-de-France,T2,,42.3,1.0,0.0,A,159000.0,3759.0
V01718,Surface Carrez,Libre immediatement,Montreuil,Mairie,93,Ile-de-France,T4,Carre des Chenes,100.8,3.0,2.0,G,346000.0,3433.0
V00724,Surface Carrez,Libre immediatement,Paris,Belleville,75,Ile-de-France,T3,,65.1,2.0,0.0,D,372000.0,5714.0
V02558,Surface Carrez,Libre immediatement,Paris,Bercy,75,Ile-de-France,T4,Cour Saint-Martin,93.5,2.0,1.0,F,571000.0,6107.0
V13707,Surface Carrez,avr-2027,Cergy,Axe Majeur,95,Ile-de-France,T4,Les Terrasses Voltaire,80.7,2.0,1.0,A,299000.0,3705.0
V05024,Surface utile,Libre immediatement,Paris,Montmartre,75,Ile-de-France,T2,Le Parc Montaigne,40.3,1.0,1.0,E,356000.0,8834.0
V08877,Surface Carrez,Libre immediatement,Paris,Saint-Germain-des-Pres,75,Ile-de-France,T4,,85.3,3.0,1.0,E,1197000.0,14033.0
V06440,Surface habitable,Libre immediatement,Argenteuil,Coteaux,95,Ile-de-France,T3,Les Allees Symphonie,65.3,2.0,1.0,E,191000.0,2925.0
V05385,Surface Carrez,Libre immediatement,Paris,Le Marais,75,Ile-de-France,T2,Le Domaine du Lac,42.3,1.0,1.0,C,643000.0,15201.0
V06660,Surface utile,Libre immediatement,Paris,Buttes-Chaumont,75,Ile-de-France,T2,Residence d'Argent,38.7,1.0,0.0,C,293000.0,7571.0
V14522,Surface Carrez,avr-2029,Melun,Montaigu,77,Ile-de-France,T4,Le Parc Saint-Martin,95.5,3.0,1.0,B,298000.0,3120.0
V02902,Surface Carrez,Libre immediatement,Paris,Vaugirard,75,Ile-de-France,T3,,100.2,1.0,0.0,D,1019000.0,10170.0
V09622,Surface Carrez,Libre immediatement,Paris,Gobelins,75,Ile-de-France,T3,,66.6,1.0,1.0,D,509000.0,7643.0
V12123,Surface habitable,Libre immediatement,Levallois-Perret,Centre,92,Ile-de-France,T3,,66.7,2.0,1.0,C,608000.0,9115.0
V00727,Surface Carrez,Libre immediatement,Paris,Bercy,75,Ile-de-France,T4,,95.2,2.0,1.0,E,660000.0,6933.0
V12218,Surface Carrez,Libre immediatement,Noisy-le-Grand,Mont d'Est,93,Ile-de-France,T4,Cour Symphonie,67.9,3.0,0.0,C,294000.0,4330.0
V11871,Surface Carrez,Libre immediatement,Saint-Denis,Franc-Moisin,93,Ile-de-France,T4,,109.3,3.0,0.0,D,253000.0,2315.0
V01597,Surface Carrez,Libre immediatement,Paris,Bercy,75,Ile-de-France,T3,,49.3,1.0,2.0,C,480000.0,9736.0
V13002,Surface utile,Libre immediatement,Vitry-sur-Seine,Moulin-Vert,94,Ile-de-France,T3,Les Jardins Montaigne,71.3,1.0,2.0,E,214000.0,3001.0
V11420,Surface Carrez,Libre immediatement,Argenteuil,Val d'Argent,95,Ile-de-France,T2,Residence Concorde,52.3,1.0,0.0,F,127000.0,2428.0
V07515,Surface Carrez,sept-2027,Saint-Denis,Basilique,93,Ile-de-France,T1,Carre du Lac,20.5,1.0,,B,77000.0,3756.0
V04449,Surface Carrez,Libre immediatement,Paris,,75,Ile-de-France,T3,Le Parc Opale,69.2,2.0,1.0,D,607000.0,8772.0
V13356,Surface habitable,Libre immediatement,Evry-Courcouronnes,Bois Sauvage,91,Ile-de-France,T4,Les Terrasses Riviera,85,3.0,2.0,F,206000.0,2424.0
V13594,Surface Carrez,Libre immediatement,Paris,Porte de Clignancourt,75,Ile-de-France,T2,Les Allees des Acacias,58.1,1.0,1.0,F,338000.0,5818.0
V02593,Surface habitable,Libre immediatement,Paris,Le Marais,75,Ile-de-France,T4,Cour Latitude,120.5,3.0,0.0,F,962000.0,7983.0
V03096,Surface Carrez,mars-2028,Boulogne-Billancourt,Point du Jour,92,Ile-de-France,T1,Le Domaine des Lilas,27.2,1.0,0.0,C,291000.0,10699.0
V07005,Surface au sol,Libre immediatement,Noisy-le-Grand,Centre-ville,93,Ile-de-France,Maison 5 pieces,Residence Belvedere,136.9,2.0,0.0,E,525000.0,3835.0
V10039,Surface Carrez,Libre immediatement,Versailles,Montreuil,78,Ile-de-France,T4,Le Domaine Voltaire,78.2,3.0,1.0,D,407000.0,5205.0
V13184,Surface Carrez,fevr-2028,Paris,Gobelins,75,Ile-de-France,T2,Carre Symphonie,39.3,1.0,1.0,A,481000.0,12239.0
V01424,Surface Carrez,Libre immediatement,Paris,Vaugirard,75,Ile-de-France,T3,Esprit Saint-Martin,47.1,2.0,0.0,D,427000.0,9066.0
V06049,Surface utile,Libre immediatement,Paris,Bercy,75,Ile-de-France,T2,Villa Latitude,44.5,1.0,1.0,B,381000.0,8562.0
V13272,Surface Carrez,Libre immediatement,Paris,Montmartre,75,Ile-de-France,T4,Les Jardins Cristal,78.2,3.0,0.0,C,763000.0,9757.0
V06077,Surface Carrez,Libre immediatement,Paris,Montmartre,75,Ile-de-France,T3,,59.3,2.0,0.0,G,390000.0,6577.0
V01824,Surface Carrez,mai-2028,Paris,Saint-Germain-des-Pres,75,Ile-de-France,T2,Esprit Belvedere,30.6,1.0,2.0,B,469000.0,15327.0
V01489,Surface utile,Libre immediatement,Vincennes,Domaine du Bois,94,Ile-de-France,Maison 6 pieces,Residence Latitude,220.8,4.0,0.0,D,1197000.0,5421.0
V02090,Surface Carrez,sept-2027,Vitry-sur-Seine,Centre-Ville,94,Ile-de-France,T3,Le Hameau Opale,85.2,1.0,2.0,A,354000.0,4155.0
V05078,Surface Carrez,Libre immediatement,Saint-Germain-en-Laye,Centre-Ville,78,Ile-de-France,T2,,36.4,1.0,2.0,C,314000.0,8626.0
V05657,Surface Carrez,sept-2028,Paris,Gobelins,75,Ile-de-France,T2,Les Allees Cristal,51.4,1.0,2.0,B,551000.0,10720.0
V11940,Surface utile,Libre immediatement,Paris,Gobelins,75,Ile-de-France,T3,,54.8,2.0,0.0,D,469000.0,8558.0
V07424,Surface Carrez,Libre immediatement,Paris,La Muette,75,Ile-de-France,T3,Les Terrasses Bellevue,63,2.0,1.0,D,810000.0,12857.0
V13584,Surface utile,Libre immediatement,Argenteuil,Val d'Argent,95,Ile-de-France,T4,Villa des Lilas,92.6,3.0,2.0,G,202000.0,2181.0
V08923,Surface habitable,Libre immediatement,Levallois-Perret,Eiffel,92,Ile-de-France,T3,,73.1,1.0,0.0,E,502000.0,6867.0
V00850,Surface Carrez,Libre immediatement,Issy-les-Moulineaux,Les Epinettes,92,Ile-de-France,T3,Le Hameau Horizon,56.3,1.0,1.0,E,413000.0,7336.0
V10355,Surface Carrez,Libre immediatement,Boulogne-Billancourt,Billancourt,92,Ile-de-France,T4,,107.4,3.0,0.0,C,798000.0,7430.0
V00234,Surface utile,Libre immediatement,Vincennes,Bois de Vincennes,94,Ile-de-France,T3,,54.4,1.0,1.0,C,346000.0,6360.0
V04012,Surface utile,Libre immediatement,Paris,Porte de Clignancourt,75,Ile-de-France,T3,Esprit Concorde,79.9,2.0,1.0,G,342000.0,4280.0
V10266,Surface Carrez,Libre immediatement,Montrouge,Portes de Montrouge,92,Ile-de-France,T5,,113.6,3.0,0.0,C,670000.0,5898.0
V05378,Surface habitable,Libre immediatement,Boulogne-Billancourt,Centre-Ville,92,Ile-de-France,T2,,61.5,1.0,0.0,D,450000.0,7317.0
V12141,Surface habitable,Libre immediatement,Paris,Le Marais,75,Ile-de-France,T3,Residence d'Argent,76.9,2.0,0.0,A,808000.0,10507.0
V08113,Surface utile,janv-2028,Vitry-sur-Seine,Port-a-l'Anglais,94,Ile-de-France,T1,Le Parc Belvedere,20.2,1.0,1.0,B,106000.0,5248.0
V14497,Surface Carrez,Libre immediatement,Paris,Buttes-Chaumont,75,Ile-de-France,T3,Carre d'Argent,52.8,1.0,1.0,C,412000.0,7803.0
V00282,Surface Carrez,Libre immediatement,Paris,Gobelins,75,Ile-de-France,T1,,26.8,1.0,1.0,E,227000.0,8470.0
V00951,Surface Carrez,Libre immediatement,Paris,Bercy,75,Ile-de-France,T2,,32.9,1.0,1.0,G,214000.0,6505.0
V01494,Surface Carrez,mars-2026,Evry-Courcouronnes,Centre-Ville,91,Ile-de-France,T5,Les Terrasses Riviera,157.6,1.0,1.0,B,570000.0,3617.0
V09109,Surface Carrez,Libre immediatement,Paris,Gobelins,75,Ile-de-France,T2,,45.8,1.0,1.0,C,367000.0,8013.0
V14405,Surface Carrez,Libre immediatement,Paris,Champ-de-Mars,75,Ile-de-France,T2,,31.5,1.0,2.0,F,282000.0,8952.0
V09230,Surface utile,Libre immediatement,Ivry-sur-Seine,Centre-Ville,94,Ile-de-France,T2,Residence du Lac,35,1.0,0.0,D,156000.0,4457.0
V07225,Surface Carrez,Libre immediatement,Versailles,Montreuil,78,Ile-de-France,T2,Villa Beausejour,45.5,1.0,2.0,D,207000.0,4549.0
V06732,Surface Carrez,Libre immediatement,Paris,Porte de Clignancourt,75,Ile-de-France,T2,,33,1.0,1.0,C,238000.0,7212.0
V00306,Surface Carrez,Libre immediatement,Boulogne-Billancourt,Rives de Seine,92,Ile-de-France,T3,,67.3,2.0,2.0,D,621000.0,9227.0
V12208,Surface habitable,Libre immediatement,Paris,Gobelins,75,Ile-de-France,T5,Residence des Chenes,139.9,3.0,1.0,E,1120000.0,8006.0
V05509,Surface Carrez,Libre immediatement,Paris,Montmartre,75,Ile-de-France,T3,,90.9,2.0,2.0,D,686000.0,7547.0
V09050,Surface Carrez,Libre immediatement,Boulogne-Billancourt,Rives de Seine,92,Ile-de-France,T2,Le Hameau Belvedere,31.5,1.0,0.0,C,233000.0,7397.0
V02077,Surface Carrez,Libre immediatement,Paris,Saint-Germain-des-Pres,75,Ile-de-France,T3,,72.3,2.0,1.0,B,1066000.0,14744.0
V08316,Surface habitable,Libre immediatement,Saint-Germain-en-Laye,Centre-Ville,78,Ile-de-France,T4,Esprit des Acacias,94.2,3.0,1.0,E,547000.0,5807.0
V12108,Surface Carrez,janv-2026,Boulogne-Billancourt,Point du Jour,92,Ile-de-France,T3,Le Parc du Lac,47.6,2.0,1.0,A,452000.0,9496.0
V14281,Surface utile,Libre immediatement,Paris,Montmartre,75,Ile-de-France,T3,Residence des Chenes,60.1,2.0,0.0,D,450000.0,7488.0
V08170,Surface Carrez,Libre immediatement,Paris,Buttes-Chaumont,75,Ile-de-France,T3,,"53,6",2.0,0.0,E,395000.0,7369.0
V04227,Surface Carrez,Libre immediatement,Paris,Buttes-Chaumont,75,Ile-de-France,T4,,114.8,3.0,1.0,E,779000.0,6786.0
V00939,Surface habitable,juin-2027,Mantes-la-Jolie,Gassicourt,78,Ile-de-France,T3,Les Terrasses des Acacias,70 - 85,2.0,,A,256000.0,
V13110,Surface habitable,Libre immediatement,Trappes,Sand-Pergaud-Verlaine,78,Ile-de-France,T1,,25.6,1.0,1.0,D,63000.0,2461.0
V08051,Surface Carrez,Libre immediatement,Paris,Champ-de-Mars,75,Ile-de-France,T1,,24.9,1.0,1.0,D,367000.0,14739.0
V11969,Surface au sol,Libre immediatement,Bobigny,Pont de Bondy,93,Ile-de-France,Maison 7 pieces,Le Hameau Bellevue,143.6,4.0,0.0,E,379000.0,2639.0
V08955,Surface Carrez,Libre immediatement,Paris,Saint-Germain-des-Pres,75,Ile-de-France,T4,Les Terrasses Beausejour,76.3,3.0,2.0,D,989000.0,12962.0
V01499,Surface Carrez,Libre immediatement,Versailles,Chantiers,78,Ile-de-France,T5,Les Terrasses du Lac,91.9,1.0,1.0,A,627000.0,6823.0
V05742,Surface Carrez,Libre immediatement,Paris,Buttes-Chaumont,75,Ile-de-France,T2,Esprit Opale,47.5,1.0,0.0,D,361000.0,7600.0
V01647,Surface Carrez,Libre immediatement,Paris,Montmartre,75,Ile-de-France,T4,Les Allees des Acacias,58.1,2.0,0.0,B,518000.0,8916.0
V14835,Surface Carrez,Libre immediatement,Paris,Saint-Germain-des-Pres,75,Ile-de-France,T6,Cour Riviera,115 - 121,3.0,0.0,E,1423000.0,
V02490,Surface Carrez,Libre immediatement,Cergy,Cergy-Prefecture,95,Ile-de-France,T4,Le Hameau des Acacias,73.5,2.0,1.0,D,169000.0,2299.0
V09576,Surface utile,Libre immediatement,Vincennes,Domaine du Bois,94,Ile-de-France,T1,Carre Opale,18.7,1.0,1.0,D,132000.0,7059.0
V07639,Surface utile,Libre immediatement,Boulogne-Billancourt,Rives de Seine,92,Ile-de-France,T1,Residence Horizon,19.1,1.0,1.0,B,175000.0,9162.0
V07967,Surface utile,Libre immediatement,Paris,Montmartre,75,Ile-de-France,T3,,62.5,1.0,0.0,D,552000.0,8832.0
V00249,Surface au sol,Libre immediatement,Paris,Batignolles,75,Ile-de-France,Maison 4 pieces,,84,3.0,0.0,E,728000.0,8667.0
V08567,Surface habitable,fevr-2026,Mantes-la-Jolie,Centre-Ville,78,Ile-de-France,T2,Les Jardins Voltaire,54,1.0,1.0,B,160000.0,2963.0
V14269,Surface Carrez,Libre immediatement,Paris,Bercy,75,Ile-de-France,T2,Villa du Lac,43.6,1.0,2.0,B,366000.0,8394.0
V04852,Surface Carrez,Libre immediatement,Paris,Champ-de-Mars,75,Ile-de-France,T3,,79.8,2.0,1.0,D,1019000.0,12769.0
V10189,Surface utile,Libre immediatement,Paris,La Muette,75,Ile-de-France,T2,Le Hameau Belvedere,35.8,1.0,0.0,E,494000.0,13799.0
V08127,Surface utile,Libre immediatement,Bobigny,Centre-ville,93,Ile-de-France,T3,Esprit Belvedere,86.2,2.0,1.0,D,297000.0,3445.0
V04899,Surface Carrez,Libre immediatement,Creteil,Centre Ancien,94,Ile-de-France,T2,,39.8,1.0,2.0,F,129000.0,3241.0
V10580,Surface Carrez,Libre immediatement,Vitry-sur-Seine,Centre-Ville,94,Ile-de-France,T2,Esprit Verte,40.9,1.0,2.0,E,98000.0,2396.0
V12367,Surface Carrez,Libre immediatement,Paris,Champ-de-Mars,75,Ile-de-France,T3,Le Clos Opale,80,2.0,0.0,B,1029000.0,12862.0
V12979,Surface habitable,Libre immediatement,Montreuil,Bel-Air,93,Ile-de-France,T4,,86.1,1.0,0.0,C,348000.0,4042.0
V14670,Surface habitable,Libre immediatement,Montrouge,Ferry-Jaures,92,Ile-de-France,T2,Les Allees du Lac,50.2,1.0,2.0,E,428000.0,8526.0
V07336,Surface Carrez,Libre immediatement,Cergy,Axe Majeur,95,Ile-de-France,T3,,81.4,2.0,0.0,C,252000.0,3096.0
V08908,Surface habitable,Libre immediatement,Vitry-sur-Seine,Ardoines,94,Ile-de-France,T2,Les Jardins du Parc,25.2,1.0,0.0,E,75000.0,2976.0
V13754,Surface Carrez,Libre immediatement,Paris,Buttes-Chaumont,75,Ile-de-France,T1,,35.9,1.0,0.0,B,246000.0,6852.0
V11109,Surface habitable,Libre immediatement,Paris,Champ-de-Mars,75,Ile-de-France,T4,Les Allees du Parc,70,2.0,0.0,C,971000.0,13871.0
V02264,Surface Carrez,Libre immediatement,Paris,Belleville,75,Ile-de-France,T4,Les Allees Symphonie,77.8,3.0,1.0,B,660000.0,8483.0
V01913,Surface habitable,Libre immediatement,Paris,Montmartre,75,Ile-de-France,T3,,54.1,2.0,2.0,D,425000.0,7856.0
V07977,Surface Carrez,Libre immediatement,Saint-Germain-en-Laye,Centre-Ville,78,Ile-de-France,T3,,79.7,2.0,0.0,C,428000.0,5370.0
V09761,Surface Carrez,Libre immediatement,Bobigny,Etoile,93,Ile-de-France,T3,Le Hameau Symphonie,66.2,2.0,0.0,E,264000.0,3988.0
V02931,Surface Carrez,juin-2027,Paris,Gobelins,75,Ile-de-France,T5,Villa Saint-Martin,124.6,3.0,1.0,C,1283000.0,10297.0
V04331,Surface Carrez,Libre immediatement,Ivry-sur-Seine,Monmousseau,94,Ile-de-France,T3,Esprit du Parc,56.8,2.0,0.0,G,151000.0,2658.0
V09248,Surface Carrez,Libre immediatement,Paris,Porte de Clignancourt,75,Ile-de-France,T2,Le Parc Montaigne,46.4,1.0,1.0,E,319000.0,6875.0
V02571,Surface Carrez,mars-2026,Paris,Le Marais,75,Ile-de-France,T5,Villa Horizon,123.2,1.0,1.0,C,2140000.0,17370.0
V02686,Surface habitable,Libre immediatement,Meaux,Centre-Ville,77,Ile-de-France,T2,,39.5,1.0,2.0,C,100000.0,2532.0
V08249,Surface Carrez,Libre immediatement,Montreuil,Bel-Air,93,Ile-de-France,T4,Carre Bellevue,99.7,1.0,1.0,D,424000.0,4253.0
V04410,Surface utile,Libre immediatement,Saint-Germain-en-Laye,Centre-Ville,78,Ile-de-France,T3,,81.5,1.0,0.0,C,717000.0,8798.0
V05757,Surface habitable,Libre immediatement,Montreuil,Ruffins,93,Ile-de-France,T4,Villa Montaigne,78.5,2.0,2.0,G,267000.0,3401.0
V10150,Surface Carrez,Libre immediatement,Paris,Gobelins,75,Ile-de-France,T1,Le Parc des Acacias,20.9,1.0,1.0,B,150000.0,7177.0
V00336,Surface utile,Libre immediatement,Paris,Bercy,75,Ile-de-France,T4,Cour Belvedere,85.6,3.0,0.0,D,636000.0,7430.0
V12211,Surface habitable,Libre immediatement,Issy-les-Moulineaux,Corentin Celton,92,Ile-de-France,T2,,32.9,1.0,0.0,E,196000.0,5957.0
V00668,Surface utile,Libre immediatement,Paris,Saint-Germain-des-Pres,75,Ile-de-France,T3,,56.1,2.0,0.0,E,748000.0,13333.0
V08085,Surface habitable,fevr-2027,Paris,Batignolles,75,Ile-de-France,T3,Cour des Lilas,79.6,1.0,0.0,A,834000.0,10477.0
V14037,Surface Carrez,janv-2027,Paris,Vaugirard,75,Ile-de-France,T2,Residence Voltaire,39.4,1.0,1.0,A,456000.0,11574.0
V03929,Surface habitable,Libre immediatement,Paris,Buttes-Chaumont,75,Ile-de-France,T2,Le Hameau Riviera,37.2,1.0,1.0,D,293000.0,7876.0
V14943,Surface Carrez,Libre immediatement,Trappes,Village,78,Ile-de-France,T2,Villa Latitude,52.2,1.0,0.0,,173000.0,3314.0
V10887,Surface Carrez,janv-2029,Paris,Montmartre,75,Ile-de-France,T3,Cour des Acacias,71.4,2.0,,A,785000.0,10994.0
V12721,Surface Carrez,Libre immediatement,Vincennes,Bois de Vincennes,94,Ile-de-France,T3,Le Hameau des Lilas,79,2.0,1.0,D,623000.0,7886.0
V08272,Surface Carrez,Libre immediatement,Ivry-sur-Seine,Ivry-Port,94,Ile-de-France,T4,,103.6,1.0,0.0,E,459000.0,4431.0
V12598,Surface habitable,juin-2028,Trappes,Les Merisiers,78,Ile-de-France,T6,Les Jardins des Acacias,127.3,3.0,3.0,A,361000.0,2836.0
V12931,Surface Carrez,Libre immediatement,Meaux,Centre-Ville,77,Ile-de-France,T5,Le Hameau Saint-Martin,97.6,2.0,1.0,B,245000.0,2510.0
V11102,Surface habitable,Libre immediatement,Argenteuil,Val d'Argent,95,Ile-de-France,T3,,80.8,2.0,1.0,D,235000.0,2908.0
V11234,Surface Carrez,juil-2028,Paris,Saint-Germain-des-Pres,75,Ile-de-France,T2,Les Terrasses des Acacias,46.3,1.0,0.0,A,683000.0,14752.0
V04395,Surface Carrez,Libre immediatement,Vitry-sur-Seine,Port-a-l'Anglais,94,Ile-de-France,T1,,31.7,1.0,1.0,E,113000.0,3565.0
V03787,Surface Carrez,Libre immediatement,Paris,Montmartre,75,Ile-de-France,T3,,56.5,2.0,1.0,D,504000.0,8920.0
V08234,Surface Carrez,Libre immediatement,Meaux,Beauval,77,Ile-de-France,T5,Cour des Acacias,97.7,3.0,0.0,C,144000.0,1474.0
V10140,Surface Carrez,Libre immediatement,Paris,Champ-de-Mars,75,Ile-de-France,T4,Les Terrasses Beausejour,69.3,2.0,0.0,D,776000.0,11198.0
V13554,Surface Carrez,Libre immediatement,Issy-les-Moulineaux,Val de Seine,92,Ile-de-France,T3,Esprit du Lac,76.1,,2.0,D,514000.0,6754.0
V08372,Surface habitable,Libre immediatement,Ivry-sur-Seine,Monmousseau,94,Ile-de-France,Maison 6 pieces,Le Clos Symphonie,138.2,4.0,0.0,F,403000.0,2916.0
V14345,Surface Carrez,Libre immediatement,Paris,Porte de Clignancourt,75,Ile-de-France,T1,Les Allees Concorde,30.8,1.0,1.0,G,153000.0,4968.0
V13016,Surface habitable,aout-2027,Paris,Vaugirard,75,Ile-de-France,T4,Les Jardins des Acacias,92.6,2.0,3.0,B,1191000.0,12862.0
V10554,Surface habitable,Libre immediatement,Paris,Gobelins,75,Ile-de-France,T3,Residence Latitude,47.1,2.0,0.0,E,396000.0,8408.0
V13294,Surface habitable,Libre immediatement,Ivry-sur-Seine,Petit-Ivry,94,Ile-de-France,T2,Les Terrasses des Lilas,36.4,1.0,2.0,E,135000.0,3709.0
V13603,Surface Carrez,Libre immediatement,Vitry-sur-Seine,Port-a-l'Anglais,94,Ile-de-France,T6,,157.7,3.0,1.0,F,626000.0,3970.0
V13826,Surface Carrez,Libre immediatement,Paris,Saint-Germain-des-Pres,75,Ile-de-France,T5,,83.7,2.0,2.0,D,881000.0,10526.0
V05890,Surface Carrez,Libre immediatement,Vitry-sur-Seine,Centre-Ville,94,Ile-de-France,T3,Le Hameau Bellevue,81.2,1.0,0.0,D,364000.0,4483.0
V03228,Surface Carrez,Libre immediatement,Paris,Le Marais,75,Ile-de-France,T2,,56.9,1.0,0.0,D,625000.0,10984.0
V13811,Surface Carrez,Libre immediatement,Paris,Montmartre,75,Ile-de-France,T4,Villa Horizon,112,2.0,1.0,G,1242000.0,11089.0
V12695,Surface Carrez,Libre immediatement,Issy-les-Moulineaux,Corentin Celton,92,Ile-de-France,T5,,114.9,3.0,1.0,D,806000.0,7015.0
V06528,Surface habitable,Libre immediatement,Bobigny,Centre-ville,93,Ile-de-France,T3,Les Jardins Symphonie,61.6,2.0,2.0,,288000.0,4675.0
V03576,Surface Carrez,Libre immediatement,Paris,Bercy,75,Ile-de-France,T3,Le Parc Cristal,75.3,2.0,2.0,C,585000.0,7769.0
V03071,Surface utile,Libre immediatement,Aubervilliers,Villette-Quatre-Chemins,93,Ile-de-France,T3,Le Clos Saint-Martin,73.6,2.0,1.0,B,252000.0,3424.0
V06372,Surface Carrez,juin-2026,Meaux,Colbert,77,Ile-de-France,T3,Les Allees Latitude,68.1,1.0,0.0,A,215000.0,3157.0
V14636,Surface habitable,fevr-2028,Ivry-sur-Seine,Monmousseau,94,Ile-de-France,Maison 6 pieces,Cour Beausejour,196.7,2.0,2.0,A,964000.0,4901.0
V04549,Surface Carrez,mai-2028,Boulogne-Billancourt,Rives de Seine,92,Ile-de-France,T3,Le Domaine des Chenes,77.1,1.0,0.0,A,727000.0,9429.0
V07534,Surface Carrez,Libre immediatement,Paris,Montmartre,75,Ile-de-France,T5,Le Parc Concorde,132.6,3.0,2.0,D,1350000.0,10181.0
V06641,Surface habitable,Libre immediatement,Evry-Courcouronnes,Les Pyramides,91,Ile-de-France,T2,Esprit Latitude,59.9,1.0,0.0,E,135000.0,2254.0
V09820,Surface Carrez,mai-2029,Paris,Le Marais,75,Ile-de-France,T2,Residence Opale,53.6,1.0,0.0,B,836000.0,15597.0
V08876,Surface Carrez,Libre immediatement,Trappes,Sand-Pergaud-Verlaine,78,Ile-de-France,T4,Le Parc Verte,82 - 99,3.0,0.0,C,217000.0,
V01139,Surface utile,Libre immediatement,Levallois-Perret,Eiffel,92,Ile-de-France,T2,Esprit Bellevue,43.2,1.0,0.0,D,380000.0,8796.0
V10139,Surface Carrez,Libre immediatement,Paris,Champ-de-Mars,75,Ile-de-France,T2,Le Parc des Chenes,56.4,1.0,,D,618000.0,10957.0
V13585,Surface utile,Libre immediatement,Levallois-Perret,Front de Seine,92,Ile-de-France,Maison 4 pieces,Residence Montaigne,83.6,2.0,0.0,D,740000.0,8852.0
V10175,Surface au sol,juin-2027,Aubervilliers,Villette-Quatre-Chemins,93,Ile-de-France,Maison 4 pieces,Carre des Lilas,80.5,3.0,0.0,A,333000.0,4137.0
V08494,Surface habitable,Libre immediatement,Meaux,Beauval,77,Ile-de-France,T2,Les Terrasses des Chenes,47,1.0,0.0,E,80000.0,1702.0
V00363,Surface Carrez,Libre immediatement,Bobigny,Centre-ville,93,Ile-de-France,T5,,120.2,3.0,0.0,C,472000.0,3927.0
V10446,Surface Carrez,fevr-2027,Paris,Montmartre,75,Ile-de-France,T1,Le Hameau du Parc,19.4,1.0,1.0,B,220000.0,11340.0
V05012,Surface Carrez,Libre immediatement,Boulogne-Billancourt,Billancourt,92,Ile-de-France,T2,,47,1.0,1.0,C,391000.0,8319.0
V02856,Surface Carrez,juin-2028,Nanterre,Centre,92,Ile-de-France,T5,Cour Saint-Martin,113.9,3.0,1.0,B,794000.0,6971.0
V12649,Surface habitable,Libre immediatement,Cergy,Cergy-Saint-Christophe,95,Ile-de-France,Maison 6 pieces,Le Domaine Bellevue,179.5,4.0,1.0,G,312000.0,1738.0
V08973,Surface habitable,mai-2029,Neuilly-sur-Seine,Village,92,Ile-de-France,T3,Carre Horizon,456 pi2,2.0,2.0,A,466000.0,
V04069,Surface Carrez,Libre immediatement,Paris,Bercy,75,Ile-de-France,T4,Les Terrasses Opale,66.6,3.0,,B,724000.0,10871.0
V06319,Surface Carrez,Libre immediatement,Paris,Belleville,75,Ile-de-France,T4,,95,1.0,1.0,B,614000.0,6463.0
V03617,Surface Carrez,Libre immediatement,Boulogne-Billancourt,Centre-Ville,92,Ile-de-France,T5,Le Domaine des Chenes,107.3,1.0,1.0,D,899000.0,8378.0
V01380,Surface Carrez,Libre immediatement,Montreuil,Mairie,93,Ile-de-France,T3,Le Hameau Belvedere,63.8,2.0,1.0,C,285000.0,4467.0
V13190,Surface Carrez,aout-2027,Creteil,Mont-Mesly,94,Ile-de-France,T2,Les Allees Symphonie,45.8,1.0,,B,234000.0,5109.0
V04101,Surface habitable,Libre immediatement,Paris,Montmartre,75,Ile-de-France,T4,Carre Horizon,105.3,2.0,1.0,D,849000.0,8063.0
V10900,Surface Carrez,Libre immediatement,Levallois-Perret,Eiffel,92,Ile-de-France,T4,,81.8,3.0,0.0,C,896000.0,10954.0
V06596,Surface habitable,Libre immediatement,Montrouge,Portes de Montrouge,92,Ile-de-France,T3,Carre Verte,77.3,2.0,1.0,F,361000.0,4670.0
V07463,Surface Carrez,Libre immediatement,Melun,Almont,77,Ile-de-France,T4,Villa des Acacias,85.7,3.0,1.0,E,175000.0,2042.0
V09286,Surface au sol,Libre immediatement,Argenteuil,Centre-Ville,95,Ile-de-France,Maison 4 pieces,Le Clos Beausejour,123,3.0,0.0,D,289000.0,2350.0
V14583,Surface Carrez,janv-2026,Ivry-sur-Seine,Centre-Ville,94,Ile-de-France,T3,Les Allees des Lilas,72.1,1.0,1.0,B,409000.0,5673.0
V01800,Surface Carrez,Libre immediatement,Paris,Champ-de-Mars,75,Ile-de-France,T4,,71.1,2.0,2.0,E,791000.0,11125.0
V03857,Surface habitable,Libre immediatement,Boulogne-Billancourt,Billancourt,92,Ile-de-France,T1,Le Domaine Voltaire,30.4,1.0,0.0,G,201000.0,6612.0
V09518,Surface Carrez,Libre immediatement,Bobigny,Pont de Bondy,93,Ile-de-France,T5,,1147 pi2,3.0,0.0,D,329000.0,
V13060,Surface Carrez,Libre immediatement,Paris,Buttes-Chaumont,75,Ile-de-France,T2,,35.2,1.0,2.0,A,281000.0,7983.0
V06889,Surface utile,Libre immediatement,Montreuil,Bel-Air,93,Ile-de-France,T1,Les Allees Verte,26.7,1.0,1.0,G,87000.0,3258.0
V00808,Surface Carrez,Libre immediatement,Boulogne-Billancourt,Parchamp,92,Ile-de-France,T6,,135.6,2.0,1.0,D,1281000.0,9447.0
V00541,Surface Carrez,Libre immediatement,Paris,Saint-Germain-des-Pres,75,Ile-de-France,T3,Cour des Acacias,51.7,1.0,0.0,E,713000.0,13791.0
V14785,Surface Carrez,Libre immediatement,Paris,Batignolles,75,Ile-de-France,T2,Esprit Bellevue,35.3,1.0,1.0,F,331000.0,9377.0
V03720,Surface Carrez,Libre immediatement,Paris,Batignolles,75,Ile-de-France,T5,,"99,4",3.0,1.0,D,884000.0,8893.0
V10252,Surface habitable,Libre immediatement,Montreuil,Mairie,93,Ile-de-France,T3,Le Hameau Montaigne,54.7,2.0,1.0,E,255000.0,4662.0
V12691,Surface habitable,Libre immediatement,Meaux,Colbert,77,Ile-de-France,T3,,78.8,2.0,1.0,E,167000.0,2119.0
V04500,Surface Carrez,juil-2027,Evry-Courcouronnes,Centre-Ville,91,Ile-de-France,T1,Les Terrasses Latitude,29.9,1.0,1.0,A,111000.0,3712.0
V08244,Surface Carrez,Libre immediatement,Saint-Denis,La Plaine,93,Ile-de-France,T3,,51.6,2.0,1.0,D,156000.0,3023.0
V00670,Surface Carrez,juin-2026,Paris,Montmartre,75,Ile-de-France,T2,Le Hameau Opale,46,1.0,2.0,A,522000.0,11348.0
V00406,Surface Carrez,Libre immediatement,Paris,Porte de Clignancourt,75,Ile-de-France,T3,,86.3,1.0,2.0,C,632000.0,7323.0
V09032,Surface Carrez,Libre immediatement,Vitry-sur-Seine,Centre-Ville,94,Ile-de-France,T3,,83.4,2.0,1.0,E,303000.0,3633.0
V00762,Surface habitable,juin-2026,Montrouge,Centre,92,Ile-de-France,T2,Le Hameau des Lilas,41.3,1.0,1.0,B,335000.0,8111.0
V13544,Surface Carrez,Libre immediatement,Paris,Vaugirard,75,Ile-de-France,T3,Le Domaine Cristal,73,2.0,0.0,G,543000.0,7438.0
V10131,Surface Carrez,oct-2027,Ivry-sur-Seine,Petit-Ivry,94,Ile-de-France,T4,Le Clos Verte,78.9,3.0,2.0,A,397000.0,5032.0
V00588,Surface Carrez,Libre immediatement,Trappes,Sand-Pergaud-Verlaine,78,Ile-de-France,T3,Le Parc des Lilas,81 - 89,1.0,0.0,C,179000.0,
V08711,Surface habitable,Libre immediatement,Paris,Montmartre,75,Ile-de-France,T2,,52,1.0,2.0,D,387000.0,7442.0
V04409,Surface Carrez,fevr-2027,Nanterre,Parc Sud,92,Ile-de-France,T4,Le Clos du Lac,101.8,3.0,0.0,A,621000.0,6100.0
V01595,Surface Carrez,oct-2029,Montreuil,Bel-Air,93,Ile-de-France,T3,Les Allees Belvedere,55.3,2.0,1.0,C,290000.0,5244.0
V03753,Surface Carrez,Libre immediatement,Paris,Belleville,75,Ile-de-France,T4,Le Domaine Montaigne,76.6,3.0,1.0,G,500000.0,6527.0
V04597,Surface Carrez,Libre immediatement,Paris,Batignolles,75,Ile-de-France,T3,,56,2.0,2.0,D,509000.0,9089.0
V14391,Surface habitable,Libre immediatement,Nanterre,Parc Sud,92,Ile-de-France,T3,Residence Opale,65.8,2.0,0.0,C,324000.0,4924.0
V01659,Surface Carrez,oct-2027,Paris,Belleville,75,Ile-de-France,T5,Carre Verte,94.8,3.0,1.0,A,924000.0,9747.0
V13893,Surface utile,nov-2027,Paris,Bercy,75,Ile-de-France,T3,Le Clos Horizon,53.8,2.0,2.0,A,793000.0,14740.0
V01479,Surface Carrez,Libre immediatement,Boulogne-Billancourt,Centre-Ville,92,Ile-de-France,T3,,87,2.0,2.0,B,651000.0,7483.0
V01767,Surface Carrez,Libre immediatement,Trappes,Les Merisiers,78,Ile-de-France,T3,Esprit Montaigne,78.4,2.0,,D,190000.0,2423.0
V06224,Surface habitable,fevr-2029,Paris,Buttes-Chaumont,75,Ile-de-France,T2,Les Allees Horizon,36.3,1.0,0.0,C,302000.0,8320.0
V11196,Surface Carrez,Libre immediatement,Aubervilliers,Centre,93,Ile-de-France,T4,Cour des Lilas,79.5,1.0,3.0,A,305000.0,3836.0
V07985,Surface Carrez,Libre immediatement,Issy-les-Moulineaux,Corentin Celton,92,Ile-de-France,T3,Le Clos Riviera,52.7,2.0,0.0,C,407000.0,7723.0
V10057,Surface Carrez,Libre immediatement,Vitry-sur-Seine,Port-a-l'Anglais,94,Ile-de-France,Maison 5 pieces,Villa des Lilas,163.2,2.0,0.0,E,686000.0,4203.0
V00535,Surface Carrez,fevr-2028,Boulogne-Billancourt,Point du Jour,92,Ile-de-France,T2,Carre des Acacias,47,1.0,,C,471000.0,10021.0
V09520,Surface habitable,Libre immediatement,Paris,Champ-de-Mars,75,Ile-de-France,T3,,72.2,1.0,0.0,C,831000.0,11510.0
V06877,Surface habitable,Libre immediatement,Trappes,Les Merisiers,78,Ile-de-France,T1,Le Parc du Lac,29,1.0,1.0,D,61000.0,2103.0
V12663,Surface Carrez,dec-2028,Saint-Germain-en-Laye,Bel-Air,78,Ile-de-France,T2,Carre Bellevue,32.9,1.0,2.0,B,233000.0,7082.0
V10385,Surface habitable,Libre immediatement,Saint-Denis,Grand Centre,93,Ile-de-France,T3,,95,2.0,1.0,E,235000.0,2474.0
V09035,Surface Carrez,Libre immediatement,Paris,Vaugirard,75,Ile-de-France,T4,,80.8,3.0,0.0,D,802000.0,9926.0
V09748,Surface Carrez,Libre immediatement,Paris,Saint-Germain-des-Pres,75,Ile-de-France,T5,,118,3.0,0.0,E,1638000.0,13881.0
V11559,Surface Carrez,Libre immediatement,Paris,La Muette,75,Ile-de-France,T3,Carre des Chenes,49.7,2.0,2.0,E,494000.0,9940.0
V04123,Surface Carrez,Libre immediatement,Versailles,Montreuil,78,Ile-de-France,T3,Le Parc des Acacias,85.9,2.0,0.0,D,479000.0,5576.0
V09932,Surface habitable,Libre immediatement,Paris,Gobelins,75,Ile-de-France,T2,,41.1,1.0,0.0,F,288000.0,7007.0
V09294,Surface Carrez,nov-2026,Vitry-sur-Seine,Moulin-Vert,94,Ile-de-France,T2,Le Clos Cristal,52.1,1.0,0.0,A,277000.0,5317.0
V03581,Surface Carrez,Libre immediatement,Paris,Porte de Clignancourt,75,Ile-de-France,T2,Les Jardins des Chenes,42,1.0,1.0,D,335000.0,7976.0
V07426,Surface Carrez,Libre immediatement,Paris,Montmartre,75,Ile-de-France,T3,Le Domaine Horizon,66.4,2.0,2.0,D,539000.0,8117.0
V13599,Surface Carrez,oct-2026,Paris,Vaugirard,75,Ile-de-France,T3,Cour Opale,76.6,2.0,1.0,C,905000.0,11815.0
V12263,Surface habitable,Libre immediatement,Boulogne-Billancourt,Point du Jour,92,Ile-de-France,T3,Residence des Chenes,70.8,2.0,1.0,D,615000.0,8686.0
V06547,Surface habitable,juin-2027,Trappes,Village,78,Ile-de-France,T3,Le Hameau Concorde,58.6,1.0,1.0,C,215000.0,3669.0
V12005,Surface Carrez,Libre immediatement,Saint-Germain-en-Laye,Bel-Air,78,Ile-de-France,T3,Cour Bellevue,73.5,2.0,1.0,B,397000.0,5401.0
V01807,Surface Carrez,Libre immediatement,Saint-Denis,Grand Centre,93,Ile-de-France,T4,,89.2,3.0,,D,267000.0,2993.0
V07728,Surface utile,juin-2028,Paris,Batignolles,75,Ile-de-France,T4,Le Domaine Voltaire,78.1,1.0,0.0,A,995000.0,12740.0
V07673,Surface Carrez,oct-2027,Ivry-sur-Seine,Centre-Ville,94,Ile-de-France,T3,Cour Beausejour,55.2,2.0,0.0,A,331000.0,5996.0
V00309,Surface Carrez,Libre immediatement,Paris,Batignolles,75,Ile-de-France,T3,Les Allees du Lac,47.8,1.0,2.0,F,259000.0,5418.0
V05498,Surface Carrez,Libre immediatement,Paris,Le Marais,75,Ile-de-France,T4,,114,2.0,0.0,C,1234000.0,10825.0
V02378,Surface Carrez,nov-2026,Montreuil,Bel-Air,93,Ile-de-France,T2,Villa des Lilas,32.6,1.0,1.0,A,132000.0,4049.0
V08153,Surface Carrez,Libre immediatement,Issy-les-Moulineaux,Corentin Celton,92,Ile-de-France,T4,Carre Montaigne,56.8,2.0,0.0,B,431000.0,7588.0
V13282,Surface Carrez,Libre immediatement,Paris,Le Marais,75,Ile-de-France,T3,Carre des Acacias,71.7,2.0,0.0,A,961000.0,13403.0
V08656,Surface Carrez,Libre immediatement,Bobigny,Abreuvoir,93,Ile-de-France,T3,,95.8,2.0,1.0,C,279000.0,2912.0
V08801,Surface Carrez,Libre immediatement,Paris,La Muette,75,Ile-de-France,T3,Les Allees des Acacias,63.5,1.0,1.0,A,836000.0,13165.0
V02443,Surface Carrez,Libre immediatement,Aubervilliers,Centre,93,Ile-de-France,T4,,93.2,1.0,0.0,E,301000.0,3230.0
V07868,Surface habitable,Libre immediatement,Vitry-sur-Seine,Port-a-l'Anglais,94,Ile-de-France,T5,,144.5,2.0,0.0,C,594000.0,4111.0
V13143,Surface Carrez,Libre immediatement,Levallois-Perret,Centre,92,Ile-de-France,T3,,75.7,2.0,,,798000.0,10542.0
V08705,Surface Carrez,Libre immediatement,Noisy-le-Grand,Centre-ville,93,Ile-de-France,T1,,20.6,1.0,0.0,D,83000.0,4029.0
V00595,Surface Carrez,Libre immediatement,Mantes-la-Jolie,Gassicourt,78,Ile-de-France,T4,,105.8,3.0,1.0,C,250000.0,2363.0
V00468,Surface Carrez,Libre immediatement,Paris,Saint-Germain-des-Pres,75,Ile-de-France,T2,Le Clos des Chenes,39.8,1.0,1.0,D,621000.0,15603.0
V06486,Surface Carrez,Libre immediatement,Paris,Buttes-Chaumont,75,Ile-de-France,T2,Les Allees Opale,44.7,1.0,0.0,C,315000.0,7047.0
V06104,Surface Carrez,Libre immediatement,Issy-les-Moulineaux,Val de Seine,92,Ile-de-France,T2,,47.1,1.0,0.0,F,249000.0,5287.0
V05705,Surface Carrez,mai-2027,Levallois-Perret,Front de Seine,92,Ile-de-France,T6,Cour des Lilas,166.9,3.0,1.0,C,1933000.0,11582.0
V05648,Surface Carrez,Libre immediatement,Montreuil,Bas-Montreuil,93,Ile-de-France,T5,,131,3.0,1.0,D,593000.0,4527.0
V04880,Surface utile,Libre immediatement,Paris,Belleville,75,Ile-de-France,Maison 5 pieces,Le Clos Latitude,121.5,3.0,0.0,E,750000.0,6173.0
V10636,Surface Carrez,Libre immediatement,Versailles,Chantiers,78,Ile-de-France,T3,Le Hameau Saint-Martin,57,2.0,1.0,C,286000.0,5018.0
V14018,Surface habitable,Libre immediatement,Saint-Denis,Basilique,93,Ile-de-France,T4,,113,2.0,1.0,D,370000.0,3274.0
V04976,Surface Carrez,juil-2027,Paris,Vaugirard,75,Ile-de-France,T5,Le Hameau des Acacias,115.4,3.0,1.0,A,1696000.0,14697.0
V10481,Surface utile,Libre immediatement,Creteil,Mont-Mesly,94,Ile-de-France,T3,Les Terrasses Saint-Martin,76.5,2.0,1.0,E,239000.0,3124.0
V04001,Surface Carrez,dec-2027,Paris,Belleville,75,Ile-de-France,T3,Villa Verte,63.9,2.0,1.0,A,585000.0,9155.0
V00710,Surface Carrez,juil-2028,Paris,Vaugirard,75,Ile-de-France,T2,Residence Cristal,41.1,1.0,1.0,A,464000.0,11290.0
V00587,Surface Carrez,Libre immediatement,Argenteuil,Val d'Argent,95,Ile-de-France,T4,,76.2,2.0,0.0,B,262000.0,3438.0
V12543,Surface habitable,Libre immediatement,Boulogne-Billancourt,Point du Jour,92,Ile-de-France,T2,Les Jardins Bellevue,41.5,1.0,0.0,E,273000.0,6578.0
V04432,Surface Carrez,Libre immediatement,Bobigny,Abreuvoir,93,Ile-de-France,T2,,44.2,1.0,0.0,D,117000.0,2647.0
V09824,Surface Carrez,Libre immediatement,Boulogne-Billancourt,Rives de Seine,92,Ile-de-France,T3,,76.3,2.0,0.0,B,736000.0,9646.0
V05196,Surface au sol,Libre immediatement,Paris,Batignolles,75,Ile-de-France,Maison 4 pieces,Carre Latitude,92.2,3.0,1.0,D,882000.0,9566.0
V11229,Surface Carrez,Libre immediatement,Vincennes,Republique,94,Ile-de-France,T4,,66.7,2.0,2.0,D,437000.0,6552.0
V00192,Surface Carrez,Libre immediatement,Paris,Bercy,75,Ile-de-France,T3,Residence Saint-Martin,65,1.0,1.0,E,478000.0,7354.0
V11809,Surface Carrez,Libre immediatement,Montrouge,Portes de Montrouge,92,Ile-de-France,T3,,72.9,1.0,1.0,A,509000.0,6982.0
V12706,Surface Carrez,janv-2026,Vincennes,Domaine du Bois,94,Ile-de-France,T4,Carre Latitude,70.2,3.0,0.0,C,549000.0,7821.0
V10857,Surface habitable,Libre immediatement,Paris,Montmartre,75,Ile-de-France,T5,,181.1,3.0,2.0,B,1528000.0,8437.0
V01153,Surface Carrez,Libre immediatement,Antony,Centre-Ville,92,Ile-de-France,T2,Villa Horizon,45.3,1.0,1.0,E,249000.0,5497.0
V04928,Surface Carrez,Libre immediatement,Antony,Croix de Berny,92,Ile-de-France,T2,,49.9,1.0,0.0,C,225000.0,4509.0
V04283,Surface Carrez,aout-2028,Montreuil,Croix de Chavaux,93,Ile-de-France,T2,Cour Beausejour,27,1.0,2.0,B,144000.0,5333.0
V00053,Surface Carrez,Libre immediatement,Antony,Centre-Ville,92,Ile-de-France,T3,,58,2.0,2.0,B,288000.0,4966.0
V03790,Surface habitable,Libre immediatement,Massy,Vilmorin,91,Ile-de-France,T4,,85.2,3.0,0.0,B,304000.0,3568.0
V09226,Surface au sol,oct-2028,Neuilly-sur-Seine,Saint-James,92,Ile-de-France,Maison 5 pieces,Residence des Lilas,126.7,4.0,0.0,A,1820000.0,14365.0
V06304,Surface Carrez,aout-2026,Paris,Le Marais,75,Ile-de-France,T1,Les Allees Latitude,29.8,1.0,0.0,A,504000.0,16913.0
V09124,Surface habitable,Libre immediatement,Aubervilliers,Villette-Quatre-Chemins,93,Ile-de-France,T2,Les Allees Voltaire,43.4,1.0,1.0,D,158000.0,3641.0
V13408,Surface habitable,Libre immediatement,Paris,Gobelins,75,Ile-de-France,T4,,71.7,2.0,2.0,D,667000.0,9303.0
V08129,Surface habitable,Libre immediatement,Massy,Opera,91,Ile-de-France,T2,,48.7,1.0,2.0,D,158000.0,3244.0
V07754,Surface Carrez,Libre immediatement,Paris,Le Marais,75,Ile-de-France,T3,Les Allees des Chenes,56.5,2.0,0.0,E,609000.0,10779.0
V09557,Surface Carrez,Libre immediatement,Montreuil,Mairie,93,Ile-de-France,T3,,55.5,2.0,2.0,C,282000.0,5081.0
V03761,Surface au sol,Libre immediatement,Neuilly-sur-Seine,Sablons,92,Ile-de-France,Maison 5 pieces,Villa du Parc,122.3,4.0,0.0,E,908000.0,7424.0
V03040,Surface Carrez,Libre immediatement,Paris,Saint-Germain-des-Pres,75,Ile-de-France,T3,Villa Riviera,66.4,2.0,0.0,D,846000.0,12741.0
V06886,Surface Carrez,Libre immediatement,Montreuil,Bas-Montreuil,93,Ile-de-France,T2,,46.5,1.0,0.0,B,219000.0,4710.0
V01927,Surface Carrez,juil-2028,Paris,Vaugirard,75,Ile-de-France,T3,Les Allees Symphonie,84,2.0,0.0,A,971000.0,11560.0
V05944,Surface Carrez,nov-2028,Bobigny,Etoile,93,Ile-de-France,T2,Le Clos Montaigne,42.9,1.0,1.0,C,208000.0,4848.0
V04232,Surface Carrez,Libre immediatement,Vitry-sur-Seine,Centre-Ville,94,Ile-de-France,T1,Esprit Riviera,21.6,1.0,0.0,G,65000.0,3009.0
V08240,Surface Carrez,Libre immediatement,Paris,Porte de Clignancourt,75,Ile-de-France,T2,Le Parc des Chenes,51.8,1.0,1.0,E,328000.0,6332.0
V10282,Surface habitable,Libre immediatement,Paris,Bercy,75,Ile-de-France,T4,Cour Voltaire,91.4,1.0,1.0,C,669000.0,7319.0
V05047,Surface Carrez,Libre immediatement,Boulogne-Billancourt,Point du Jour,92,Ile-de-France,T2,Le Domaine des Chenes,48.5,1.0,2.0,F,340000.0,7010.0
V01935,Surface Carrez,Libre immediatement,Paris,Champ-de-Mars,75,Ile-de-France,T2,Le Hameau du Lac,46.6,1.0,1.0,C,588000.0,12618.0
V00984,Surface habitable,Libre immediatement,Issy-les-Moulineaux,Val de Seine,92,Ile-de-France,T5,Le Domaine des Chenes,108.5,3.0,2.0,D,708000.0,6525.0
V11485,Surface au sol,Libre immediatement,Aubervilliers,Landy,93,Ile-de-France,Maison 4 pieces,,101.6,3.0,1.0,D,285000.0,2805.0
V06343,Surface Carrez,Libre immediatement,Creteil,Mont-Mesly,94,Ile-de-France,T2,Villa des Lilas,60.8,1.0,2.0,,189000.0,3109.0
V03836,Surface habitable,aout-2027,Saint-Denis,Pleyel,93,Ile-de-France,T2,Esprit Concorde,39.5,1.0,2.0,A,143000.0,3620.0
V10179,Surface Carrez,Libre immediatement,Paris,Saint-Germain-des-Pres,75,Ile-de-France,T3,Les Jardins d'Argent,76.9,1.0,0.0,D,1063000.0,13823.0
V00503,Surface Carrez,Libre immediatement,Vitry-sur-Seine,Centre-Ville,94,Ile-de-France,T4,,100.6,2.0,0.0,A,419000.0,4165.0
V06742,Surface habitable,Libre immediatement,Paris,Vaugirard,75,Ile-de-France,T4,,79.9,2.0,1.0,A,843000.0,10551.0
V02694,Surface au sol,juil-2026,Saint-Denis,Grand Centre,93,Ile-de-France,Maison 5 pieces,Residence des Acacias,120.9,4.0,2.0,B,336000.0,2779.0
V05321,Surface habitable,Libre immediatement,Meaux,Beauval,77,Ile-de-France,T4,,76.7,2.0,0.0,F,140000.0,1825.0
V07849,Surface Carrez,oct-2026,Antony,Croix de Berny,92,Ile-de-France,T3,Esprit Montaigne,57.7,1.0,1.0,C,315000.0,5459.0
V00777,Surface Carrez,Libre immediatement,Antony,Croix de Berny,92,Ile-de-France,T3,Le Domaine Saint-Martin,65,1.0,0.0,C,279000.0,4292.0
V06200,Surface habitable,Libre immediatement,Issy-les-Moulineaux,Val de Seine,92,Ile-de-France,T4,Residence des Acacias,85.6,1.0,3.0,E,603000.0,7044.0
V02623,Surface Carrez,Libre immediatement,Ivry-sur-Seine,Centre-Ville,94,Ile-de-France,Maison 5 pieces,Villa Concorde,144.7,3.0,0.0,D,565000.0,3905.0
V01511,Surface Carrez,janv-2028,Trappes,Village,78,Ile-de-France,T3,Carre Voltaire,79,1.0,2.0,A,271000.0,3430.0
V14321,Surface Carrez,Libre immediatement,Paris,Bercy,75,Ile-de-France,T4,,88.5,1.0,0.0,E,744000.0,8407.0
V09454,Surface Carrez,mars-2027,Mantes-la-Jolie,Gassicourt,78,Ile-de-France,T3,Le Parc Symphonie,74.5,2.0,2.0,B,230000.0,3087.0
V03901,Surface utile,janv-2026,Antony,Croix de Berny,92,Ile-de-France,T3,Carre Verte,57.8,2.0,1.0,C,368000.0,6367.0
V10344,Surface Carrez,mars-2029,Paris,Bercy,75,Ile-de-France,T4,Le Clos des Acacias,75.6,3.0,1.0,A,719000.0,9511.0
V07064,Surface Carrez,avr-2029,Evry-Courcouronnes,Les Pyramides,91,Ile-de-France,T3,Carre Bellevue,74.1,1.0,2.0,B,204000.0,2753.0
V13524,Surface Carrez,Libre immediatement,Paris,Gobelins,75,Ile-de-France,T3,,75.3,2.0,,D,706000.0,9376.0
V02813,Surface Carrez,Libre immediatement,Paris,Porte de Clignancourt,75,Ile-de-France,T1,Les Jardins Beausejour,20.9,1.0,1.0,D,154000.0,7368.0
V07778,Surface Carrez,Libre immediatement,Meaux,Beauval,77,Ile-de-France,T4,,63.2,3.0,1.0,D,107000.0,1693.0
V08541,Surface Carrez,mars-2027,Aubervilliers,Centre,93,Ile-de-France,T2,Residence Verte,39,1.0,2.0,A,175000.0,4487.0
V14704,Surface Carrez,Libre immediatement,Montreuil,Ruffins,93,Ile-de-France,T2,Residence Horizon,44.7,1.0,2.0,D,151000.0,3378.0
V14115,Surface Carrez,Libre immediatement,Paris,Belleville,75,Ile-de-France,T3,Les Allees Verte,58.3,2.0,0.0,E,434000.0,7444.0
V00617,Surface Carrez,mars-2026,Argenteuil,Orgemont,95,Ile-de-France,T2,Le Parc Riviera,52,1.0,1.0,C,168000.0,3231.0
V14413,Surface Carrez,mars-2027,Argenteuil,Val d'Argent,95,Ile-de-France,T2,Esprit des Lilas,42.6,1.0,2.0,B,126000.0,2958.0
V12982,Surface habitable,Libre immediatement,Cergy,Cergy-Saint-Christophe,95,Ile-de-France,T2,Esprit Verte,53.5,1.0,1.0,E,128000.0,2393.0
V10444,Surface habitable,Libre immediatement,Vitry-sur-Seine,Moulin-Vert,94,Ile-de-France,T4,,86.3,2.0,1.0,,259000.0,3001.0
V14020,Surface Carrez,Libre immediatement,Meaux,Hopital,77,Ile-de-France,T4,Esprit Horizon,83.8,3.0,1.0,D,198000.0,2363.0
V07238,Surface habitable,Libre immediatement,Saint-Denis,Grand Centre,93,Ile-de-France,T3,,62.5,2.0,0.0,D,220000.0,3520.0
V06617,Surface au sol,Libre immediatement,Aubervilliers,Centre,93,Ile-de-France,Maison 6 pieces,Esprit Riviera,148.5,2.0,1.0,C,464000.0,3125.0
V04379,Surface utile,Libre immediatement,Antony,Centre-Ville,92,Ile-de-France,T2,Les Terrasses Beausejour,39.4,1.0,2.0,G,151000.0,3832.0
V13725,Surface Carrez,Libre immediatement,Meaux,Colbert,77,Ile-de-France,T4,Le Hameau Riviera,91,1.0,0.0,B,242000.0,2659.0
V10202,Surface Carrez,Libre immediatement,Creteil,Lac,94,Ile-de-France,T2,,44.9,1.0,0.0,D,158000.0,3519.0
V13531,Surface Carrez,Libre immediatement,Boulogne-Billancourt,Billancourt,92,Ile-de-France,T2,,54.6,1.0,1.0,C,324000.0,5934.0
V11284,Surface Carrez,Libre immediatement,Vitry-sur-Seine,Centre-Ville,94,Ile-de-France,T4,Le Clos Opale,117.5,2.0,2.0,D,451000.0,3838.0
V00592,Surface Carrez,Libre immediatement,Paris,Le Marais,75,Ile-de-France,T3,Le Domaine du Lac,59.9,1.0,2.0,D,668000.0,11152.0
V04873,Surface Carrez,Libre immediatement,Paris,Bercy,75,Ile-de-France,T2,Le Clos Concorde,54.9,1.0,1.0,F,443000.0,8069.0
V11993,Surface Carrez,Libre immediatement,Creteil,Echat,94,Ile-de-France,T3,Les Terrasses Voltaire,68,2.0,1.0,D,262000.0,3853.0
V02537,Surface utile,Libre immediatement,Evry-Courcouronnes,Le Canal,91,Ile-de-France,T1,,25.9,1.0,0.0,A,58000.0,2239.0
V13217,Surface habitable,sept-2028,Antony,Pajeaud,92,Ile-de-France,T3,Le Clos Beausejour,65.4,2.0,1.0,A,361000.0,5520.0
V13904,Surface Carrez,Libre immediatement,Paris,Le Marais,75,Ile-de-France,T5,Cour des Acacias,130.4,2.0,1.0,C,1553000.0,11910.0
V11389,Surface habitable,Libre immediatement,Paris,Porte de Clignancourt,75,Ile-de-France,T2,,39.7,1.0,2.0,D,298000.0,7506.0
V01170,Surface Carrez,Libre immediatement,Paris,Montmartre,75,Ile-de-France,T4,Les Allees Cristal,77.6,1.0,,D,726000.0,9356.0
V05258,Surface Carrez,fevr-2027,Saint-Denis,Pleyel,93,Ile-de-France,T3,Residence Concorde,93.3,2.0,0.0,C,448000.0,4802.0
V09084,Surface Carrez,Libre immediatement,Paris,Batignolles,75,Ile-de-France,T4,Esprit Horizon,96.3,,1.0,D,815000.0,8463.0
V01788,Surface Carrez,Libre immediatement,Issy-les-Moulineaux,Corentin Celton,92,Ile-de-France,T5,,120.2,1.0,2.0,D,887000.0,7379.0
V00197,Surface habitable,Libre immediatement,Paris,La Muette,75,Ile-de-France,T4,Villa Belvedere,91.9,2.0,2.0,D,1102000.0,11991.0
V04993,Surface Carrez,Libre immediatement,Paris,Belleville,75,Ile-de-France,T4,,69.5,2.0,0.0,C,588000.0,8460.0
V06999,Surface Carrez,Libre immediatement,Mantes-la-Jolie,Centre-Ville,78,Ile-de-France,T3,Les Terrasses Beausejour,57.1,2.0,2.0,F,172000.0,3012.0
V07130,Surface habitable,janv-2027,Bobigny,Abreuvoir,93,Ile-de-France,T3,Esprit du Lac,54.8,1.0,0.0,A,196000.0,3577.0
V08975,Surface Carrez,Libre immediatement,Issy-les-Moulineaux,Les Epinettes,92,Ile-de-France,T2,,39.1,1.0,1.0,F,241000.0,6164.0
V10502,Surface Carrez,dec-2027,Vincennes,Centre-Ville,94,Ile-de-France,Maison 4 pieces,Esprit Bellevue,135.4,2.0,3.0,A,953000.0,7038.0
V12380,Surface habitable,Libre immediatement,Paris,Belleville,75,Ile-de-France,T3,,71.9,2.0,0.0,D,497000.0,6912.0
V08893,Surface Carrez,Libre immediatement,Nanterre,Petit-Nanterre,92,Ile-de-France,T3,Les Allees du Lac,62,2.0,0.0,B,285000.0,4597.0
V10618,Surface Carrez,Libre immediatement,Antony,Les Baconnets,92,Ile-de-France,T3,,62.8,2.0,1.0,D,279000.0,4443.0
V14378,Surface Carrez,Libre immediatement,Paris,Vaugirard,75,Ile-de-France,T2,Carre du Lac,55,1.0,2.0,E,397000.0,7218.0
V05870,Surface Carrez,Libre immediatement,Issy-les-Moulineaux,Val de Seine,92,Ile-de-France,T4,Carre Voltaire,83.3,3.0,0.0,B,650000.0,7803.0
V09350,Surface Carrez,Libre immediatement,Paris,Montmartre,75,Ile-de-France,T4,,95.4,1.0,1.0,C,797000.0,8354.0
V02659,Surface habitable,Libre immediatement,Neuilly-sur-Seine,Village,92,Ile-de-France,T5,Les Allees Symphonie,111.1,2.0,0.0,E,1130000.0,10171.0
V12958,Surface Carrez,avr-2027,Massy,Vilmorin,91,Ile-de-France,T2,Le Hameau Riviera,51.4,1.0,,A,204000.0,3969.0
V11833,Surface Carrez,Libre immediatement,Paris,Montmartre,75,Ile-de-France,T1,,26.7,1.0,1.0,D,213000.0,7978.0
V06516,Surface au sol,Libre immediatement,Argenteuil,Coteaux,95,Ile-de-France,Maison 4 pieces,Le Clos Bellevue,116.4,3.0,0.0,D,335000.0,2878.0
V05947,Surface Carrez,Libre immediatement,Paris,Bercy,75,Ile-de-France,T3,,92.7,2.0,1.0,D,722000.0,7789.0
V04775,Surface utile,Libre immediatement,Nanterre,Universite,92,Ile-de-France,T5,,115.1,3.0,1.0,D,546000.0,4744.0
V04931,Surface au sol,Libre immediatement,Paris,Batignolles,75,Ile-de-France,Maison 5 pieces,Le Domaine Beausejour,161.4,2.0,0.0,,1153000.0,7144.0
V12770,Surface habitable,Libre immediatement,Evry-Courcouronnes,Les Pyramides,91,Ile-de-France,T4,,110.6,3.0,0.0,E,216000.0,1953.0
V05290,Surface habitable,mai-2028,Neuilly-sur-Seine,Saint-James,92,Ile-de-France,T4,Le Hameau Bellevue,75.1,3.0,0.0,B,1418000.0,18881.0
V09153,Surface Carrez,Libre immediatement,Nanterre,Universite,92,Ile-de-France,T3,,79.5,2.0,0.0,E,410000.0,5157.0
V05592,Surface utile,janv-2028,Evry-Courcouronnes,Les Pyramides,91,Ile-de-France,T3,Le Parc Montaigne,80.4,2.0,1.0,B,229000.0,2848.0
V02110,Surface Carrez,Libre immediatement,Paris,Porte de Clignancourt,75,Ile-de-France,T4,,89.9,3.0,3.0,E,503000.0,5595.0
V08673,Surface habitable,sept-2026,Paris,Bercy,75,Ile-de-France,T2,Les Jardins Bellevue,41.1,1.0,0.0,B,479000.0,11655.0
V07978,Surface Carrez,Libre immediatement,Paris,Porte de Clignancourt,75,Ile-de-France,T4,Cour Bellevue,77.2,2.0,1.0,E,394000.0,5104.0
V14264,Surface Carrez,Libre immediatement,Antony,Centre-Ville,92,Ile-de-France,T3,,51.3,2.0,2.0,C,332000.0,6472.0
V13373,Surface utile,Libre immediatement,Argenteuil,Orgemont,95,Ile-de-France,T4,Le Clos Latitude,85.2,3.0,2.0,E,192000.0,2254.0
V10269,Surface habitable,Libre immediatement,Nanterre,Universite,92,Ile-de-France,T2,Le Domaine Beausejour,32.3,1.0,0.0,D,151000.0,4675.0
V05781,Surface habitable,Libre immediatement,Paris,Le Marais,75,Ile-de-France,T3,Le Clos du Parc,78.4,1.0,1.0,D,1060000.0,13520.0
V03592,Surface Carrez,Libre immediatement,Antony,Les Baconnets,92,Ile-de-France,T5,Le Hameau Verte,158.8,3.0,1.0,F,696000.0,4383.0
V13264,Surface habitable,Libre immediatement,Ivry-sur-Seine,Ivry-Port,94,Ile-de-France,T3,Le Clos Latitude,46.8,2.0,2.0,B,251000.0,5363.0
V12756,Surface Carrez,Libre immediatement,Paris,Gobelins,75,Ile-de-France,T3,,64.8,2.0,1.0,D,535000.0,8256.0
V03212,Surface Carrez,Libre immediatement,Versailles,Saint-Louis,78,Ile-de-France,T2,,49.8,1.0,2.0,D,303000.0,6084.0
V00313,Surface Carrez,Libre immediatement,Neuilly-sur-Seine,Sablons,92,Ile-de-France,T1,Le Hameau d'Argent,28.2,1.0,1.0,B,360000.0,12766.0
V01542,Surface utile,Libre immediatement,Aubervilliers,Landy,93,Ile-de-France,T5,Les Terrasses des Chenes,135.6,2.0,0.0,F,458000.0,3378.0
V07958,Surface habitable,Libre immediatement,Creteil,Mont-Mesly,94,Ile-de-France,T4,Les Allees Horizon,112.6,3.0,0.0,B,380000.0,3375.0
V12879,Surface Carrez,Libre immediatement,Vincennes,Republique,94,Ile-de-France,T3,Cour des Acacias,80.5,1.0,2.0,E,640000.0,7950.0
V10840,Surface habitable,Libre immediatement,Paris,Le Marais,75,Ile-de-France,T2,Le Clos Montaigne,57.6,1.0,0.0,A,714000.0,12396.0
V11001,Surface habitable,Libre immediatement,Meaux,Colbert,77,Ile-de-France,T3,,53.8,2.0,0.0,D,97000.0,1803.0
V02947,Surface Carrez,Libre immediatement,Paris,Belleville,75,Ile-de-France,T4,,112.7,2.0,1.0,D,603000.0,5350.0
V04288,Surface habitable,Libre immediatement,Paris,Saint-Germain-des-Pres,75,Ile-de-France,T1,Esprit Horizon,34.2,1.0,1.0,F,385000.0,11257.0
V00450,Surface Carrez,oct-2028,Cergy,Cergy-le-Haut,95,Ile-de-France,T2,Le Hameau d'Argent,54.5,1.0,1.0,B,146000.0,2679.0
V03792,Surface habitable,Libre immediatement,Neuilly-sur-Seine,Village,92,Ile-de-France,T1,Le Clos Bellevue,37.3,1.0,1.0,B,338000.0,9062.0
V06370,Surface Carrez,Libre immediatement,Issy-les-Moulineaux,Val de Seine,92,Ile-de-France,T3,,84.6,2.0,2.0,B,613000.0,7246.0
V05242,Surface Carrez,Libre immediatement,Paris,Buttes-Chaumont,75,Ile-de-France,T4,Les Terrasses Concorde,91.4,2.0,0.0,B,785000.0,8589.0
V06493,Surface Carrez,Libre immediatement,Paris,La Muette,75,Ile-de-France,T3,,83.3,1.0,2.0,G,710000.0,8523.0
V08450,Surface Carrez,Libre immediatement,Paris,Saint-Germain-des-Pres,75,Ile-de-France,T3,Le Hameau Voltaire,54.9,2.0,1.0,B,856000.0,15592.0
V08750,Surface habitable,Libre immediatement,Cergy,Axe Majeur,95,Ile-de-France,T4,Carre Horizon,103.1,2.0,0.0,E,211000.0,2047.0
V10017,Surface Carrez,aout-2026,Levallois-Perret,Centre,92,Ile-de-France,T2,Le Clos Saint-Martin,45,1.0,2.0,A,469000.0,10422.0
V02619,Surface Carrez,Libre immediatement,Vitry-sur-Seine,Port-a-l'Anglais,94,Ile-de-France,T3,Esprit Symphonie,61.3,1.0,1.0,A,268000.0,4372.0
V02624,Surface Carrez,Libre immediatement,Paris,Gobelins,75,Ile-de-France,T3,,54.1,2.0,1.0,E,510000.0,9427.0
V07320,Surface Carrez,Libre immediatement,Paris,Montmartre,75,Ile-de-France,T3,Residence Symphonie,73.2,2.0,1.0,C,843000.0,11516.0
V03464,Surface Carrez,Libre immediatement,Saint-Germain-en-Laye,Alsace,78,Ile-de-France,T4,,115.5,2.0,1.0,F,655000.0,5671.0
V01006,Surface habitable,Libre immediatement,Paris,Porte de Clignancourt,75,Ile-de-France,T2,Les Terrasses Opale,36.2,1.0,0.0,B,249000.0,6878.0
V09319,Surface habitable,Libre immediatement,Paris,Belleville,75,Ile-de-France,T6,Les Terrasses des Acacias,121,3.0,2.0,D,736000.0,6083.0
V04443,Surface utile,Libre immediatement,Saint-Denis,Basilique,93,Ile-de-France,T3,Les Terrasses des Acacias,68.5,2.0,0.0,,245000.0,3577.0
V06048,Surface Carrez,Libre immediatement,Neuilly-sur-Seine,Bagatelle,92,Ile-de-France,T3,,"62,2",2.0,,D,683000.0,10981.0
V13361,Surface Carrez,Libre immediatement,Melun,Saint-Aspais,77,Ile-de-France,T4,,108.1,3.0,2.0,B,305000.0,2821.0
V00477,Surface habitable,Libre immediatement,Versailles,Montreuil,78,Ile-de-France,T2,Cour des Chenes,45.4,1.0,0.0,C,326000.0,7181.0
V04295,Surface Carrez,fevr-2026,Cergy,Cergy-Prefecture,95,Ile-de-France,T4,Le Parc Symphonie,69.3,3.0,,B,187000.0,2698.0
V02781,Surface Carrez,Libre immediatement,Nanterre,Parc Sud,92,Ile-de-France,T4,,125,3.0,0.0,D,674000.0,5392.0
V01620,Surface Carrez,Libre immediatement,Massy,Villaine,91,Ile-de-France,T2,,451 pi2,1.0,1.0,A,105000.0,
V04317,Surface Carrez,Libre immediatement,Creteil,Mont-Mesly,94,Ile-de-France,T6,,127.8,3.0,0.0,E,390000.0,3052.0
V00057,Surface Carrez,Libre immediatement,Paris,Batignolles,75,Ile-de-France,T1,Carre Opale,21.2,1.0,1.0,C,211000.0,9953.0
V13317,Surface Carrez,Libre immediatement,Paris,Le Marais,75,Ile-de-France,T1,,32,1.0,0.0,D,398000.0,12438.0
V02787,Surface Carrez,mars-2027,Paris,Vaugirard,75,Ile-de-France,T1,Villa Latitude,28.7,1.0,0.0,C,326000.0,11359.0
V04315,Surface habitable,Libre immediatement,Paris,Bercy,75,Ile-de-France,T3,Cour Horizon,62.7,2.0,2.0,D,517000.0,8246.0
V10480,Surface Carrez,mars-2029,Paris,Gobelins,75,Ile-de-France,T3,Esprit Latitude,75,1.0,0.0,,834000.0,11120.0
V02305,Surface Carrez,Libre immediatement,Mantes-la-Jolie,Centre-Ville,78,Ile-de-France,T4,Cour Verte,82.8,3.0,2.0,D,262000.0,3164.0
V14730,Surface Carrez,Libre immediatement,Paris,Bercy,75,Ile-de-France,T4,Les Terrasses Latitude,71.2,2.0,1.0,D,597000.0,8385.0
V04094,Surface habitable,Libre immediatement,Paris,Montmartre,75,Ile-de-France,T3,Le Domaine des Lilas,69.1,1.0,1.0,B,571000.0,8263.0
V11657,Surface Carrez,Libre immediatement,Paris,Champ-de-Mars,75,Ile-de-France,T2,,36.6,1.0,1.0,D,522000.0,14262.0
V14576,Surface utile,Libre immediatement,Bobigny,Centre-ville,93,Ile-de-France,Maison 3 pieces,,73.5,2.0,0.0,E,238000.0,3238.0
V12205,Surface au sol,Libre immediatement,Antony,Centre-Ville,92,Ile-de-France,Maison 5 pieces,Cour du Lac,103.4,1.0,,C,534000.0,5164.0
V08771,Surface habitable,Libre immediatement,Paris,Montmartre,75,Ile-de-France,T3,,65.2,2.0,0.0,E,516000.0,7914.0
V06812,Surface Carrez,Libre immediatement,Neuilly-sur-Seine,Village,92,Ile-de-France,T3,Villa Voltaire,76.2,2.0,0.0,B,939000.0,12323.0
V09847,Surface au sol,Libre immediatement,Ivry-sur-Seine,Monmousseau,94,Ile-de-France,Maison 3 pieces,,65.7,2.0,1.0,E,200000.0,3044.0
V07412,Surface Carrez,Libre immediatement,Paris,Gobelins,75,Ile-de-France,T4,,108.7,2.0,0.0,F,636000.0,5851.0
V02810,Surface Carrez,Libre immediatement,Creteil,Centre Ancien,94,Ile-de-France,T2,,45.3,1.0,2.0,D,234000.0,5166.0
V07233,Surface habitable,Libre immediatement,Paris,Saint-Germain-des-Pres,75,Ile-de-France,T4,,93.4,2.0,1.0,D,1254000.0,13426.0
V10776,Surface Carrez,Libre immediatement,Paris,Gobelins,75,Ile-de-France,T1,,27.8,1.0,0.0,B,215000.0,7734.0
V13081,Surface Carrez,Libre immediatement,Massy,Opera,91,Ile-de-France,Maison 5 pieces,,89.6,2.0,0.0,F,272000.0,3036.0
V00090,Surface Carrez,Libre immediatement,Creteil,Echat,94,Ile-de-France,T4,Le Hameau Verte,117.8,3.0,2.0,C,359000.0,3048.0
V07565,Surface Carrez,Libre immediatement,Paris,Bercy,75,Ile-de-France,T3,Carre Verte,82.3,2.0,1.0,D,617000.0,7497.0
V10753,Surface Carrez,Libre immediatement,Bobigny,Etoile,93,Ile-de-France,T4,Les Jardins des Lilas,67.3,1.0,1.0,E,192000.0,2853.0
V09039,Surface Carrez,mars-2027,Mantes-la-Jolie,Centre-Ville,78,Ile-de-France,Maison 3 pieces,Cour des Acacias,80.4,1.0,0.0,B,224000.0,2786.0
V14157,Surface Carrez,Libre immediatement,Antony,Pajeaud,92,Ile-de-France,T3,Le Hameau des Acacias,75.2,1.0,1.0,B,402000.0,5346.0
V04191,Surface Carrez,Libre immediatement,Saint-Denis,Pleyel,93,Ile-de-France,T1,Le Clos Cristal,31,1.0,1.0,D,107000.0,3452.0
V12834,Surface Carrez,oct-2029,Montrouge,Portes de Montrouge,92,Ile-de-France,T3,Residence Symphonie,82.1,2.0,0.0,A,625000.0,7613.0
V06016,Surface Carrez,Libre immediatement,Paris,Montmartre,75,Ile-de-France,T2,Le Domaine du Parc,55.2,1.0,0.0,G,351000.0,6359.0
V05182,Surface Carrez,Libre immediatement,Levallois-Perret,Collange,92,Ile-de-France,T2,Les Terrasses Symphonie,44.5,1.0,,D,285000.0,6404.0
V14751,Surface Carrez,mars-2027,Paris,Porte de Clignancourt,75,Ile-de-France,T3,Residence Riviera,66.7,2.0,1.0,B,499000.0,7481.0
V13349,Surface Carrez,Libre immediatement,Paris,Belleville,75,Ile-de-France,T4,,78.1,3.0,1.0,C,622000.0,7964.0
V14218,Surface habitable,mai-2028,Cergy,Axe Majeur,95,Ile-de-France,T4,Le Domaine Opale,119.1,2.0,0.0,B,338000.0,2838.0
V06936,Surface Carrez,Libre immediatement,Creteil,Mont-Mesly,94,Ile-de-France,T2,,37.2,1.0,0.0,D,121000.0,3253.0
V09765,Surface Carrez,Libre immediatement,Paris,Le Marais,75,Ile-de-France,T1,Le Parc Voltaire,25.2,1.0,0.0,E,323000.0,12817.0
V03668,Surface Carrez,juil-2027,Paris,Montmartre,75,Ile-de-France,T4,Le Parc Concorde,96,1.0,2.0,C,976000.0,10167.0
V14957,Surface utile,Libre immediatement,Aubervilliers,Fort d'Aubervilliers,93,Ile-de-France,T4,Residence Montaigne,119.9,2.0,1.0,F,324000.0,2702.0
V04060,Surface Carrez,Libre immediatement,Creteil,Lac,94,Ile-de-France,T2,,33.3,1.0,0.0,D,137000.0,4114.0
V05051,Surface Carrez,juin-2029,Saint-Denis,Pleyel,93,Ile-de-France,T5,Cour Beausejour,100.7,3.0,0.0,A,443000.0,4399.0
V11870,Surface Carrez,Libre immediatement,Argenteuil,Centre-Ville,95,Ile-de-France,T4,Le Parc Horizon,94.2,2.0,2.0,E,292000.0,3100.0
V04594,Surface utile,Libre immediatement,Neuilly-sur-Seine,Sablons,92,Ile-de-France,T4,Les Jardins Montaigne,87.1,1.0,0.0,C,798000.0,9162.0
V12850,Surface Carrez,Libre immediatement,Meaux,Centre-Ville,77,Ile-de-France,T2,Carre Horizon,35.3,1.0,0.0,A,87000.0,2465.0
V07489,Surface Carrez,Libre immediatement,Paris,Saint-Germain-des-Pres,75,Ile-de-France,T3,Le Domaine Cristal,68.8,1.0,0.0,C,1040000.0,15116.0
V07933,Surface Carrez,Libre immediatement,Paris,Champ-de-Mars,75,Ile-de-France,T2,Cour Voltaire,38.1,1.0,1.0,D,469000.0,12310.0
V06802,Surface Carrez,Libre immediatement,Paris,Porte de Clignancourt,75,Ile-de-France,T4,,77.8,3.0,0.0,E,485000.0,6234.0
V12065,Surface habitable,oct-2026,Vitry-sur-Seine,Centre-Ville,94,Ile-de-France,T3,Le Domaine Latitude,80.1,1.0,0.0,A,445000.0,5556.0
V06781,Surface Carrez,Libre immediatement,Boulogne-Billancourt,Billancourt,92,Ile-de-France,T2,Le Clos Verte,41.3,1.0,0.0,D,288000.0,6973.0
V14366,Surface Carrez,Libre immediatement,Montreuil,Croix de Chavaux,93,Ile-de-France,T3,,53.2,2.0,1.0,E,224000.0,4211.0
V13843,Surface Carrez,Libre immediatement,Massy,Vilmorin,91,Ile-de-France,T2,Carre Symphonie,49.6,1.0,0.0,,145000.0,2923.0
V03296,Surface Carrez,Libre immediatement,Antony,Croix de Berny,92,Ile-de-France,T3,,57.2,1.0,0.0,D,298000.0,5210.0
V12591,Surface Carrez,Libre immediatement,Issy-les-Moulineaux,Fort d'Issy,92,Ile-de-France,T3,Le Domaine Latitude,69.2,1.0,0.0,C,470000.0,6792.0
V02435,Surface Carrez,Libre immediatement,Montreuil,Bel-Air,93,Ile-de-France,T6,Le Clos Montaigne,166,3.0,2.0,B,614000.0,3699.0
V10040,Surface Carrez,Libre immediatement,Saint-Germain-en-Laye,Alsace,78,Ile-de-France,T4,Carre Symphonie,116.2,3.0,0.0,C,733000.0,6308.0
V09448,Surface Carrez,Libre immediatement,Creteil,Mont-Mesly,94,Ile-de-France,T4,,76.3,1.0,0.0,C,235000.0,3080.0
V08571,Surface Carrez,Libre immediatement,Paris,Montmartre,75,Ile-de-France,T3,,67.9,1.0,1.0,E,682000.0,10044.0
V06394,Surface habitable,Libre immediatement,Paris,Saint-Germain-des-Pres,75,Ile-de-France,T6,,117.5,3.0,0.0,G,1232000.0,10485.0
V08768,Surface Carrez,Libre immediatement,Paris,Batignolles,75,Ile-de-France,T4,,103.6,2.0,2.0,D,926000.0,8938.0
V03186,Surface Carrez,sept-2026,Paris,Vaugirard,75,Ile-de-France,T3,Cour Belvedere,49.6,2.0,1.0,B,526000.0,10605.0
V14355,Surface Carrez,avr-2027,Paris,La Muette,75,Ile-de-France,T5,Villa Symphonie,122,3.0,1.0,A,1609000.0,13189.0
V01425,Surface habitable,Libre immediatement,Paris,Vaugirard,75,Ile-de-France,T2,,37.3,1.0,0.0,D,316000.0,8472.0
V13182,Surface Carrez,Libre immediatement,Saint-Denis,Grand Centre,93,Ile-de-France,T2,Les Allees Montaigne,49.3,1.0,0.0,F,109000.0,2211.0
V10324,Surface Carrez,Libre immediatement,Massy,Vilmorin,91,Ile-de-France,Maison 3 pieces,,104,1.0,0.0,D,284000.0,2731.0
V04550,Surface habitable,Libre immediatement,Ivry-sur-Seine,Petit-Ivry,94,Ile-de-France,Maison 3 pieces,Les Terrasses Bellevue,68.7,2.0,1.0,C,250000.0,3639.0
V11018,Surface Carrez,Libre immediatement,Boulogne-Billancourt,Point du Jour,92,Ile-de-France,T2,Cour Concorde,66.2,1.0,2.0,B,492000.0,7432.0
V05087,Surface habitable,Libre immediatement,Meaux,Colbert,77,Ile-de-France,T3,Villa Cristal,84.5,2.0,1.0,B,170000.0,2012.0
V00003,Surface Carrez,Libre immediatement,Melun,Montaigu,77,Ile-de-France,T5,,81.6,3.0,2.0,D,173000.0,2120.0
V14676,Surface Carrez,Libre immediatement,Paris,La Muette,75,Ile-de-France,T1,,21.3,1.0,1.0,D,222000.0,10423.0
V06096,Surface habitable,Libre immediatement,Saint-Germain-en-Laye,Bel-Air,78,Ile-de-France,T4,,101.3,2.0,0.0,E,548000.0,5410.0
V12142,Surface Carrez,Libre immediatement,Paris,Porte de Clignancourt,75,Ile-de-France,T1,,32.1,1.0,0.0,E,221000.0,6885.0
V11772,Surface au sol,mai-2027,Versailles,Porchefontaine,78,Ile-de-France,Maison 7 pieces,Cour du Lac,188.1,4.0,0.0,B,1322000.0,7028.0
V08173,Surface habitable,Libre immediatement,Saint-Germain-en-Laye,Hopital,78,Ile-de-France,T1,Villa d'Argent,29.4,1.0,1.0,C,201000.0,6837.0
V10718,Surface habitable,Libre immediatement,Paris,Buttes-Chaumont,75,Ile-de-France,T3,Le Clos Symphonie,51.7,1.0,,D,380000.0,7350.0
V02394,Surface Carrez,Libre immediatement,Paris,Batignolles,75,Ile-de-France,T4,Le Domaine Latitude,89.1,2.0,1.0,D,796000.0,8934.0
V11775,Surface Carrez,Libre immediatement,Nanterre,Parc Sud,92,Ile-de-France,T2,Villa du Parc,38.7,1.0,1.0,D,207000.0,5349.0
V01391,Surface Carrez,mai-2026,Paris,Buttes-Chaumont,75,Ile-de-France,T3,Esprit Voltaire,66.5,2.0,1.0,B,539000.0,8105.0
V13089,Surface habitable,Libre immediatement,Vitry-sur-Seine,Ardoines,94,Ile-de-France,T5,,118.3,3.0,0.0,F,379000.0,3204.0
V02606,Surface habitable,Libre immediatement,Paris,Vaugirard,75,Ile-de-France,T3,Carre Opale,66.1,2.0,2.0,C,593000.0,8971.0
V04525,Surface Carrez,Libre immediatement,Argenteuil,Coteaux,95,Ile-de-France,T6,Le Clos Bellevue,126.5,1.0,0.0,F,404000.0,3194.0
V01156,Surface Carrez,Libre immediatement,Paris,Saint-Germain-des-Pres,75,Ile-de-France,T1,,27.6,1.0,0.0,D,354000.0,12826.0
V02500,Surface Carrez,Libre immediatement,Paris,Buttes-Chaumont,75,Ile-de-France,T4,Les Terrasses Opale,88.5,3.0,1.0,C,588000.0,6644.0
V05083,Surface Carrez,Libre immediatement,Montrouge,Ferry-Jaures,92,Ile-de-France,T4,Le Hameau du Parc,76.4,3.0,3.0,E,551000.0,7212.0
V03538,Surface Carrez,Libre immediatement,Ivry-sur-Seine,Monmousseau,94,Ile-de-France,T5,Esprit Horizon,97,1.0,2.0,,385000.0,3969.0
V05253,Surface Carrez,Libre immediatement,Levallois-Perret,Front de Seine,92,Ile-de-France,T4,Esprit Latitude,81.7,1.0,2.0,C,814000.0,9963.0
V13131,Surface Carrez,Libre immediatement,Issy-les-Moulineaux,Val de Seine,92,Ile-de-France,T2,Villa du Parc,46.5,1.0,2.0,D,342000.0,7355.0
V10102,Surface habitable,Libre immediatement,Boulogne-Billancourt,Centre-Ville,92,Ile-de-France,T3,,69.7,2.0,1.0,C,575000.0,8250.0
V13673,Surface Carrez,Libre immediatement,Saint-Denis,La Plaine,93,Ile-de-France,T4,,75 - 90,2.0,1.0,E,274000.0,
V13254,Surface Carrez,sept-2027,Issy-les-Moulineaux,Val de Seine,92,Ile-de-France,T2,Les Allees Bellevue,62.8,1.0,2.0,A,621000.0,9889.0
V10828,Surface Carrez,Libre immediatement,Paris,Vaugirard,75,Ile-de-France,T6,,169.1,3.0,2.0,D,1307000.0,7729.0
V12342,Surface Carrez,Libre immediatement,Mantes-la-Jolie,Val Fourre,78,Ile-de-France,T2,Les Jardins Montaigne,31.1,1.0,0.0,B,53000.0,1704.0
V12392,Surface Carrez,Libre immediatement,Paris,Buttes-Chaumont,75,Ile-de-France,T3,Les Terrasses des Chenes,56.1,2.0,1.0,D,427000.0,7611.0
V10046,Surface Carrez,Libre immediatement,Melun,Centre-Ville,77,Ile-de-France,T3,,65.6,1.0,2.0,D,186000.0,2835.0
V08087,Surface habitable,Libre immediatement,Paris,Le Marais,75,Ile-de-France,T4,,77.2,3.0,0.0,E,808000.0,10466.0
V12235,Surface utile,Libre immediatement,Neuilly-sur-Seine,Village,92,Ile-de-France,T2,,34.1,1.0,0.0,D,366000.0,10733.0
V08364,Surface Carrez,mai-2026,Paris,Champ-de-Mars,75,Ile-de-France,T6,Le Domaine Opale,190.1,3.0,3.0,C,3468000.0,18243.0
V06966,Surface habitable,Libre immediatement,Issy-les-Moulineaux,Fort d'Issy,92,Ile-de-France,T3,Les Jardins Beausejour,62.5,1.0,1.0,D,411000.0,6576.0
V02195,Surface habitable,Libre immediatement,Neuilly-sur-Seine,Sablons,92,Ile-de-France,T1,,17.7,1.0,0.0,C,249000.0,14068.0
V00684,Surface utile,Libre immediatement,Aubervilliers,Landy,93,Ile-de-France,T5,Le Hameau Latitude,147.2,1.0,1.0,E,702000.0,4769.0
V14277,Surface Carrez,Libre immediatement,Creteil,Lac,94,Ile-de-France,T3,,81.5,2.0,0.0,A,364000.0,4466.0
V14709,Surface au sol,Libre immediatement,Nanterre,Universite,92,Ile-de-France,Maison 4 pieces,,91.3,3.0,2.0,D,371000.0,4064.0
V12751,Surface Carrez,Libre immediatement,Paris,Belleville,75,Ile-de-France,T5,Le Clos Riviera,121.4,2.0,0.0,D,1048000.0,8633.0
V07388,Surface Carrez,Libre immediatement,Saint-Denis,La Plaine,93,Ile-de-France,T2,Le Clos Belvedere,31.8,1.0,2.0,E,88000.0,2767.0
V04667,Surface Carrez,Libre immediatement,Saint-Denis,Basilique,93,Ile-de-France,T4,,119.4,2.0,1.0,,334000.0,2797.0
V02261,Surface Carrez,Libre immediatement,Boulogne-Billancourt,Rives de Seine,92,Ile-de-France,T3,,59.5,1.0,1.0,A,599000.0,10067.0
V05434,Surface habitable,Libre immediatement,Bobigny,Pont de Bondy,93,Ile-de-France,T5,,154.1,2.0,0.0,F,504000.0,3271.0
V00757,Surface Carrez,Libre immediatement,Neuilly-sur-Seine,Bagatelle,92,Ile-de-France,T3,,79.4,2.0,1.0,B,878000.0,11058.0
V11387,Surface Carrez,juil-2028,Montreuil,Bel-Air,93,Ile-de-France,Maison 4 pieces,Esprit Opale,86,1.0,1.0,C,423000.0,4919.0
V12442,Surface Carrez,Libre immediatement,Levallois-Perret,Eiffel,92,Ile-de-France,T3,Le Parc Saint-Martin,58.9,2.0,0.0,D,493000.0,8370.0
V06843,Surface habitable,juil-2029,Montreuil,Mairie,93,Ile-de-France,T1,Villa du Parc,23,1.0,1.0,A,117000.0,5087.0
V06322,Surface Carrez,dec-2027,Paris,Vaugirard,75,Ile-de-France,T3,Les Terrasses Voltaire,"65,3",2.0,2.0,B,694000.0,10628.0
V02391,Surface Carrez,Libre immediatement,Antony,Pajeaud,92,Ile-de-France,T2,,35.2,1.0,0.0,B,173000.0,4915.0
V02625,Surface Carrez,Libre immediatement,Paris,Vaugirard,75,Ile-de-France,T4,,82.4,1.0,2.0,D,790000.0,9587.0
V01505,Surface Carrez,Libre immediatement,Issy-les-Moulineaux,Les Epinettes,92,Ile-de-France,T3,,77.4,2.0,1.0,E,527000.0,6809.0
V06065,Surface habitable,sept-2027,Versailles,Chantiers,78,Ile-de-France,T4,Esprit des Lilas,74.8,3.0,1.0,A,500000.0,6684.0
V13627,Surface Carrez,Libre immediatement,Paris,Belleville,75,Ile-de-France,T3,Cour du Lac,76.6,2.0,0.0,C,678000.0,8851.0
V13694,Surface utile,Libre immediatement,Vincennes,Republique,94,Ile-de-France,T4,Villa Belvedere,123.6,2.0,2.0,D,836000.0,6764.0
V11585,Surface Carrez,Libre immediatement,Paris,Le Marais,75,Ile-de-France,T3,Le Hameau Montaigne,66.3,2.0,0.0,D,844000.0,12730.0
V09180,Surface habitable,Libre immediatement,Paris,Batignolles,75,Ile-de-France,T2,Le Clos Latitude,43.5,1.0,1.0,E,372000.0,8552.0
V02832,Surface Carrez,Libre immediatement,Paris,Buttes-Chaumont,75,Ile-de-France,T5,,145,3.0,1.0,D,1032000.0,7117.0
V04949,Surface Carrez,Libre immediatement,Vincennes,Republique,94,Ile-de-France,T3,Les Terrasses Latitude,51.6,1.0,1.0,D,347000.0,6725.0
V13675,Surface utile,Libre immediatement,Paris,Le Marais,75,Ile-de-France,T3,Esprit Voltaire,66,1.0,2.0,F,637000.0,9652.0
V02850,Surface Carrez,mars-2027,Versailles,Notre-Dame,78,Ile-de-France,T3,Les Jardins des Acacias,67.6,1.0,1.0,A,534000.0,7899.0
V02041,Surface Carrez,Libre immediatement,Paris,Buttes-Chaumont,75,Ile-de-France,T4,Les Terrasses du Parc,98.5,3.0,1.0,C,665000.0,6751.0
V09845,Surface utile,Libre immediatement,Paris,Bercy,75,Ile-de-France,T3,Villa Concorde,48.1,2.0,2.0,D,435000.0,9044.0
V00224,Surface habitable,Libre immediatement,Levallois-Perret,Centre,92,Ile-de-France,T4,,82,3.0,3.0,D,983000.0,11988.0
V02070,Surface Carrez,Libre immediatement,Meaux,Centre-Ville,77,Ile-de-France,T3,,69.9,2.0,0.0,B,161000.0,2303.0
V12541,Surface Carrez,Libre immediatement,Massy,Villaine,91,Ile-de-France,T3,,80.9,2.0,2.0,E,279000.0,3449.0
V00816,Surface Carrez,Libre immediatement,Paris,Belleville,75,Ile-de-France,T2,,45.8,1.0,2.0,D,323000.0,7052.0
V04877,Surface Carrez,Libre immediatement,Saint-Denis,La Plaine,93,Ile-de-France,T4,,81.7,2.0,1.0,D,213000.0,2607.0
V04710,Surface Carrez,avr-2026,Issy-les-Moulineaux,Corentin Celton,92,Ile-de-France,T3,Le Clos des Lilas,64.6,2.0,1.0,B,699000.0,10820.0
V00669,Surface Carrez,nov-2027,Boulogne-Billancourt,Centre-Ville,92,Ile-de-France,T5,Le Hameau Latitude,99.1,2.0,1.0,B,1144000.0,11544.0
V12039,Surface habitable,Libre immediatement,Paris,Bercy,75,Ile-de-France,T3,Esprit Verte,88,2.0,0.0,D,576000.0,6545.0
V05410,Surface Carrez,Libre immediatement,Paris,La Muette,75,Ile-de-France,T3,,75.9,2.0,1.0,D,906000.0,11937.0
V14055,Surface Carrez,oct-2028,Creteil,Centre Ancien,94,Ile-de-France,T2,Les Terrasses Saint-Martin,63.4,1.0,,A,385000.0,6073.0
V04514,Surface Carrez,Libre immediatement,Vincennes,Bois de Vincennes,94,Ile-de-France,T2,Carre Symphonie,62.6,1.0,0.0,E,490000.0,7827.0
V14874,Surface Carrez,dec-2027,Montreuil,Mairie,93,Ile-de-France,T3,Les Allees Horizon,90,2.0,0.0,B,478000.0,5311.0
V05924,Surface Carrez,Libre immediatement,Paris,Belleville,75,Ile-de-France,T2,Residence Latitude,47.3,1.0,0.0,C,297000.0,6279.0
V13538,Surface Carrez,Libre immediatement,Paris,Gobelins,75,Ile-de-France,T2,,37.5,1.0,0.0,D,375000.0,10000.0
V08585,Surface utile,Libre immediatement,Boulogne-Billancourt,Billancourt,92,Ile-de-France,T2,Le Hameau Riviera,39.9,1.0,0.0,C,316000.0,7920.0
V09213,Surface Carrez,Libre immediatement,Montreuil,Croix de Chavaux,93,Ile-de-France,T4,Le Clos Verte,80.6,2.0,1.0,C,412000.0,5112.0
V11748,Surface habitable,Libre immediatement,Issy-les-Moulineaux,Les Epinettes,92,Ile-de-France,T3,Residence Saint-Martin,66.1,1.0,1.0,F,348000.0,5265.0
V12020,Surface Carrez,Libre immediatement,Issy-les-Moulineaux,Fort d'Issy,92,Ile-de-France,T4,,61,3.0,,D,519000.0,8508.0
V03497,Surface habitable,Libre immediatement,Boulogne-Billancourt,Point du Jour,92,Ile-de-France,T1,,25.8,1.0,1.0,A,202000.0,7829.0
V00362,Surface habitable,Libre immediatement,Paris,Belleville,75,Ile-de-France,T3,Les Allees Verte,53.6,2.0,2.0,D,360000.0,6716.0
V06499,Surface habitable,Libre immediatement,Paris,Le Marais,75,Ile-de-France,T2,,42,1.0,1.0,D,613000.0,14595.0
V13693,Surface Carrez,Libre immediatement,Boulogne-Billancourt,Point du Jour,92,Ile-de-France,T2,,31.5,1.0,2.0,C,220000.0,6984.0
V08208,Surface Carrez,Libre immediatement,Paris,Montmartre,75,Ile-de-France,T3,Les Jardins des Chenes,66.8,1.0,0.0,D,616000.0,9222.0
V01619,Surface Carrez,Libre immediatement,Levallois-Perret,Collange,92,Ile-de-France,T3,,81.2,1.0,1.0,C,572000.0,7044.0
V07423,Surface utile,Libre immediatement,Boulogne-Billancourt,Centre-Ville,92,Ile-de-France,T3,Le Clos Latitude,68.6,1.0,0.0,E,593000.0,8644.0
V11246,Surface habitable,Libre immediatement,Paris,Le Marais,75,Ile-de-France,T3,Residence Montaigne,62.7,2.0,1.0,D,610000.0,9729.0
V14526,Surface Carrez,Libre immediatement,Paris,La Muette,75,Ile-de-France,T3,Le Parc des Lilas,51.6,2.0,1.0,C,623000.0,12074.0
V13555,Surface Carrez,janv-2028,Paris,Montmartre,75,Ile-de-France,T3,Le Parc Belvedere,67.3,2.0,1.0,A,759000.0,11278.0
V05408,Surface Carrez,Libre immediatement,Paris,Vaugirard,75,Ile-de-France,T3,Residence Symphonie,72.5,2.0,1.0,F,517000.0,7131.0
V05216,Surface Carrez,Libre immediatement,Neuilly-sur-Seine,Village,92,Ile-de-France,T2,Le Parc Opale,46.7,1.0,0.0,D,390000.0,8351.0
V10663,Surface Carrez,mars-2028,Montreuil,Mairie,93,Ile-de-France,Maison 5 pieces,Le Domaine Montaigne,112.9,3.0,2.0,A,531000.0,4703.0
V05928,Surface Carrez,juil-2028,Paris,Porte de Clignancourt,75,Ile-de-France,T3,Villa Verte,63.8,1.0,0.0,B,514000.0,8056.0
V00359,Surface Carrez,janv-2028,Paris,Le Marais,75,Ile-de-France,T1,Le Parc d'Argent,26.5,1.0,0.0,A,408000.0,15396.0
V11539,Surface Carrez,Libre immediatement,Paris,La Muette,75,Ile-de-France,T4,,76.8,1.0,3.0,D,829000.0,10794.0
V13091,Surface habitable,Libre immediatement,Boulogne-Billancourt,Parchamp,92,Ile-de-France,T2,Les Allees Riviera,42.2,1.0,1.0,E,398000.0,9431.0
V11615,Surface Carrez,Libre immediatement,Paris,Saint-Germain-des-Pres,75,Ile-de-France,T1,,24.3,1.0,0.0,B,282000.0,11605.0
V12480,Surface Carrez,Libre immediatement,Noisy-le-Grand,Centre-ville,93,Ile-de-France,Maison 3 pieces,,71.4,1.0,0.0,E,254000.0,3557.0
V03831,Surface Carrez,Libre immediatement,Evry-Courcouronnes,Le Canal,91,Ile-de-France,T2,,59.8,1.0,1.0,F,113000.0,1890.0
V09777,Surface Carrez,Libre immediatement,Saint-Germain-en-Laye,Alsace,78,Ile-de-France,T4,Carre Riviera,99,1.0,,D,584000.0,5899.0
V09999,Surface Carrez,Libre immediatement,Vitry-sur-Seine,Ardoines,94,Ile-de-France,T2,Villa du Parc,48.7,1.0,2.0,E,173000.0,3552.0
V13218,Surface Carrez,Libre immediatement,Levallois-Perret,Eiffel,92,Ile-de-France,T3,,66.6,1.0,1.0,E,451000.0,6772.0
V04097,Surface Carrez,Libre immediatement,Saint-Denis,La Plaine,93,Ile-de-France,T2,,47.7,1.0,0.0,E,127000.0,2662.0
V11012,Surface utile,juin-2026,Versailles,Chantiers,78,Ile-de-France,T4,Le Hameau Bellevue,98.9,2.0,1.0,A,726000.0,7341.0
V09088,Surface Carrez,aout-2026,Vitry-sur-Seine,Ardoines,94,Ile-de-France,T3,Cour Saint-Martin,72.5,2.0,2.0,A,254000.0,3503.0
V14064,Surface Carrez,Libre immediatement,Paris,Belleville,75,Ile-de-France,T4,Le Parc Verte,86,3.0,0.0,D,632000.0,7349.0
V01865,Surface Carrez,Libre immediatement,Cergy,Cergy-le-Haut,95,Ile-de-France,T4,Villa du Lac,105.5,3.0,3.0,D,361000.0,3422.0
V01310,Surface Carrez,Libre immediatement,Argenteuil,Orgemont,95,Ile-de-France,T2,,38.8,1.0,,G,89000.0,2294.0
V10727,Surface Carrez,Libre immediatement,Montrouge,Portes de Montrouge,92,Ile-de-France,T2,Le Hameau Bellevue,44.9,1.0,0.0,C,274000.0,6102.0
V14315,Surface Carrez,janv-2028,Paris,Belleville,75,Ile-de-France,T4,Cour Riviera,55.9,2.0,0.0,C,496000.0,8873.0
V06738,Surface Carrez,Libre immediatement,Montrouge,Ferry-Jaures,92,Ile-de-France,T1,Le Domaine des Lilas,34.7,1.0,0.0,C,239000.0,6888.0
V09305,Surface Carrez,Libre immediatement,Bobigny,Centre-ville,93,Ile-de-France,T4,Esprit des Lilas,78.1,3.0,2.0,D,258000.0,3303.0
V03088,Surface Carrez,Libre immediatement,Paris,Montmartre,75,Ile-de-France,T4,Le Hameau Opale,84.4,3.0,1.0,E,811000.0,9609.0
V02804,Surface Carrez,Libre immediatement,Paris,Porte de Clignancourt,75,Ile-de-France,T6,Esprit Opale,135.7,3.0,0.0,F,828000.0,6102.0
V02263,Surface utile,Libre immediatement,Creteil,Lac,94,Ile-de-France,T2,Les Allees Voltaire,33.5,1.0,0.0,E,135000.0,4030.0
V05386,Surface au sol,fevr-2029,Paris,La Muette,75,Ile-de-France,Maison 4 pieces,Residence des Chenes,99.1,3.0,0.0,B,1309000.0,13209.0
V09675,Surface habitable,aout-2026,Paris,Bercy,75,Ile-de-France,T3,Villa Beausejour,88.7,1.0,0.0,B,920000.0,10372.0
V03209,Surface Carrez,Libre immediatement,Antony,Pajeaud,92,Ile-de-France,T3,Villa Opale,73.7,2.0,2.0,B,354000.0,4803.0
V08315,Surface Carrez,sept-2028,Neuilly-sur-Seine,Saint-James,92,Ile-de-France,T5,Le Hameau des Lilas,83.2,3.0,1.0,B,1115000.0,13401.0
V04604,Surface Carrez,Libre immediatement,Aubervilliers,Fort d'Aubervilliers,93,Ile-de-France,T3,Villa Belvedere,75.4,2.0,1.0,E,185000.0,2454.0
V03963,Surface Carrez,Libre immediatement,Paris,Batignolles,75,Ile-de-France,T2,,46.3,1.0,1.0,C,444000.0,9590.0
V10299,Surface Carrez,Libre immediatement,Montreuil,Ruffins,93,Ile-de-France,T4,,92.4,3.0,1.0,,323000.0,3496.0
V11925,Surface Carrez,Libre immediatement,Paris,Champ-de-Mars,75,Ile-de-France,T4,Le Parc des Chenes,85.1,2.0,1.0,F,957000.0,11246.0
V10026,Surface Carrez,Libre immediatement,Massy,Atlantis,91,Ile-de-France,T3,,74.2,2.0,0.0,E,246000.0,3315.0
V00594,Surface habitable,Libre immediatement,Versailles,Saint-Louis,78,Ile-de-France,T5,Les Allees du Parc,102.2,2.0,1.0,E,535000.0,5235.0
V05329,Surface habitable,Libre immediatement,Paris,Vaugirard,75,Ile-de-France,T4,Cour Verte,80.3,3.0,1.0,C,796000.0,9913.0
V10963,Surface Carrez,nov-2028,Paris,Bercy,75,Ile-de-France,T4,Residence Riviera,60.9,3.0,0.0,A,592000.0,9721.0
V06705,Surface Carrez,Libre immediatement,Melun,Almont,77,Ile-de-France,T5,Les Terrasses Belvedere,157.5,2.0,2.0,D,368000.0,2337.0
V03756,Surface Carrez,Libre immediatement,Paris,La Muette,75,Ile-de-France,T5,,111.3,3.0,3.0,C,1211000.0,10881.0
V10824,Surface habitable,Libre immediatement,Saint-Denis,La Plaine,93,Ile-de-France,T3,,103.5,1.0,0.0,B,340000.0,3285.0
V02359,Surface au sol,Libre immediatement,Argenteuil,Centre-Ville,95,Ile-de-France,Maison 5 pieces,,108,4.0,1.0,C,312000.0,2889.0
V13595,Surface Carrez,Libre immediatement,Boulogne-Billancourt,Parchamp,92,Ile-de-France,T2,Les Terrasses Concorde,62,1.0,0.0,D,564000.0,9097.0
V05219,Surface Carrez,Libre immediatement,Paris,Belleville,75,Ile-de-France,T3,,55.6,2.0,0.0,C,463000.0,8327.0
V01089,Surface Carrez,Libre immediatement,Argenteuil,Val d'Argent,95,Ile-de-France,T3,Les Jardins des Lilas,72.8,1.0,0.0,D,170000.0,2335.0
V13506,Surface Carrez,Libre immediatement,Melun,Almont,77,Ile-de-France,T4,,91.7,2.0,1.0,C,189000.0,2061.0
V10946,Surface Carrez,Libre immediatement,Paris,Le Marais,75,Ile-de-France,T2,,53,1.0,1.0,C,744000.0,14038.0
V01626,Surface Carrez,Libre immediatement,Paris,Buttes-Chaumont,75,Ile-de-France,T2,,34,1.0,1.0,D,297000.0,8735.0
V01365,Surface Carrez,Libre immediatement,Paris,Bercy,75,Ile-de-France,T4,Les Allees Opale,83.8,3.0,0.0,D,665000.0,7936.0
V08800,Surface Carrez,Libre immediatement,Boulogne-Billancourt,Billancourt,92,Ile-de-France,T3,,82.5,,0.0,C,648000.0,7855.0
V09365,Surface Carrez,fevr-2029,Vincennes,Republique,94,Ile-de-France,T1,Esprit Bellevue,24.3,1.0,1.0,A,228000.0,9383.0
V09414,Surface Carrez,Libre immediatement,Paris,Vaugirard,75,Ile-de-France,T2,Les Allees Verte,46 - 54,1.0,0.0,B,452000.0,
V06725,Surface Carrez,Libre immediatement,Boulogne-Billancourt,Rives de Seine,92,Ile-de-France,T2,Les Terrasses Opale,53,1.0,1.0,B,443000.0,8358.0
V04447,Surface Carrez,Libre immediatement,Neuilly-sur-Seine,Sablons,92,Ile-de-France,T4,,78.8,2.0,1.0,D,748000.0,9492.0
V09055,Surface Carrez,avr-2028,Boulogne-Billancourt,Point du Jour,92,Ile-de-France,T4,Carre Opale,80.8,2.0,1.0,B,730000.0,9035.0
V13073,Surface Carrez,Libre immediatement,Boulogne-Billancourt,Rives de Seine,92,Ile-de-France,T3,Les Allees Cristal,55.9,2.0,2.0,D,520000.0,9302.0
V04737,Surface habitable,Libre immediatement,Issy-les-Moulineaux,Fort d'Issy,92,Ile-de-France,T4,Les Terrasses Cristal,75.3,1.0,2.0,E,610000.0,8101.0
V08246,Surface Carrez,Libre immediatement,Paris,Buttes-Chaumont,75,Ile-de-France,T4,,62.1,2.0,1.0,D,384000.0,6184.0
V09527,Surface utile,Libre immediatement,Versailles,Montreuil,78,Ile-de-France,T4,Carre du Parc,99,1.0,0.0,E,492000.0,4970.0
V05082,Surface Carrez,Libre immediatement,Paris,Bercy,75,Ile-de-France,T4,,81.9,3.0,0.0,D,632000.0,7717.0
V13710,Surface Carrez,Libre immediatement,Levallois-Perret,Front de Seine,92,Ile-de-France,T6,,117.9,3.0,1.0,C,1274000.0,10806.0
V02650,Surface Carrez,mars-2028,Paris,Le Marais,75,Ile-de-France,T6,Villa Belvedere,148.9,3.0,1.0,A,2285000.0,15346.0
V07814,Surface Carrez,Libre immediatement,Paris,Vaugirard,75,Ile-de-France,T3,Cour des Lilas,69,1.0,0.0,B,760000.0,11014.0
V07404,Surface Carrez,sept-2028,Aubervilliers,Villette-Quatre-Chemins,93,Ile-de-France,T2,Le Domaine Belvedere,37,1.0,1.0,A,173000.0,4676.0
V12973,Surface Carrez,Libre immediatement,Vincennes,Centre-Ville,94,Ile-de-France,T4,,83.5,3.0,0.0,C,613000.0,7341.0
V14941,Surface Carrez,Libre immediatement,Boulogne-Billancourt,Point du Jour,92,Ile-de-France,T4,Cour Opale,88.9,3.0,3.0,D,737000.0,8290.0
V10271,Surface Carrez,Libre immediatement,Paris,Belleville,75,Ile-de-France,T3,Les Terrasses Symphonie,96.5,2.0,1.0,F,616000.0,6383.0
V09113,Surface habitable,Libre immediatement,Paris,Gobelins,75,Ile-de-France,T3,,45.6,1.0,0.0,D,368000.0,8070.0
V04859,Surface Carrez,Libre immediatement,Bobigny,Etoile,93,Ile-de-France,T5,Les Terrasses Symphonie,142,3.0,1.0,E,500000.0,3521.0
V04926,Surface Carrez,Libre immediatement,Creteil,Lac,94,Ile-de-France,T4,,88.4,3.0,0.0,C,388000.0,4389.0
V09967,Surface au sol,Libre immediatement,Nanterre,Petit-Nanterre,92,Ile-de-France,Maison 5 pieces,Le Parc des Chenes,95.3,4.0,0.0,E,362000.0,3799.0
V12052,Surface habitable,juin-2028,Saint-Denis,Basilique,93,Ile-de-France,T3,Le Clos Belvedere,60.8,2.0,0.0,B,213000.0,3503.0
V11571,Surface Carrez,Libre immediatement,Melun,Saint-Aspais,77,Ile-de-France,T2,Les Allees Symphonie,48.1,1.0,2.0,D,132000.0,2744.0
V11447,Surface Carrez,Libre immediatement,Issy-les-Moulineaux,Fort d'Issy,92,Ile-de-France,T4,,97.5,3.0,,G,610000.0,6256.0
V10981,Surface Carrez,aout-2029,Montreuil,Mairie,93,Ile-de-France,T4,Esprit du Parc,62.6,3.0,0.0,B,391000.0,6246.0
V10682,Surface Carrez,mai-2028,Argenteuil,Centre-Ville,95,Ile-de-France,T3,Le Parc Latitude,75.4,2.0,2.0,C,246000.0,3263.0
V05261,Surface Carrez,Libre immediatement,Nanterre,Petit-Nanterre,92,Ile-de-France,T3,,68.7,2.0,1.0,C,363000.0,5284.0
V06017,Surface habitable,Libre immediatement,Massy,Villaine,91,Ile-de-France,T4,Cour Belvedere,89.3,2.0,1.0,B,366000.0,4099.0
V04354,Surface Carrez,Libre immediatement,Bobigny,Abreuvoir,93,Ile-de-France,T2,,44,1.0,2.0,D,123000.0,2795.0
V12074,Surface habitable,Libre immediatement,Paris,Champ-de-Mars,75,Ile-de-France,T2,Le Parc Cristal,44,1.0,1.0,D,546000.0,12409.0
V04770,Surface habitable,Libre immediatement,Saint-Denis,La Plaine,93,Ile-de-France,T3,Le Domaine d'Argent,58.6,2.0,,E,183000.0,3123.0
V06142,Surface utile,Libre immediatement,Paris,Vaugirard,75,Ile-de-France,T4,Residence Belvedere,83,1.0,1.0,D,795000.0,9578.0
V08081,Surface Carrez,Libre immediatement,Noisy-le-Grand,Butte Verte,93,Ile-de-France,T5,,118.2,3.0,0.0,E,387000.0,3274.0
V06450,Surface Carrez,Libre immediatement,Creteil,Mont-Mesly,94,Ile-de-France,T3,,56.2,1.0,1.0,A,168000.0,2989.0
V08754,Surface Carrez,Libre immediatement,Levallois-Perret,Collange,92,Ile-de-France,T3,Le Parc Cristal,77.5,1.0,0.0,C,619000.0,7987.0
V13741,Surface Carrez,Libre immediatement,Paris,Bercy,75,Ile-de-France,T4,,78.4,2.0,0.0,D,602000.0,7679.0
V03235,Surface habitable,Libre immediatement,Melun,Centre-Ville,77,Ile-de-France,T3,Le Parc Concorde,73.8,1.0,1.0,D,180000.0,2439.0
V01278,Surface Carrez,Libre immediatement,Versailles,Notre-Dame,78,Ile-de-France,T4,Les Allees Saint-Martin,100.1,3.0,1.0,C,541000.0,5405.0
V09295,Surface Carrez,mai-2027,Paris,Batignolles,75,Ile-de-France,T3,Les Jardins du Parc,101.6,2.0,,B,999000.0,9833.0
V12586,Surface Carrez,juil-2029,Paris,Montmartre,75,Ile-de-France,T4,Les Allees Belvedere,98.4,3.0,1.0,B,1082000.0,10996.0
V02881,Surface habitable,Libre immediatement,Vincennes,Republique,94,Ile-de-France,T3,Le Domaine du Parc,53.6,2.0,0.0,G,215000.0,4011.0
V10463,Surface Carrez,Libre immediatement,Issy-les-Moulineaux,Corentin Celton,92,Ile-de-France,T2,Le Clos Opale,50.8,1.0,0.0,E,403000.0,7933.0
V03751,Surface Carrez,Libre immediatement,Montreuil,Croix de Chavaux,93,Ile-de-France,T4,Les Terrasses Verte,92.6,3.0,0.0,E,410000.0,4428.0
V04493,Surface Carrez,Libre immediatement,Paris,Champ-de-Mars,75,Ile-de-France,T3,Les Allees des Lilas,85.8,2.0,0.0,F,1135000.0,13228.0
V04659,Surface habitable,Libre immediatement,Paris,Bercy,75,Ile-de-France,T5,Residence Opale,124.7,3.0,1.0,C,932000.0,7474.0
V06537,Surface Carrez,Libre immediatement,Ivry-sur-Seine,Monmousseau,94,Ile-de-France,T4,,63.4,2.0,0.0,C,261000.0,4117.0
V09006,Surface Carrez,Libre immediatement,Paris,Champ-de-Mars,75,Ile-de-France,T2,Residence Bellevue,39.6,1.0,2.0,D,534000.0,13485.0
V02627,Surface habitable,Libre immediatement,Evry-Courcouronnes,Bois Sauvage,91,Ile-de-France,T4,Les Terrasses Cristal,99.2,3.0,0.0,C,272000.0,2742.0
V11117,Surface Carrez,Libre immediatement,Aubervilliers,Landy,93,Ile-de-France,T2,Les Terrasses d'Argent,46.7,1.0,0.0,D,180000.0,3854.0
V05765,Surface Carrez,Libre immediatement,Paris,La Muette,75,Ile-de-France,T5,,86.4,2.0,,G,682000.0,7894.0
V13718,Surface Carrez,Libre immediatement,Noisy-le-Grand,Centre-ville,93,Ile-de-France,T3,Les Terrasses Voltaire,71.8,1.0,2.0,D,288000.0,4011.0
V10881,Surface habitable,Libre immediatement,Montreuil,Croix de Chavaux,93,Ile-de-France,T3,,60.1,2.0,1.0,D,302000.0,5025.0
V13939,Surface Carrez,Libre immediatement,Paris,Bercy,75,Ile-de-France,T3,Le Hameau Beausejour,63.8,1.0,0.0,C,408000.0,6395.0
V09323,Surface Carrez,Libre immediatement,Paris,Le Marais,75,Ile-de-France,T3,,54.6,1.0,0.0,C,748000.0,13700.0
V04262,Surface habitable,Libre immediatement,Issy-les-Moulineaux,Corentin Celton,92,Ile-de-France,T5,Les Terrasses Verte,123.1,3.0,1.0,B,873000.0,7092.0
V06092,Surface habitable,Libre immediatement,Evry-Courcouronnes,Centre-Ville,91,Ile-de-France,T2,Le Hameau Beausejour,35.7,1.0,2.0,D,105000.0,2941.0
V02896,Surface Carrez,mai-2027,Paris,Le Marais,75,Ile-de-France,T3,Le Hameau Concorde,58.1,2.0,1.0,A,971000.0,16713.0
V09983,Surface Carrez,Libre immediatement,Paris,Saint-Germain-des-Pres,75,Ile-de-France,T5,,134.4,2.0,1.0,B,1612000.0,11994.0
V11884,Surface habitable,Libre immediatement,Antony,Pajeaud,92,Ile-de-France,T4,Le Hameau Bellevue,75.1,3.0,,D,423000.0,5632.0
V11216,Surface Carrez,Libre immediatement,Boulogne-Billancourt,Billancourt,92,Ile-de-France,T3,Carre Saint-Martin,58.5,2.0,0.0,C,439000.0,7504.0
V05176,Surface Carrez,Libre immediatement,Paris,Montmartre,75,Ile-de-France,T4,,76.6,3.0,0.0,D,752000.0,9817.0
V00351,Surface habitable,Libre immediatement,Paris,Le Marais,75,Ile-de-France,T3,,65.4,2.0,0.0,E,743000.0,11361.0
V10918,Surface Carrez,avr-2028,Paris,Porte de Clignancourt,75,Ile-de-France,T1,Le Hameau Montaigne,21.7,1.0,1.0,A,177000.0,8157.0
V11143,Surface utile,Libre immediatement,Antony,Les Baconnets,92,Ile-de-France,T2,Le Clos Concorde,43.7,1.0,1.0,C,251000.0,5744.0
V09147,Surface Carrez,Libre immediatement,Paris,Batignolles,75,Ile-de-France,T4,Le Domaine Saint-Martin,82.6,1.0,1.0,D,833000.0,10085.0
V13796,Surface utile,oct-2027,Paris,Saint-Germain-des-Pres,75,Ile-de-France,T2,Les Allees Latitude,31.1,1.0,0.0,C,485000.0,15595.0
V07635,Surface Carrez,Libre immediatement,Paris,Buttes-Chaumont,75,Ile-de-France,T5,,104.5,3.0,1.0,E,673000.0,6440.0
V01528,Surface Carrez,Libre immediatement,Argenteuil,Val d'Argent,95,Ile-de-France,T2,Le Clos Concorde,60.4,1.0,0.0,D,184000.0,3046.0
V11042,Surface Carrez,Libre immediatement,Massy,Vilmorin,91,Ile-de-France,Maison 4 pieces,Cour Concorde,119.4,3.0,,D,351000.0,2940.0
V00605,Surface Carrez,aout-2027,Vincennes,Centre-Ville,94,Ile-de-France,T3,Les Allees Saint-Martin,73.7,2.0,2.0,B,610000.0,8277.0
V01221,Surface habitable,Libre immediatement,Paris,Le Marais,75,Ile-de-France,T4,Le Domaine Concorde,90.3,3.0,1.0,D,1001000.0,11085.0
V05664,Surface Carrez,Libre immediatement,Paris,La Muette,75,Ile-de-France,T4,,93.3,3.0,1.0,B,1115000.0,11951.0
V13044,Surface Carrez,avr-2029,Antony,Les Baconnets,92,Ile-de-France,T2,Le Clos Symphonie,58.8,1.0,0.0,A,341000.0,5799.0
V05887,Surface Carrez,sept-2029,Paris,Saint-Germain-des-Pres,75,Ile-de-France,T6,Carre Opale,103.2,1.0,0.0,A,1749000.0,16948.0
V11060,Surface Carrez,Libre immediatement,Paris,Belleville,75,Ile-de-France,T4,,88.2,3.0,0.0,C,624000.0,7075.0
V02016,Surface Carrez,Libre immediatement,Nanterre,Universite,92,Ile-de-France,T3,Esprit Montaigne,63.5,1.0,,D,282000.0,4441.0
V01543,Surface habitable,janv-2026,Paris,Bercy,75,Ile-de-France,T3,Residence des Chenes,79.1,2.0,1.0,A,828000.0,10468.0
V02018,Surface Carrez,Libre immediatement,Saint-Denis,Franc-Moisin,93,Ile-de-France,Maison 5 pieces,Le Parc Riviera,120.9,2.0,0.0,E,252000.0,2084.0
V12537,Surface utile,Libre immediatement,Versailles,Notre-Dame,78,Ile-de-France,Maison 5 pieces,,126.2,2.0,2.0,D,653000.0,5174.0
V05892,Surface Carrez,Libre immediatement,Evry-Courcouronnes,Bois Sauvage,91,Ile-de-France,Maison 5 pieces,,95.6,4.0,,B,221000.0,2312.0
V02056,Surface Carrez,Libre immediatement,Paris,Vaugirard,75,Ile-de-France,T4,Le Hameau d'Argent,103.8,3.0,1.0,D,857000.0,8256.0
V14409,Surface Carrez,Libre immediatement,Saint-Denis,Franc-Moisin,93,Ile-de-France,T4,Residence Cristal,96.9,3.0,,C,290000.0,2993.0
V07266,Surface habitable,Libre immediatement,Montrouge,Portes de Montrouge,92,Ile-de-France,T3,Villa Latitude,53,2.0,0.0,,274000.0,5170.0
V02331,Surface Carrez,Libre immediatement,Paris,Bercy,75,Ile-de-France,T4,Le Hameau Montaigne,107.1,2.0,1.0,D,1001000.0,9346.0
V13201,Surface Carrez,sept-2026,Paris,Buttes-Chaumont,75,Ile-de-France,T4,Les Jardins Voltaire,84,1.0,0.0,B,769000.0,9155.0
V11104,Surface habitable,Libre immediatement,Paris,La Muette,75,Ile-de-France,T3,,72.6,1.0,1.0,D,819000.0,11281.0
V07612,Surface Carrez,Libre immediatement,Paris,Gobelins,75,Ile-de-France,T2,Cour Opale,37.7,1.0,1.0,C,340000.0,9019.0
V01140,Surface habitable,Libre immediatement,Boulogne-Billancourt,Billancourt,92,Ile-de-France,T2,,56.5,1.0,1.0,C,373000.0,6602.0
V06920,Surface Carrez,Libre immediatement,Evry-Courcouronnes,Le Canal,91,Ile-de-France,T4,,82.4,2.0,2.0,E,205000.0,2488.0
V06341,Surface Carrez,dec-2027,Paris,Saint-Germain-des-Pres,75,Ile-de-France,T2,Le Parc Latitude,46.7,1.0,1.0,A,908000.0,19443.0
V12089,Surface habitable,Libre immediatement,Paris,Porte de Clignancourt,75,Ile-de-France,T2,Carre Beausejour,52,1.0,2.0,E,274000.0,5269.0
V00582,Surface Carrez,Libre immediatement,Paris,Bercy,75,Ile-de-France,T5,,130.5,2.0,0.0,D,1145000.0,8774.0
V00423,Surface utile,mars-2026,Antony,Pajeaud,92,Ile-de-France,T4,Les Terrasses Voltaire,79.7,3.0,1.0,A,498000.0,6248.0
V08438,Surface habitable,Libre immediatement,Vincennes,Bois de Vincennes,94,Ile-de-France,T3,Le Clos Concorde,63.6,2.0,1.0,B,557000.0,8758.0
V13095,Surface habitable,Libre immediatement,Paris,Buttes-Chaumont,75,Ile-de-France,T3,,52.9,2.0,0.0,F,380000.0,7183.0
V14183,Surface habitable,Libre immediatement,Bobigny,Abreuvoir,93,Ile-de-France,T3,Les Jardins du Lac,70.1,1.0,1.0,D,234000.0,3338.0
V10717,Surface Carrez,Libre immediatement,Paris,La Muette,75,Ile-de-France,T2,Les Terrasses Verte,35.6,1.0,1.0,F,378000.0,10618.0
V01259,Surface Carrez,Libre immediatement,Paris,Champ-de-Mars,75,Ile-de-France,T5,Villa Horizon,133.9,2.0,1.0,D,1166000.0,8708.0
V07554,Surface Carrez,Libre immediatement,Vincennes,Domaine du Bois,94,Ile-de-France,T3,Les Terrasses d'Argent,90.7,2.0,0.0,,640000.0,7056.0
V00348,Surface utile,Libre immediatement,Paris,Porte de Clignancourt,75,Ile-de-France,T3,Le Domaine Opale,73.6,2.0,1.0,D,516000.0,7011.0
V06822,Surface Carrez,Libre immediatement,Montreuil,Ruffins,93,Ile-de-France,T2,,35.7,1.0,0.0,C,131000.0,3669.0
V05356,Surface Carrez,nov-2029,Cergy,Cergy-le-Haut,95,Ile-de-France,T2,Villa du Parc,43.9,1.0,0.0,A,177000.0,4032.0
V06898,Surface Carrez,Libre immediatement,Vitry-sur-Seine,Moulin-Vert,94,Ile-de-France,T4,Le Domaine Latitude,87.3,1.0,0.0,E,259000.0,2967.0
V10237,Surface habitable,Libre immediatement,Creteil,Mont-Mesly,94,Ile-de-France,T4,Le Parc Bellevue,95.5,1.0,1.0,C,356000.0,3728.0
V14629,Surface Carrez,Libre immediatement,Evry-Courcouronnes,Centre-Ville,91,Ile-de-France,T4,,108.2,3.0,0.0,C,317000.0,2930.0
V01652,Surface habitable,Libre immediatement,Paris,Belleville,75,Ile-de-France,T1,Esprit Latitude,27.3,1.0,0.0,D,170000.0,6227.0
V12956,Surface Carrez,Libre immediatement,Argenteuil,Centre-Ville,95,Ile-de-France,T4,Les Jardins Symphonie,88.4,2.0,2.0,D,282000.0,3190.0
V00862,Surface Carrez,Libre immediatement,Cergy,Cergy-le-Haut,95,Ile-de-France,T2,,49.4,1.0,2.0,D,129000.0,2611.0
V01720,Surface Carrez,Libre immediatement,Creteil,Echat,94,Ile-de-France,T5,Esprit Belvedere,135,3.0,1.0,F,610000.0,4519.0
V14935,Surface Carrez,Libre immediatement,Nanterre,Petit-Nanterre,92,Ile-de-France,T3,Les Allees des Chenes,53.8,2.0,0.0,E,230000.0,4275.0
V02353,Surface Carrez,Libre immediatement,Melun,Montaigu,77,Ile-de-France,T3,Residence d'Argent,"53,3",2.0,1.0,D,143000.0,2683.0
V09112,Surface Carrez,Libre immediatement,Boulogne-Billancourt,Parchamp,92,Ile-de-France,T4,,69.1,2.0,1.0,D,607000.0,8784.0
V08960,Surface habitable,Libre immediatement,Mantes-la-Jolie,Gassicourt,78,Ile-de-France,T2,Villa Beausejour,35.9,1.0,1.0,D,99000.0,2758.0
V03570,Surface habitable,avr-2026,Boulogne-Billancourt,Rives de Seine,92,Ile-de-France,T3,Villa du Parc,93.7,2.0,1.0,B,967000.0,10320.0
V12729,Surface habitable,Libre immediatement,Meaux,Colbert,77,Ile-de-France,T3,Cour du Lac,67.8,2.0,1.0,D,126000.0,1858.0
V14130,Surface Carrez,nov-2029,Paris,Champ-de-Mars,75,Ile-de-France,T2,Villa Beausejour,48.5,1.0,0.0,B,570000.0,11753.0
V12620,Surface habitable,Libre immediatement,Aubervilliers,Villette-Quatre-Chemins,93,Ile-de-France,T2,Cour des Chenes,39.7,1.0,,C,156000.0,3929.0
V14521,Surface Carrez,Libre immediatement,Saint-Denis,Basilique,93,Ile-de-France,T5,Esprit Symphonie,141.8,1.0,1.0,F,332000.0,2341.0
V01654,Surface Carrez,Libre immediatement,Versailles,Notre-Dame,78,Ile-de-France,T3,Le Clos Verte,72.1,2.0,1.0,D,412000.0,5714.0
V11669,Surface habitable,Libre immediatement,Paris,Bercy,75,Ile-de-France,T2,Le Hameau des Acacias,42 - 49,1.0,0.0,D,331000.0,
V04040,Surface Carrez,Libre immediatement,Argenteuil,Coteaux,95,Ile-de-France,T6,,139.5,2.0,1.0,E,309000.0,2215.0
V02304,Surface Carrez,Libre immediatement,Bobigny,Centre-ville,93,Ile-de-France,T2,,51.3,1.0,1.0,C,180000.0,3509.0
V06243,Surface Carrez,Libre immediatement,Paris,Gobelins,75,Ile-de-France,T4,Les Allees Voltaire,72.1,1.0,1.0,B,664000.0,9209.0
V12621,Surface habitable,Libre immediatement,Creteil,Centre Ancien,94,Ile-de-France,T5,Villa du Parc,117.5,2.0,2.0,D,453000.0,3855.0
V09741,Surface Carrez,Libre immediatement,Vincennes,Centre-Ville,94,Ile-de-France,T3,,56,2.0,2.0,D,368000.0,6571.0
V12212,Surface Carrez,oct-2027,Paris,Porte de Clignancourt,75,Ile-de-France,T3,Carre Symphonie,73.3,2.0,2.0,B,640000.0,8731.0
V14786,Surface Carrez,Libre immediatement,Antony,Croix de Berny,92,Ile-de-France,T3,,52.9,2.0,,E,301000.0,5690.0
V07265,Surface habitable,Libre immediatement,Creteil,Mont-Mesly,94,Ile-de-France,T2,Le Parc Horizon,44.7,1.0,0.0,E,131000.0,2931.0
V11303,Surface utile,juil-2027,Paris,Belleville,75,Ile-de-France,T1,Le Clos Belvedere,16.9,1.0,0.0,C,131000.0,7751.0
V00357,Surface Carrez,Libre immediatement,Noisy-le-Grand,Champy,93,Ile-de-France,T1,Le Clos Montaigne,17,1.0,1.0,E,56000.0,3294.0
V10515,Surface Carrez,juin-2027,Paris,Le Marais,75,Ile-de-France,T3,Les Allees Beausejour,80.2,2.0,,A,1018000.0,12693.0
V09347,Surface Carrez,Libre immediatement,Nanterre,Parc Sud,92,Ile-de-France,T3,,48.5,1.0,1.0,E,218000.0,4495.0
V04627,Surface habitable,Libre immediatement,Paris,La Muette,75,Ile-de-France,T2,,53.7,1.0,1.0,D,547000.0,10186.0
V01586,Surface Carrez,Libre immediatement,Paris,Bercy,75,Ile-de-France,T3,,49.1,2.0,,D,397000.0,8086.0
V05486,Surface utile,oct-2027,Paris,Belleville,75,Ile-de-France,T3,Residence Beausejour,86,1.0,2.0,B,902000.0,10488.0
V06792,Surface Carrez,Libre immediatement,Paris,Batignolles,75,Ile-de-France,T3,Les Terrasses Verte,52.3,2.0,0.0,D,501000.0,9579.0
V13233,Surface utile,Libre immediatement,Aubervilliers,Centre,93,Ile-de-France,T3,Villa des Lilas,53.5,2.0,0.0,D,200000.0,3738.0
V06930,Surface Carrez,Libre immediatement,Antony,Centre-Ville,92,Ile-de-France,T5,Cour Saint-Martin,111.2,3.0,2.0,D,582000.0,5234.0
V03765,Surface Carrez,Libre immediatement,Montreuil,Croix de Chavaux,93,Ile-de-France,T5,,136,3.0,0.0,G,493000.0,3625.0
V00278,Surface habitable,Libre immediatement,Boulogne-Billancourt,Billancourt,92,Ile-de-France,T3,,77.7,2.0,0.0,E,552000.0,7104.0
V08174,Surface au sol,Libre immediatement,Vincennes,Bois de Vincennes,94,Ile-de-France,Maison 4 pieces,,73.3,3.0,1.0,D,451000.0,6153.0
V07458,Surface Carrez,Libre immediatement,Montreuil,Croix de Chavaux,93,Ile-de-France,T5,,108,3.0,1.0,B,438000.0,4056.0
V07873,Surface Carrez,Libre immediatement,Issy-les-Moulineaux,Val de Seine,92,Ile-de-France,T4,,90.2,3.0,1.0,D,735000.0,8149.0
V09644,Surface Carrez,Libre immediatement,Noisy-le-Grand,Mont d'Est,93,Ile-de-France,T2,,35.9,1.0,2.0,E,160000.0,4457.0
V06124,Surface Carrez,Libre immediatement,Paris,Le Marais,75,Ile-de-France,T4,Cour Belvedere,83.7,2.0,0.0,E,926000.0,11063.0
V07722,Surface Carrez,Libre immediatement,Mantes-la-Jolie,Centre-Ville,78,Ile-de-France,T3,,69.6,2.0,0.0,D,193000.0,2773.0
V04847,Surface Carrez,mai-2027,Issy-les-Moulineaux,Val de Seine,92,Ile-de-France,T3,Residence Riviera,59.2,2.0,0.0,B,579000.0,9780.0
V09783,Surface utile,Libre immediatement,Paris,Batignolles,75,Ile-de-France,T2,Le Parc Latitude,41.3,1.0,1.0,E,436000.0,10557.0
V04153,Surface Carrez,Libre immediatement,Ivry-sur-Seine,Monmousseau,94,Ile-de-France,T2,,54.7,1.0,0.0,C,239000.0,4369.0
V11115,Surface Carrez,Libre immediatement,Paris,Buttes-Chaumont,75,Ile-de-France,T3,,51,2.0,1.0,F,320000.0,6275.0
V10759,Surface Carrez,Libre immediatement,Montreuil,Ruffins,93,Ile-de-France,T1,Le Clos d'Argent,24.9,1.0,0.0,A,89000.0,3574.0
V09539,Surface Carrez,Libre immediatement,Paris,Belleville,75,Ile-de-France,T3,Les Allees Belvedere,73.4,2.0,0.0,C,613000.0,8351.0
V07811,Surface habitable,aout-2026,Montreuil,Mairie,93,Ile-de-France,T2,Cour d'Argent,45.2,1.0,0.0,A,216000.0,4779.0
V08941,Surface Carrez,Libre immediatement,Paris,Batignolles,75,Ile-de-France,T3,,83.2,2.0,2.0,C,774000.0,9303.0
V11869,Surface Carrez,Libre immediatement,Antony,Les Baconnets,92,Ile-de-France,T3,,64.1,2.0,0.0,E,274000.0,4275.0
V11520,Surface habitable,Libre immediatement,Paris,Champ-de-Mars,75,Ile-de-France,T3,,84.2,1.0,1.0,D,1110000.0,13183.0
V11934,Surface Carrez,Libre immediatement,Paris,Le Marais,75,Ile-de-France,T3,Cour Beausejour,60.4,2.0,0.0,E,772000.0,12781.0
V06134,Surface habitable,juil-2026,Paris,Gobelins,75,Ile-de-France,T2,Le Hameau des Chenes,41.3,1.0,0.0,C,420000.0,10169.0
V06726,Surface Carrez,janv-2026,Montreuil,Mairie,93,Ile-de-France,T2,Les Allees Voltaire,41.7,1.0,0.0,A,261000.0,6259.0
V03167,Surface Carrez,Libre immediatement,Levallois-Perret,Front de Seine,92,Ile-de-France,T4,,93.3,1.0,2.0,D,908000.0,9732.0
V07376,Surface Carrez,Libre immediatement,Bobigny,Etoile,93,Ile-de-France,T3,Les Jardins Concorde,64.3,1.0,2.0,B,207000.0,3219.0
V10867,Surface Carrez,Libre immediatement,Paris,Vaugirard,75,Ile-de-France,T4,,101,3.0,2.0,B,908000.0,8990.0
V06071,Surface habitable,Libre immediatement,Paris,Montmartre,75,Ile-de-France,T5,Le Hameau du Parc,150.2,3.0,,C,1039000.0,6917.0
V03358,Surface Carrez,nov-2027,Saint-Germain-en-Laye,Alsace,78,Ile-de-France,Maison 5 pieces,Les Terrasses Symphonie,114.6,1.0,0.0,B,806000.0,7033.0
V01293,Surface habitable,Libre immediatement,Vincennes,Domaine du Bois,94,Ile-de-France,T2,Cour Latitude,44.9,1.0,1.0,E,310000.0,6904.0
V08012,Surface habitable,janv-2027,Aubervilliers,Centre,93,Ile-de-France,T6,Cour des Chenes,148.4,2.0,0.0,A,711000.0,4791.0
V06415,Surface Carrez,Libre immediatement,Paris,Bercy,75,Ile-de-France,T5,Le Hameau Riviera,139.9,3.0,1.0,F,854000.0,6104.0
V09062,Surface Carrez,oct-2028,Cergy,Axe Majeur,95,Ile-de-France,T2,Les Allees Beausejour,41.3,1.0,1.0,C,137000.0,3317.0
V08344,Surface habitable,oct-2028,Paris,La Muette,75,Ile-de-France,T2,Le Clos du Lac,32.5,1.0,1.0,B,390000.0,12000.0
V06956,Surface Carrez,Libre immediatement,Paris,Belleville,75,Ile-de-France,T2,,41 - 51,1.0,2.0,D,304000.0,
V01692,Surface Carrez,Libre immediatement,Levallois-Perret,Centre,92,Ile-de-France,T3,,55.7,2.0,2.0,E,456000.0,8187.0
V11699,Surface Carrez,juil-2027,Issy-les-Moulineaux,Val de Seine,92,Ile-de-France,T3,Le Domaine Belvedere,45.7,2.0,0.0,A,406000.0,8884.0
V12487,Surface habitable,Libre immediatement,Paris,Le Marais,75,Ile-de-France,T3,Les Allees Cristal,75.6,2.0,2.0,E,874000.0,11561.0
V09913,Surface Carrez,Libre immediatement,Vitry-sur-Seine,Centre-Ville,94,Ile-de-France,T3,,48.7,2.0,0.0,D,178000.0,3655.0
V09911,Surface utile,nov-2027,Paris,Bercy,75,Ile-de-France,T4,Les Allees du Lac,83.6,1.0,1.0,A,1036000.0,12392.0
V00781,Surface Carrez,Libre immediatement,Paris,Le Marais,75,Ile-de-France,T3,Esprit Latitude,55.5,1.0,2.0,E,626000.0,11279.0
V02048,Surface Carrez,Libre immediatement,Paris,Gobelins,75,Ile-de-France,T3,,59.5,2.0,1.0,A,570000.0,9580.0
V14132,Surface Carrez,avr-2029,Paris,Saint-Germain-des-Pres,75,Ile-de-France,T3,Les Jardins Beausejour,68.9,1.0,0.0,A,1142000.0,16575.0
V09239,Surface utile,Libre immediatement,Levallois-Perret,Collange,92,Ile-de-France,T4,,69.6,2.0,1.0,D,479000.0,6882.0
V04196,Surface utile,Libre immediatement,Paris,Montmartre,75,Ile-de-France,T6,Les Allees Beausejour,147.2,3.0,1.0,C,1619000.0,10999.0
V05905,Surface habitable,Libre immediatement,Paris,Gobelins,75,Ile-de-France,T3,Les Terrasses Riviera,62.4,1.0,0.0,D,442000.0,7083.0
V07683,Surface habitable,Libre immediatement,Paris,Bercy,75,Ile-de-France,T3,,64.3,2.0,1.0,D,531000.0,8258.0
V12140,Surface Carrez,Libre immediatement,Bobigny,Centre-ville,93,Ile-de-France,T2,,46.2,1.0,2.0,D,122000.0,2641.0
V10426,Surface Carrez,mai-2026,Antony,Les Baconnets,92,Ile-de-France,T2,Carre Latitude,42.3,1.0,1.0,B,284000.0,6714.0
V13162,Surface Carrez,Libre immediatement,Paris,Porte de Clignancourt,75,Ile-de-France,T4,Les Terrasses Horizon,80,3.0,0.0,C,594000.0,7425.0
V11375,Surface Carrez,Libre immediatement,Paris,Champ-de-Mars,75,Ile-de-France,T4,,105.3,2.0,1.0,F,938000.0,8908.0
V11900,Surface Carrez,juin-2027,Paris,Montmartre,75,Ile-de-France,T2,Le Hameau Symphonie,43.5,1.0,2.0,A,498000.0,11448.0
V03923,Surface utile,Libre immediatement,Meaux,Centre-Ville,77,Ile-de-France,T4,,72.5,3.0,,B,211000.0,2910.0
V09087,Surface Carrez,Libre immediatement,Saint-Denis,Basilique,93,Ile-de-France,T3,,90.4,1.0,0.0,C,244000.0,2699.0
V05144,Surface Carrez,Libre immediatement,Ivry-sur-Seine,Ivry-Port,94,Ile-de-France,T4,Le Hameau Horizon,107.2,3.0,2.0,C,463000.0,4319.0
V09851,Surface habitable,avr-2029,Paris,Saint-Germain-des-Pres,75,Ile-de-France,T3,Le Parc Bellevue,84.7,1.0,0.0,A,1115000.0,13164.0
V06498,Surface utile,fevr-2026,Paris,Le Marais,75,Ile-de-France,T2,Le Domaine Concorde,37.3,1.0,0.0,B,471000.0,12627.0
V03409,Surface habitable,Libre immediatement,Cergy,Cergy-Saint-Christophe,95,Ile-de-France,T3,Residence des Lilas,77.6,2.0,1.0,F,154000.0,1985.0
V01465,Surface habitable,Libre immediatement,Paris,La Muette,75,Ile-de-France,T3,Esprit Voltaire,78.1,2.0,0.0,D,804000.0,10294.0
V08160,Surface Carrez,Libre immediatement,Paris,Buttes-Chaumont,75,Ile-de-France,T3,Le Clos du Parc,64.4,2.0,2.0,D,471000.0,7314.0
V04482,Surface Carrez,Libre immediatement,Cergy,Cergy-Prefecture,95,Ile-de-France,T4,Villa du Lac,94.8,3.0,0.0,A,226000.0,2384.0
V03181,Surface Carrez,Libre immediatement,Versailles,Porchefontaine,78,Ile-de-France,T5,Le Parc du Lac,102.7,3.0,1.0,E,563000.0,5482.0
V04876,Surface habitable,Libre immediatement,Paris,Montmartre,75,Ile-de-France,T3,Villa Belvedere,53.6,2.0,0.0,C,488000.0,9104.0
V04815,Surface Carrez,Libre immediatement,Montrouge,Portes de Montrouge,92,Ile-de-France,T4,,80.8,1.0,2.0,E,518000.0,6411.0
V07965,Surface Carrez,Libre immediatement,Vitry-sur-Seine,Port-a-l'Anglais,94,Ile-de-France,T2,Le Parc des Acacias,52.5,1.0,1.0,C,178000.0,3390.0
V07986,Surface Carrez,Libre immediatement,Creteil,Lac,94,Ile-de-France,Maison 4 pieces,,94.1,3.0,0.0,C,251000.0,2667.0
V06447,Surface habitable,janv-2029,Bobigny,Centre-ville,93,Ile-de-France,T4,Les Jardins Symphonie,127.8,3.0,1.0,C,540000.0,4225.0
V04569,Surface habitable,Libre immediatement,Ivry-sur-Seine,Monmousseau,94,Ile-de-France,Maison 5 pieces,,98.2,3.0,1.0,D,364000.0,3707.0
V12998,Surface Carrez,aout-2029,Paris,Bercy,75,Ile-de-France,T3,Le Domaine Voltaire,75.9,1.0,1.0,B,759000.0,10000.0
V10850,Surface Carrez,avr-2029,Paris,Belleville,75,Ile-de-France,T2,Le Domaine d'Argent,40.4,1.0,1.0,B,389000.0,9629.0
V06786,Surface Carrez,Libre immediatement,Paris,La Muette,75,Ile-de-France,T2,,30.8,1.0,1.0,B,327000.0,10617.0
V00655,Surface habitable,Libre immediatement,Paris,Porte de Clignancourt,75,Ile-de-France,T4,,110.7,3.0,2.0,D,630000.0,5691.0
V05881,Surface Carrez,Libre immediatement,Issy-les-Moulineaux,Fort d'Issy,92,Ile-de-France,T4,,89.7,2.0,1.0,D,706000.0,7871.0
V04233,Surface Carrez,Libre immediatement,Paris,Bercy,75,Ile-de-France,T4,,66.5,3.0,0.0,E,510000.0,7669.0
V06233,Surface Carrez,Libre immediatement,Paris,Belleville,75,Ile-de-France,T4,Les Terrasses Opale,80.2,3.0,0.0,G,446000.0,5561.0
V05775,Surface Carrez,Libre immediatement,Neuilly-sur-Seine,Sablons,92,Ile-de-France,T3,Cour des Chenes,55.2,2.0,2.0,F,601000.0,10888.0
V08354,Surface Carrez,Libre immediatement,Paris,Saint-Germain-des-Pres,75,Ile-de-France,T3,,53.6,1.0,1.0,A,772000.0,14403.0
V11257,Surface habitable,Libre immediatement,Melun,Montaigu,77,Ile-de-France,T2,,69.4,1.0,1.0,C,176000.0,2536.0
V00926,Surface Carrez,Libre immediatement,Paris,Vaugirard,75,Ile-de-France,T2,Villa des Chenes,41.4,1.0,0.0,D,375000.0,9058.0
V03426,Surface Carrez,Libre immediatement,Antony,Croix de Berny,92,Ile-de-France,T2,Les Jardins des Chenes,52.6,1.0,0.0,E,275000.0,5228.0
V11575,Surface utile,Libre immediatement,Paris,Bercy,75,Ile-de-France,T4,,77.7,3.0,1.0,E,575000.0,7400.0
V07301,Surface Carrez,Libre immediatement,Montreuil,Ruffins,93,Ile-de-France,T3,,90.1,2.0,2.0,G,248000.0,2752.0
V05819,Surface Carrez,mars-2027,Paris,Vaugirard,75,Ile-de-France,T5,Le Parc des Acacias,107.1,2.0,1.0,B,1229000.0,11475.0
V10245,Surface Carrez,janv-2026,Paris,Porte de Clignancourt,75,Ile-de-France,T4,Le Domaine Horizon,93.1,2.0,1.0,A,737000.0,7916.0
V12253,Surface habitable,sept-2028,Paris,Gobelins,75,Ile-de-France,T4,Le Hameau Verte,101.6,2.0,0.0,B,988000.0,9724.0
V07446,Surface Carrez,Libre immediatement,Saint-Denis,Franc-Moisin,93,Ile-de-France,T1,,21.6,1.0,0.0,D,58000.0,2685.0
V03493,Surface habitable,Libre immediatement,Paris,La Muette,75,Ile-de-France,T1,Villa d'Argent,28,1.0,1.0,E,218000.0,7786.0
V05581,Surface Carrez,Libre immediatement,Issy-les-Moulineaux,Les Epinettes,92,Ile-de-France,T1,,26.3,1.0,0.0,D,170000.0,6464.0
V13579,Surface Carrez,Libre immediatement,Nanterre,Centre,92,Ile-de-France,T2,,41.1,1.0,0.0,C,213000.0,5182.0
V00546,Surface Carrez,Libre immediatement,Creteil,Echat,94,Ile-de-France,T3,,40.3,2.0,0.0,C,139000.0,3449.0
V14669,Surface Carrez,Libre immediatement,Argenteuil,Coteaux,95,Ile-de-France,T3,,64,2.0,0.0,A,216000.0,3375.0
V09883,Surface Carrez,janv-2028,Paris,Montmartre,75,Ile-de-France,T2,Le Domaine Latitude,47,1.0,1.0,C,505000.0,10745.0
V05200,Surface habitable,Libre immediatement,Creteil,Centre Ancien,94,Ile-de-France,T4,Les Terrasses Cristal,123.9,3.0,2.0,C,583000.0,4705.0
V02649,Surface utile,juil-2026,Paris,Bercy,75,Ile-de-France,T3,Residence Montaigne,71.9,2.0,0.0,A,785000.0,10918.0
V14575,Surface habitable,Libre immediatement,Evry-Courcouronnes,Bois Sauvage,91,Ile-de-France,T6,,119.4,3.0,3.0,D,256000.0,2144.0
V03805,Surface habitable,Libre immediatement,Paris,Batignolles,75,Ile-de-France,T2,Esprit du Lac,33.5,1.0,1.0,D,319000.0,9522.0
V06731,Surface utile,janv-2028,Paris,Bercy,75,Ile-de-France,T4,Cour des Acacias,81.6,3.0,3.0,A,809000.0,9914.0
V08365,Surface Carrez,Libre immediatement,Paris,La Muette,75,Ile-de-France,T4,Le Hameau Belvedere,97.3,3.0,0.0,A,1129000.0,11603.0
V12124,Surface Carrez,Libre immediatement,Trappes,Village,78,Ile-de-France,T1,Le Hameau Voltaire,25.4,1.0,1.0,B,94000.0,3701.0
V03622,Surface utile,Libre immediatement,Montrouge,Ferry-Jaures,92,Ile-de-France,Maison 4 pieces,,97.3,1.0,0.0,C,476000.0,4892.0
V12795,Surface Carrez,Libre immediatement,Paris,Batignolles,75,Ile-de-France,T1,,28.2,1.0,1.0,E,195000.0,6915.0
V04146,Surface Carrez,Libre immediatement,Issy-les-Moulineaux,Val de Seine,92,Ile-de-France,T3,,57.4,2.0,2.0,D,424000.0,7387.0
V03766,Surface Carrez,Libre immediatement,Paris,Le Marais,75,Ile-de-France,T2,,47.2,1.0,1.0,D,507000.0,10742.0
V04240,Surface Carrez,Libre immediatement,Antony,Centre-Ville,92,Ile-de-France,T4,Residence Symphonie,92.5,3.0,1.0,F,386000.0,4173.0
V05649,Surface habitable,Libre immediatement,Meaux,Beauval,77,Ile-de-France,Maison 4 pieces,,88.1,2.0,0.0,F,148000.0,1680.0
V10844,Surface Carrez,Libre immediatement,Paris,Belleville,75,Ile-de-France,T2,Le Clos Montaigne,46.9,1.0,2.0,B,270000.0,5757.0
V07908,Surface utile,Libre immediatement,Paris,Gobelins,75,Ile-de-France,T3,,53.8,1.0,2.0,A,409000.0,7602.0
V05351,Surface Carrez,juin-2028,Nanterre,Parc Sud,92,Ile-de-France,T3,Les Jardins d'Argent,77.6,1.0,1.0,B,685000.0,8827.0
V12215,Surface habitable,Libre immediatement,Paris,La Muette,75,Ile-de-France,T3,,55.4,1.0,2.0,A,674000.0,12166.0
V07369,Surface utile,Libre immediatement,Vincennes,Domaine du Bois,94,Ile-de-France,T4,,85.1,1.0,0.0,B,659000.0,7744.0
V08276,Surface Carrez,Libre immediatement,Vincennes,Republique,94,Ile-de-France,T5,Residence d'Argent,79.8,3.0,0.0,C,471000.0,5902.0
V07934,Surface utile,Libre immediatement,Cergy,Cergy-le-Haut,95,Ile-de-France,T2,Les Jardins des Chenes,42.7,1.0,0.0,D,92000.0,2155.0
V02692,Surface Carrez,Libre immediatement,Montreuil,Bas-Montreuil,93,Ile-de-France,T4,,114,3.0,0.0,D,514000.0,4509.0
V00441,Surface Carrez,Libre immediatement,Paris,Belleville,75,Ile-de-France,T4,,106,3.0,0.0,E,726000.0,6849.0
V07043,Surface Carrez,sept-2026,Noisy-le-Grand,Centre-ville,93,Ile-de-France,T2,Esprit Bellevue,50.3,1.0,2.0,A,224000.0,4453.0
V10494,Surface Carrez,Libre immediatement,Mantes-la-Jolie,Gassicourt,78,Ile-de-France,T5,Esprit Latitude,118.3,3.0,0.0,F,235000.0,1986.0
V12411,Surface habitable,Libre immediatement,Antony,Pajeaud,92,Ile-de-France,T5,,154.4,2.0,1.0,E,725000.0,4696.0
V11840,Surface habitable,Libre immediatement,Paris,Le Marais,75,Ile-de-France,T3,,94.1,2.0,2.0,B,1377000.0,14633.0
V10216,Surface habitable,Libre immediatement,Paris,Gobelins,75,Ile-de-France,T3,,105.2,2.0,1.0,C,1264000.0,12015.0
V14021,Surface Carrez,juil-2026,Creteil,Mont-Mesly,94,Ile-de-France,T4,Le Clos des Chenes,68.5,3.0,0.0,A,291000.0,4248.0
V07357,Surface utile,Libre immediatement,Paris,Saint-Germain-des-Pres,75,Ile-de-France,T3,Les Jardins d'Argent,71.1,1.0,0.0,D,835000.0,11744.0
V11360,Surface Carrez,Libre immediatement,Paris,Le Marais,75,Ile-de-France,T3,Les Terrasses Verte,"54,6",1.0,0.0,E,645000.0,11813.0
V08228,Surface habitable,Libre immediatement,Argenteuil,Coteaux,95,Ile-de-France,T1,Les Terrasses des Chenes,22.1,1.0,1.0,E,75000.0,3394.0
V09271,Surface Carrez,Libre immediatement,Saint-Denis,Pleyel,93,Ile-de-France,T3,,54.2,2.0,0.0,E,207000.0,3819.0
V10592,Surface Carrez,Libre immediatement,Paris,Champ-de-Mars,75,Ile-de-France,T4,,109.6,3.0,2.0,F,1141000.0,10411.0
V02615,Surface habitable,Libre immediatement,Paris,Porte de Clignancourt,75,Ile-de-France,T5,Le Hameau du Lac,109.3,3.0,2.0,D,641000.0,5865.0
V05038,Surface Carrez,Libre immediatement,Paris,La Muette,75,Ile-de-France,T3,Les Terrasses d'Argent,64.7,2.0,,E,636000.0,9830.0
V02296,Surface Carrez,Libre immediatement,Paris,Porte de Clignancourt,75,Ile-de-France,T5,Residence Verte,91.5,3.0,1.0,D,528000.0,5770.0
V02023,Surface Carrez,Libre immediatement,Paris,Batignolles,75,Ile-de-France,T4,Residence Cristal,107.5,1.0,0.0,D,1013000.0,9423.0
V04225,Surface Carrez,Libre immediatement,Cergy,Cergy-le-Haut,95,Ile-de-France,T5,Le Clos Voltaire,117.3,3.0,,C,414000.0,3529.0
V11607,Surface Carrez,Libre immediatement,Paris,Bercy,75,Ile-de-France,T3,Cour des Acacias,64.4,2.0,1.0,A,480000.0,7453.0
V14153,Surface Carrez,Libre immediatement,Trappes,Sand-Pergaud-Verlaine,78,Ile-de-France,T2,Villa d'Argent,41.8,1.0,0.0,B,124000.0,2967.0
V12150,Surface Carrez,juil-2026,Paris,Bercy,75,Ile-de-France,T1,Le Clos Concorde,27,1.0,1.0,A,288000.0,10667.0
V06990,Surface Carrez,Libre immediatement,Meaux,Centre-Ville,77,Ile-de-France,T2,Le Clos Belvedere,52.3,1.0,0.0,C,132000.0,2524.0
V06858,Surface habitable,mars-2026,Nanterre,Universite,92,Ile-de-France,T4,Les Jardins des Chenes,85.1,3.0,1.0,B,398000.0,4677.0
V13846,Surface habitable,Libre immediatement,Paris,Buttes-Chaumont,75,Ile-de-France,T4,Les Jardins Voltaire,113.5,3.0,1.0,F,671000.0,5912.0
V10019,Surface Carrez,Libre immediatement,Paris,Batignolles,75,Ile-de-France,T3,Cour Horizon,61.3,1.0,1.0,E,529000.0,8630.0
V14227,Surface Carrez,Libre immediatement,Paris,Saint-Germain-des-Pres,75,Ile-de-France,T2,Cour du Parc,31.5,1.0,0.0,,471000.0,14952.0
V14842,Surface utile,Libre immediatement,Paris,Le Marais,75,Ile-de-France,T3,,75.9,1.0,2.0,D,987000.0,13004.0
V13152,Surface Carrez,Libre immediatement,Paris,Bercy,75,Ile-de-France,T4,,90.3,1.0,1.0,C,776000.0,8594.0
V07292,Surface Carrez,Libre immediatement,Creteil,Echat,94,Ile-de-France,T3,Le Clos Verte,75.5,1.0,0.0,E,282000.0,3735.0
V03984,Surface Carrez,Libre immediatement,Paris,Buttes-Chaumont,75,Ile-de-France,T3,,64.1,2.0,0.0,E,449000.0,7005.0
V05366,Surface Carrez,Libre immediatement,Paris,Gobelins,75,Ile-de-France,T4,,99.2,3.0,0.0,A,1126000.0,11351.0
V12935,Surface au sol,Libre immediatement,Ivry-sur-Seine,Monmousseau,94,Ile-de-France,Maison 5 pieces,,139.9,2.0,0.0,E,471000.0,3367.0
V06429,Surface Carrez,mars-2027,Versailles,Chantiers,78,Ile-de-France,T2,Residence des Chenes,47.2,1.0,1.0,C,300000.0,6356.0
V12422,Surface Carrez,juil-2027,Argenteuil,Centre-Ville,95,Ile-de-France,T3,Le Clos Symphonie,76.5,1.0,0.0,,322000.0,4209.0
V02282,Surface Carrez,Libre immediatement,Bobigny,Etoile,93,Ile-de-France,T6,,113.2,3.0,0.0,G,265000.0,2341.0
V12350,Surface habitable,Libre immediatement,Cergy,Cergy-Prefecture,95,Ile-de-France,T3,,48,2.0,1.0,D,129000.0,2688.0
V00276,Surface Carrez,Libre immediatement,Paris,Batignolles,75,Ile-de-France,T5,,124,3.0,1.0,C,988000.0,7968.0
V04488,Surface Carrez,Libre immediatement,Paris,Saint-Germain-des-Pres,75,Ile-de-France,T2,Les Allees Horizon,40,1.0,1.0,A,522000.0,13050.0
V13214,Surface Carrez,Libre immediatement,Evry-Courcouronnes,Les Pyramides,91,Ile-de-France,T2,Les Allees Voltaire,38.3,1.0,1.0,F,78000.0,2037.0
V10073,Surface utile,Libre immediatement,Levallois-Perret,Collange,92,Ile-de-France,T3,Le Hameau Belvedere,63.1,2.0,1.0,C,541000.0,8574.0
V02801,Surface habitable,Libre immediatement,Saint-Germain-en-Laye,Hopital,78,Ile-de-France,T3,Les Allees des Lilas,72.2,2.0,0.0,,462000.0,6399.0
V04307,Surface Carrez,Libre immediatement,Cergy,Cergy-Prefecture,95,Ile-de-France,T2,,32 - 35,1.0,2.0,D,73000.0,
V02763,Surface utile,Libre immediatement,Saint-Germain-en-Laye,Centre-Ville,78,Ile-de-France,T1,Le Domaine Concorde,26.6,,0.0,C,195000.0,7331.0
V10630,Surface au sol,Libre immediatement,Antony,Croix de Berny,92,Ile-de-France,Maison 6 pieces,Esprit Cristal,127.2,4.0,0.0,D,500000.0,3931.0
V06941,Surface habitable,nov-2029,Mantes-la-Jolie,Gassicourt,78,Ile-de-France,T4,Les Terrasses du Lac,72.2,2.0,1.0,B,204000.0,2825.0
V12348,Surface Carrez,Libre immediatement,Creteil,Mont-Mesly,94,Ile-de-France,T3,,71,2.0,0.0,E,243000.0,3423.0
V00229,Surface Carrez,Libre immediatement,Paris,Buttes-Chaumont,75,Ile-de-France,T3,Esprit du Lac,59.4,2.0,1.0,D,391000.0,6582.0
V09092,Surface Carrez,Libre immediatement,Paris,Buttes-Chaumont,75,Ile-de-France,T2,Carre d'Argent,52.2,1.0,1.0,D,488000.0,9349.0
V09700,Surface Carrez,Libre immediatement,Paris,Belleville,75,Ile-de-France,T4,Le Parc Verte,72.8,3.0,2.0,C,615000.0,8448.0
V09768,Surface Carrez,Libre immediatement,Saint-Denis,La Plaine,93,Ile-de-France,T2,Le Parc Riviera,42.8,1.0,0.0,E,139000.0,3248.0
V09318,Surface habitable,Libre immediatement,Creteil,Lac,94,Ile-de-France,T4,,127.7,1.0,,E,602000.0,4714.0
V13432,Surface habitable,Libre immediatement,Evry-Courcouronnes,Les Pyramides,91,Ile-de-France,T2,,36.8,1.0,2.0,D,88000.0,2391.0
V14554,Surface habitable,Libre immediatement,Vincennes,Republique,94,Ile-de-France,T3,Le Parc du Lac,82.2,2.0,0.0,A,579000.0,7044.0
V12726,Surface Carrez,fevr-2027,Antony,Pajeaud,92,Ile-de-France,T3,Cour des Acacias,93.4,2.0,1.0,A,530000.0,5675.0
V07171,Surface Carrez,Libre immediatement,Paris,Porte de Clignancourt,75,Ile-de-France,T3,,49.3,1.0,1.0,E,332000.0,6734.0
V14298,Surface habitable,sept-2028,Saint-Denis,Grand Centre,93,Ile-de-France,T1,Villa Voltaire,21.3,1.0,1.0,C,79000.0,3709.0
V14715,Surface Carrez,Libre immediatement,Boulogne-Billancourt,Rives de Seine,92,Ile-de-France,T3,Les Jardins Opale,53.6,2.0,0.0,C,375000.0,6996.0
V04226,Surface utile,Libre immediatement,Melun,Montaigu,77,Ile-de-France,T3,Les Allees Symphonie,66.4,2.0,0.0,D,145000.0,2184.0
V02294,Surface Carrez,Libre immediatement,Paris,Le Marais,75,Ile-de-France,T4,Les Terrasses Beausejour,71.5,3.0,,D,1168000.0,16336.0
V03219,Surface Carrez,Libre immediatement,Mantes-la-Jolie,Centre-Ville,78,Ile-de-France,T2,,36.6,1.0,,F,78000.0,2131.0
V08366,Surface habitable,aout-2029,Boulogne-Billancourt,Rives de Seine,92,Ile-de-France,T4,Carre Saint-Martin,74.5,2.0,,C,676000.0,9074.0
V02175,Surface habitable,Libre immediatement,Paris,Bercy,75,Ile-de-France,T3,Le Hameau Voltaire,57.9,2.0,0.0,E,382000.0,6598.0
V00937,Surface Carrez,Libre immediatement,Paris,Champ-de-Mars,75,Ile-de-France,T2,Les Allees des Acacias,39.7,1.0,0.0,D,527000.0,13275.0
V12244,Surface Carrez,Libre immediatement,Paris,Batignolles,75,Ile-de-France,T3,,60 - 70,2.0,1.0,D,449000.0,
V01064,Surface utile,Libre immediatement,Paris,Champ-de-Mars,75,Ile-de-France,T4,,101.2,2.0,2.0,D,1332000.0,13162.0
V11099,Surface Carrez,Libre immediatement,Meaux,Hopital,77,Ile-de-France,T3,Le Domaine des Acacias,77.8,2.0,1.0,D,151000.0,1941.0
V03707,Surface habitable,Libre immediatement,Montreuil,Bel-Air,93,Ile-de-France,T1,,33.4,1.0,1.0,,117000.0,3503.0
V08773,Surface Carrez,mars-2027,Paris,Vaugirard,75,Ile-de-France,T5,Residence du Lac,141,3.0,0.0,B,1816000.0,12879.0
V07983,Surface Carrez,Libre immediatement,Paris,Bercy,75,Ile-de-France,T3,,57,2.0,0.0,E,447000.0,7842.0
V07204,Surface au sol,Libre immediatement,Nanterre,Centre,92,Ile-de-France,Maison 5 pieces,Residence Horizon,101.2,4.0,0.0,D,524000.0,5178.0
V04655,Surface habitable,Libre immediatement,Creteil,Mont-Mesly,94,Ile-de-France,T4,,108.6,1.0,1.0,F,358000.0,3297.0
V11733,Surface Carrez,Libre immediatement,Paris,Bercy,75,Ile-de-France,T6,Le Parc du Lac,116.4,3.0,1.0,D,1340000.0,11512.0
V09550,Surface Carrez,Libre immediatement,Vincennes,Domaine du Bois,94,Ile-de-France,T3,Le Parc des Acacias,55.2,1.0,2.0,D,392000.0,7101.0
V12822,Surface Carrez,Libre immediatement,Ivry-sur-Seine,Monmousseau,94,Ile-de-France,T3,,58.9,2.0,1.0,C,228000.0,3871.0
V01974,Surface Carrez,Libre immediatement,Issy-les-Moulineaux,Corentin Celton,92,Ile-de-France,T4,Cour des Acacias,81.8,3.0,,E,573000.0,7005.0
V10181,Surface habitable,Libre immediatement,Versailles,Saint-Louis,78,Ile-de-France,T2,Le Clos Saint-Martin,46.1,1.0,1.0,E,306000.0,6638.0
V09812,Surface Carrez,Libre immediatement,Boulogne-Billancourt,Centre-Ville,92,Ile-de-France,T3,Le Parc Opale,70.4,2.0,0.0,D,525000.0,7457.0
V02924,Surface Carrez,Libre immediatement,Saint-Denis,La Plaine,93,Ile-de-France,T3,,60.5,2.0,0.0,A,237000.0,3917.0
V00398,Surface Carrez,Libre immediatement,Mantes-la-Jolie,Val Fourre,78,Ile-de-France,Maison 5 pieces,Cour Bellevue,139.9,3.0,1.0,D,242000.0,1730.0
V14943,Surface Carrez,Libre immediatement,Trappes,Village,78,Ile-de-France,T2,Villa Latitude,52.2,1.0,0.0,,173000.0,3314.0
V11985,Surface Carrez,Libre immediatement,Saint-Denis,Grand Centre,93,Ile-de-France,T3,Cour Voltaire,67.2,2.0,0.0,D,224000.0,3333.0
V12863,Surface Carrez,Libre immediatement,Aubervilliers,Centre,93,Ile-de-France,T3,,72.1,2.0,0.0,B,276000.0,3828.0
V10453,Surface Carrez,aout-2027,Nanterre,Universite,92,Ile-de-France,T4,Cour Saint-Martin,86.5,1.0,1.0,A,587000.0,6786.0
V09146,Surface Carrez,Libre immediatement,Noisy-le-Grand,Centre-ville,93,Ile-de-France,T2,Le Hameau Opale,44,1.0,1.0,D,178000.0,4045.0
V10263,Surface Carrez,Libre immediatement,Versailles,Notre-Dame,78,Ile-de-France,T2,Villa du Parc,46.1,1.0,1.0,E,255000.0,5531.0
V12418,Surface Carrez,Libre immediatement,Vitry-sur-Seine,Port-a-l'Anglais,94,Ile-de-France,T2,Cour des Lilas,45.7,1.0,1.0,E,174000.0,3807.0
V10574,Surface habitable,Libre immediatement,Creteil,Centre Ancien,94,Ile-de-France,T2,,54.2,1.0,1.0,D,208000.0,3838.0
V02076,Surface Carrez,Libre immediatement,Paris,Bercy,75,Ile-de-France,T3,Residence Concorde,53.8,2.0,1.0,D,470000.0,8736.0
V14734,Surface habitable,juil-2027,Paris,Belleville,75,Ile-de-France,T4,Le Domaine Symphonie,78,2.0,0.0,B,549000.0,7038.0
V04061,Surface au sol,Libre immediatement,Bobigny,Abreuvoir,93,Ile-de-France,Maison 4 pieces,Carre du Parc,121.6,2.0,,D,275000.0,2262.0
V13995,Surface Carrez,Libre immediatement,Paris,Porte de Clignancourt,75,Ile-de-France,T3,,93.6,2.0,0.0,D,528000.0,5641.0
V07261,Surface Carrez,juil-2026,Cergy,Axe Majeur,95,Ile-de-France,T3,Les Terrasses Opale,59,2.0,1.0,A,172000.0,2915.0
V09026,Surface Carrez,Libre immediatement,Paris,Champ-de-Mars,75,Ile-de-France,T4,,81.5,3.0,0.0,E,1006000.0,12344.0
V13626,Surface habitable,dec-2028,Massy,Vilmorin,91,Ile-de-France,T3,Carre du Lac,55.3,1.0,2.0,C,224000.0,4051.0
V13128,Surface Carrez,dec-2028,Paris,Bercy,75,Ile-de-France,T4,Le Parc Latitude,108.4,3.0,1.0,A,1081000.0,9972.0
V05644,Surface Carrez,juil-2028,Paris,La Muette,75,Ile-de-France,T3,Les Allees Symphonie,93.2,2.0,1.0,A,1212000.0,13004.0
V04519,Surface utile,mars-2027,Paris,Saint-Germain-des-Pres,75,Ile-de-France,T4,Le Domaine Horizon,83.5,3.0,2.0,B,1156000.0,13844.0
V04663,Surface utile,Libre immediatement,Creteil,Mont-Mesly,94,Ile-de-France,T5,,98.8,3.0,0.0,B,308000.0,3117.0
V13156,Surface Carrez,Libre immediatement,Versailles,Porchefontaine,78,Ile-de-France,T6,,145.7,3.0,2.0,D,776000.0,5326.0
V13071,Surface Carrez,Libre immediatement,Neuilly-sur-Seine,Sablons,92,Ile-de-France,T6,,93.7,3.0,0.0,E,967000.0,10320.0
V04911,Surface Carrez,Libre immediatement,Paris,Vaugirard,75,Ile-de-France,T2,Cour Montaigne,44,1.0,0.0,E,399000.0,9068.0
V00830,Surface au sol,mars-2026,Creteil,Lac,94,Ile-de-France,Maison 4 pieces,Le Clos du Lac,72.1,1.0,1.0,B,318000.0,4411.0
V12149,Surface Carrez,Libre immediatement,Paris,Montmartre,75,Ile-de-France,T2,,53.7,1.0,0.0,D,521000.0,9702.0
V05022,Surface Carrez,Libre immediatement,Boulogne-Billancourt,Parchamp,92,Ile-de-France,T2,,48.5,1.0,0.0,E,345000.0,7113.0
V02916,Surface Carrez,Libre immediatement,Paris,Montmartre,75,Ile-de-France,T2,,34.5,1.0,0.0,D,269000.0,7797.0
V10637,Surface habitable,dec-2028,Paris,Batignolles,75,Ile-de-France,T3,Cour Beausejour,62.7,2.0,1.0,B,659000.0,10510.0
V04004,Surface Carrez,Libre immediatement,Vitry-sur-Seine,Port-a-l'Anglais,94,Ile-de-France,T5,,122.2,2.0,0.0,D,457000.0,3740.0
V14573,Surface au sol,Libre immediatement,Montreuil,Bas-Montreuil,93,Ile-de-France,Maison 7 pieces,Le Domaine Voltaire,199.3,4.0,0.0,F,736000.0,3693.0
V10051,Surface Carrez,Libre immediatement,Creteil,Lac,94,Ile-de-France,T6,Le Parc Belvedere,147.5,3.0,0.0,D,637000.0,4319.0
V03627,Surface Carrez,Libre immediatement,Paris,Buttes-Chaumont,75,Ile-de-France,T6,,174.8,3.0,0.0,E,1180000.0,6751.0
V00365,Surface habitable,Libre immediatement,Paris,Bercy,75,Ile-de-France,T3,,62.4,2.0,0.0,D,597000.0,9567.0
V07883,Surface Carrez,Libre immediatement,Paris,Gobelins,75,Ile-de-France,T2,Les Jardins des Chenes,46.3,1.0,,D,367000.0,7927.0
V00584,Surface Carrez,aout-2027,Paris,Vaugirard,75,Ile-de-France,T1,Carre Saint-Martin,38.7,1.0,,A,421000.0,10879.0
V03288,Surface Carrez,Libre immediatement,Versailles,Saint-Louis,78,Ile-de-France,T4,,70.8,2.0,1.0,C,427000.0,6031.0
V11315,Surface Carrez,Libre immediatement,Paris,Saint-Germain-des-Pres,75,Ile-de-France,T1,,24.2,1.0,0.0,C,364000.0,15041.0
V04082,Surface habitable,Libre immediatement,Aubervilliers,Centre,93,Ile-de-France,T3,,76.5,1.0,2.0,E,222000.0,2902.0
V03470,Surface Carrez,Libre immediatement,Paris,Buttes-Chaumont,75,Ile-de-France,T4,Les Terrasses Opale,88.9,3.0,2.0,F,585000.0,6580.0
V01311,Surface Carrez,Libre immediatement,Issy-les-Moulineaux,Val de Seine,92,Ile-de-France,T2,Villa Montaigne,49,1.0,1.0,B,370000.0,7551.0
V10581,Surface Carrez,Libre immediatement,Bobigny,Pont de Bondy,93,Ile-de-France,T3,Le Parc Opale,52 - 61,2.0,2.0,C,163000.0,
V14278,Surface habitable,Libre immediatement,Paris,Batignolles,75,Ile-de-France,T3,Le Hameau Concorde,59.7,2.0,0.0,E,470000.0,7873.0
V10284,Surface utile,mars-2026,Boulogne-Billancourt,Parchamp,92,Ile-de-France,T2,Carre Verte,46.5,1.0,,C,589000.0,12667.0
V01594,Surface Carrez,Libre immediatement,Vincennes,Republique,94,Ile-de-France,T2,,43,1.0,0.0,D,308000.0,7163.0
V00974,Surface habitable,mars-2027,Paris,Vaugirard,75,Ile-de-France,T3,Le Parc des Lilas,72.6,1.0,2.0,C,764000.0,10523.0
V10330,Surface Carrez,dec-2026,Versailles,Notre-Dame,78,Ile-de-France,T3,Le Domaine Bellevue,61.9,1.0,0.0,A,514000.0,8304.0
V09662,Surface Carrez,Libre immediatement,Paris,Saint-Germain-des-Pres,75,Ile-de-France,T2,Cour Opale,48.8,1.0,0.0,E,469000.0,9611.0
V04095,Surface Carrez,Libre immediatement,Meaux,Hopital,77,Ile-de-France,T1,Carre du Parc,30.5,1.0,1.0,E,74000.0,2426.0
V12412,Surface Carrez,Libre immediatement,Paris,Bercy,75,Ile-de-France,T5,Villa du Parc,133.8,3.0,0.0,B,1285000.0,9604.0
V12386,Surface utile,Libre immediatement,Paris,Batignolles,75,Ile-de-France,T4,,95.5,3.0,0.0,C,915000.0,9581.0
V06597,Surface Carrez,Libre immediatement,Neuilly-sur-Seine,Sablons,92,Ile-de-France,T4,Esprit Symphonie,97,2.0,0.0,D,1041000.0,10732.0
V00333,Surface Carrez,Libre immediatement,Paris,Porte de Clignancourt,75,Ile-de-France,T3,,63.2,2.0,0.0,B,395000.0,6250.0
V03173,Surface Carrez,Libre immediatement,Aubervilliers,Landy,93,Ile-de-France,T3,,62.7,2.0,1.0,G,171000.0,2727.0
V06024,Surface Carrez,avr-2026,Aubervilliers,Landy,93,Ile-de-France,T2,Cour Saint-Martin,35.3,1.0,2.0,B,118000.0,3343.0
V06932,Surface Carrez,fevr-2027,Bobigny,Centre-ville,93,Ile-de-France,T2,Les Terrasses du Parc,39,1.0,1.0,B,148000.0,3795.0
V06989,Surface habitable,Libre immediatement,Nanterre,Parc Sud,92,Ile-de-France,T3,,59.7,2.0,2.0,D,368000.0,6164.0
V07286,Surface habitable,Libre immediatement,Boulogne-Billancourt,Parchamp,92,Ile-de-France,T3,,71.8,2.0,1.0,C,572000.0,7967.0
V08614,Surface habitable,Libre immediatement,Montrouge,Portes de Montrouge,92,Ile-de-France,T4,,66.6,3.0,1.0,E,473000.0,7102.0
V00672,Surface Carrez,Libre immediatement,Paris,Montmartre,75,Ile-de-France,T2,Le Clos du Lac,46.4,1.0,0.0,E,379000.0,8168.0
V03868,Surface habitable,Libre immediatement,Argenteuil,Orgemont,95,Ile-de-France,T3,,65.6,2.0,1.0,G,148000.0,2256.0
V10184,Surface Carrez,fevr-2028,Paris,La Muette,75,Ile-de-France,T4,Les Allees Opale,0.91 are,3.0,1.0,C,1106000.0,
V00241,Surface Carrez,Libre immediatement,Ivry-sur-Seine,Ivry-Port,94,Ile-de-France,T4,Carre des Chenes,100.6,3.0,2.0,G,406000.0,4036.0
V12330,Surface Carrez,oct-2026,Saint-Denis,Franc-Moisin,93,Ile-de-France,T1,Carre Opale,33.6,1.0,1.0,B,105000.0,3125.0
V04661,Surface Carrez,Libre immediatement,Meaux,Beauval,77,Ile-de-France,T4,Le Clos du Lac,100.8,3.0,0.0,D,175000.0,1736.0
V00260,Surface utile,Libre immediatement,Paris,La Muette,75,Ile-de-France,T2,,56,1.0,0.0,B,733000.0,13089.0
V08582,Surface habitable,juil-2027,Paris,Saint-Germain-des-Pres,75,Ile-de-France,T4,Villa Riviera,105.3,3.0,3.0,B,1831000.0,17388.0
V13437,Surface utile,Libre immediatement,Paris,Le Marais,75,Ile-de-France,T2,Le Domaine d'Argent,57.8,1.0,1.0,E,631000.0,10917.0
V03502,Surface Carrez,Libre immediatement,Saint-Germain-en-Laye,Alsace,78,Ile-de-France,T4,Le Parc Cristal,86.2,1.0,1.0,B,593000.0,6879.0
V14217,Surface Carrez,Libre immediatement,Paris,Montmartre,75,Ile-de-France,T2,Le Parc du Parc,53.4,1.0,1.0,D,494000.0,9251.0
V13910,Surface Carrez,dec-2027,Paris,Saint-Germain-des-Pres,75,Ile-de-France,T1,Le Clos Cristal,25.2,1.0,0.0,A,311000.0,12341.0
V14626,Surface habitable,Libre immediatement,Vincennes,Republique,94,Ile-de-France,Maison 4 pieces,,75,2.0,0.0,D,464000.0,6187.0
V02597,Surface utile,Libre immediatement,Paris,Buttes-Chaumont,75,Ile-de-France,T2,Carre d'Argent,61.8,1.0,0.0,D,465000.0,7524.0
V13194,Surface Carrez,Libre immediatement,Boulogne-Billancourt,Centre-Ville,92,Ile-de-France,T4,Le Hameau Concorde,84.5,1.0,1.0,C,680000.0,8047.0
V05763,Surface Carrez,Libre immediatement,Nanterre,Petit-Nanterre,92,Ile-de-France,T2,,36.7,1.0,,C,168000.0,4578.0
V01762,Surface Carrez,Libre immediatement,Paris,Vaugirard,75,Ile-de-France,T5,Les Jardins Bellevue,105.6,3.0,1.0,C,767000.0,7263.0
V07007,Surface Carrez,Libre immediatement,Paris,Montmartre,75,Ile-de-France,T2,Le Hameau Latitude,50.9,1.0,0.0,E,377000.0,7407.0
V07801,Surface Carrez,Libre immediatement,Montreuil,Bel-Air,93,Ile-de-France,T3,Le Hameau Beausejour,51.3,2.0,2.0,D,221000.0,4308.0
V00485,Surface Carrez,oct-2028,Montrouge,Ferry-Jaures,92,Ile-de-France,T3,Le Parc Beausejour,58.4,2.0,0.0,A,599000.0,10257.0
V11986,Surface Carrez,Libre immediatement,Paris,Le Marais,75,Ile-de-France,T3,,49.4,1.0,2.0,D,574000.0,11619.0
V11814,Surface Carrez,Libre immediatement,Noisy-le-Grand,Butte Verte,93,Ile-de-France,T5,Les Terrasses Riviera,118.2,3.0,0.0,C,436000.0,3689.0
V01515,Surface Carrez,Libre immediatement,Cergy,Cergy-Saint-Christophe,95,Ile-de-France,T5,,107.2,3.0,0.0,C,300000.0,2799.0
V05420,Surface utile,Libre immediatement,Issy-les-Moulineaux,Val de Seine,92,Ile-de-France,T3,Residence des Acacias,80.6,2.0,1.0,C,886000.0,10993.0
V09838,Surface Carrez,Libre immediatement,Paris,Porte de Clignancourt,75,Ile-de-France,T3,,61.7,2.0,1.0,E,410000.0,6645.0
V03743,Surface utile,Libre immediatement,Paris,Buttes-Chaumont,75,Ile-de-France,T2,Le Parc des Acacias,36.7,1.0,1.0,D,231000.0,6294.0
V06984,Surface habitable,Libre immediatement,Trappes,Sand-Pergaud-Verlaine,78,Ile-de-France,T3,Les Allees Montaigne,71.6,2.0,0.0,D,185000.0,2584.0
V08741,Surface Carrez,Libre immediatement,Aubervilliers,Villette-Quatre-Chemins,93,Ile-de-France,T3,Cour Horizon,49.5,,1.0,D,150000.0,3030.0
V05477,Surface Carrez,Libre immediatement,Paris,Buttes-Chaumont,75,Ile-de-France,T3,Residence des Lilas,67.2,1.0,0.0,A,503000.0,7485.0
V07912,Surface Carrez,Libre immediatement,Paris,Gobelins,75,Ile-de-France,T3,Villa Latitude,54.7,2.0,0.0,D,504000.0,9214.0
V14850,Surface Carrez,juil-2028,Ivry-sur-Seine,Petit-Ivry,94,Ile-de-France,T4,Residence Beausejour,92.3,1.0,0.0,A,385000.0,4171.0
V04183,Surface Carrez,avr-2029,Paris,Buttes-Chaumont,75,Ile-de-France,T2,Les Allees Cristal,61.3,1.0,0.0,C,538000.0,8777.0
V12309,Surface Carrez,Libre immediatement,Bobigny,Centre-ville,93,Ile-de-France,T2,Les Allees du Lac,51.9,1.0,,C,149000.0,2871.0
V03090,Surface utile,avr-2026,Montreuil,Bel-Air,93,Ile-de-France,T2,Le Parc Riviera,48,1.0,0.0,A,257000.0,5354.0
V00399,Surface Carrez,Libre immediatement,Montreuil,Bas-Montreuil,93,Ile-de-France,T4,Le Domaine Opale,88.1,3.0,0.0,D,456000.0,5176.0
V04942,Surface Carrez,Libre immediatement,Saint-Denis,Grand Centre,93,Ile-de-France,Maison 4 pieces,Les Terrasses Symphonie,96.8,3.0,1.0,D,232000.0,2397.0
V11832,Surface Carrez,Libre immediatement,Mantes-la-Jolie,Gassicourt,78,Ile-de-France,T2,Les Terrasses d'Argent,39.8,1.0,0.0,B,109000.0,2739.0
V13880,Surface Carrez,Libre immediatement,Paris,Bercy,75,Ile-de-France,T3,,48.7,1.0,0.0,C,495000.0,10164.0
V12178,Surface Carrez,Libre immediatement,Montreuil,Mairie,93,Ile-de-France,T4,Cour Verte,70.3,3.0,2.0,E,292000.0,4154.0
V05392,Surface habitable,Libre immediatement,Montreuil,Ruffins,93,Ile-de-France,T1,,29.5,1.0,1.0,E,123000.0,4169.0
V10555,Surface habitable,Libre immediatement,Paris,Vaugirard,75,Ile-de-France,T2,Le Parc Symphonie,56 - 62,1.0,0.0,D,546000.0,
V12485,Surface habitable,Libre immediatement,Boulogne-Billancourt,Rives de Seine,92,Ile-de-France,T3,Esprit des Acacias,57.7,1.0,0.0,C,579000.0,10035.0
V03643,Surface Carrez,Libre immediatement,Saint-Denis,La Plaine,93,Ile-de-France,T2,Le Hameau Beausejour,41,1.0,0.0,,147000.0,3585.0
V10695,Surface Carrez,Libre immediatement,Noisy-le-Grand,Champy,93,Ile-de-France,T3,,47.4,1.0,0.0,D,182000.0,3840.0
V06464,Surface habitable,dec-2026,Levallois-Perret,Front de Seine,92,Ile-de-France,T3,Cour Belvedere,59.9,2.0,0.0,B,662000.0,11052.0
V08039,Surface utile,nov-2027,Paris,Champ-de-Mars,75,Ile-de-France,T4,Le Clos Concorde,76.2,3.0,2.0,B,1156000.0,15171.0
V04631,Surface Carrez,Libre immediatement,Montrouge,Ferry-Jaures,92,Ile-de-France,T2,Esprit Beausejour,39.8,1.0,1.0,C,281000.0,7060.0
V02185,Surface Carrez,Libre immediatement,Paris,Vaugirard,75,Ile-de-France,T4,Les Terrasses d'Argent,92.9,3.0,0.0,F,715000.0,7696.0
V12473,Surface habitable,Libre immediatement,Paris,Gobelins,75,Ile-de-France,T3,,55.7,2.0,1.0,D,560000.0,10054.0
V01185,Surface Carrez,Libre immediatement,Paris,Belleville,75,Ile-de-France,T3,Les Jardins Horizon,85.5,1.0,0.0,D,523000.0,6117.0
V04214,Surface Carrez,dec-2026,Issy-les-Moulineaux,Fort d'Issy,92,Ile-de-France,T6,Les Terrasses du Lac,117.1,3.0,2.0,B,1177000.0,10051.0
V00995,Surface utile,Libre immediatement,Evry-Courcouronnes,Bois Sauvage,91,Ile-de-France,Maison 4 pieces,,85.3,2.0,0.0,D,150000.0,1758.0
V03200,Surface habitable,Libre immediatement,Paris,Batignolles,75,Ile-de-France,T5,,95,2.0,0.0,B,923000.0,9716.0
V02783,Surface Carrez,Libre immediatement,Paris,Vaugirard,75,Ile-de-France,T4,Carre des Lilas,76.6,3.0,1.0,E,687000.0,8969.0
V00206,Surface Carrez,mars-2027,Trappes,Sand-Pergaud-Verlaine,78,Ile-de-France,T2,Les Terrasses Latitude,44.7,1.0,0.0,B,143000.0,3199.0
V09224,Surface Carrez,Libre immediatement,Argenteuil,Val d'Argent,95,Ile-de-France,T3,Cour Opale,72.1,2.0,0.0,C,160000.0,2219.0
V09060,Surface Carrez,Libre immediatement,Paris,Saint-Germain-des-Pres,75,Ile-de-France,T4,Residence des Lilas,94.9,3.0,0.0,F,1084000.0,11423.0
V03977,Surface habitable,Libre immediatement,Noisy-le-Grand,Champy,93,Ile-de-France,T3,Cour des Lilas,70.1,2.0,1.0,D,253000.0,3609.0
V08457,Surface Carrez,Libre immediatement,Paris,Le Marais,75,Ile-de-France,T3,,57.4,2.0,2.0,D,625000.0,10889.0
V06704,Surface habitable,Libre immediatement,Bobigny,Pont de Bondy,93,Ile-de-France,T5,,88.7,2.0,0.0,D,249000.0,2807.0
V10207,Surface Carrez,Libre immediatement,Montrouge,Ferry-Jaures,92,Ile-de-France,T2,Esprit du Parc,43.2,1.0,2.0,C,310000.0,7176.0
V12596,Surface Carrez,Libre immediatement,Antony,Les Baconnets,92,Ile-de-France,T6,,129.6,3.0,1.0,F,478000.0,3688.0
V02054,Surface Carrez,Libre immediatement,Bobigny,Abreuvoir,93,Ile-de-France,T2,Le Clos Symphonie,42.8,1.0,0.0,C,107000.0,2500.0
V10741,Surface Carrez,Libre immediatement,Argenteuil,Val d'Argent,95,Ile-de-France,T1,,35.7,1.0,1.0,C,123000.0,3445.0
V03710,Surface utile,Libre immediatement,Montreuil,Bas-Montreuil,93,Ile-de-France,T5,,111.7,1.0,1.0,D,445000.0,3984.0
V12545,Surface Carrez,Libre immediatement,Creteil,Centre Ancien,94,Ile-de-France,T2,,62.7,1.0,1.0,D,291000.0,4641.0
V11050,Surface Carrez,Libre immediatement,Paris,Le Marais,75,Ile-de-France,T3,Cour Concorde,56.8,2.0,,B,795000.0,13996.0
V10187,Surface habitable,Libre immediatement,Paris,Saint-Germain-des-Pres,75,Ile-de-France,T4,Esprit des Acacias,89.5,2.0,0.0,C,1291000.0,14425.0
V05575,Surface utile,Libre immediatement,Paris,Batignolles,75,Ile-de-France,T2,,45.2,1.0,,E,261000.0,5774.0
V09274,Surface habitable,Libre immediatement,Paris,Gobelins,75,Ile-de-France,T2,,46.1,1.0,0.0,G,325000.0,7050.0
V14876,Surface habitable,Libre immediatement,Levallois-Perret,Centre,92,Ile-de-France,T5,,136.8,3.0,1.0,B,1267000.0,9262.0
V08506,Surface Carrez,Libre immediatement,Cergy,Cergy-Saint-Christophe,95,Ile-de-France,T4,,78.3,1.0,2.0,D,175000.0,2235.0
V08635,Surface habitable,Libre immediatement,Saint-Denis,Basilique,93,Ile-de-France,T4,Le Parc du Parc,77.4,2.0,0.0,C,252000.0,3256.0
V10484,Surface habitable,Libre immediatement,Paris,Vaugirard,75,Ile-de-France,T4,,86.8,2.0,0.0,C,880000.0,10138.0
V07384,Surface Carrez,Libre immediatement,Issy-les-Moulineaux,Corentin Celton,92,Ile-de-France,T2,,47,1.0,2.0,E,343000.0,7298.0
V05376,Surface Carrez,Libre immediatement,Melun,Centre-Ville,77,Ile-de-France,T4,Le Parc Belvedere,88.2,3.0,1.0,E,209000.0,2370.0
V07314,Surface Carrez,Libre immediatement,Vincennes,Domaine du Bois,94,Ile-de-France,T3,Villa Riviera,79,1.0,1.0,C,524000.0,6633.0
V13526,Surface Carrez,Libre immediatement,Paris,Bercy,75,Ile-de-France,T3,Le Hameau Symphonie,82.6,2.0,1.0,D,761000.0,9213.0
V07036,Surface Carrez,Libre immediatement,Boulogne-Billancourt,Point du Jour,92,Ile-de-France,T3,,70,,0.0,C,536000.0,7657.0
V03213,Surface Carrez,Libre immediatement,Neuilly-sur-Seine,Village,92,Ile-de-France,T4,Cour Concorde,73.3,2.0,1.0,F,627000.0,8554.0
V09585,Surface Carrez,Libre immediatement,Bobigny,Abreuvoir,93,Ile-de-France,T4,,97.5,3.0,0.0,E,244000.0,2503.0
V04083,Surface Carrez,aout-2027,Paris,Belleville,75,Ile-de-France,Maison 4 pieces,Les Jardins Horizon,88.2,3.0,0.0,B,739000.0,8379.0
V09702,Surface Carrez,Libre immediatement,Boulogne-Billancourt,Point du Jour,92,Ile-de-France,T3,,65,1.0,0.0,D,460000.0,7077.0
V14043,Surface Carrez,Libre immediatement,Paris,Belleville,75,Ile-de-France,T4,,88.5,3.0,0.0,E,594000.0,6712.0
V04243,Surface habitable,Libre immediatement,Paris,Batignolles,75,Ile-de-France,T3,Les Terrasses Riviera,63,1.0,1.0,B,481000.0,7635.0
V06466,Surface Carrez,Libre immediatement,Paris,Bercy,75,Ile-de-France,T3,,54.5,1.0,1.0,,404000.0,7413.0
V09514,Surface habitable,avr-2027,Nanterre,Parc Sud,92,Ile-de-France,T5,Le Domaine Bellevue,121.3,3.0,1.0,B,812000.0,6694.0
V13457,Surface Carrez,Libre immediatement,Versailles,Porchefontaine,78,Ile-de-France,T6,Le Parc Voltaire,165.5,3.0,1.0,C,1026000.0,6199.0
V07990,Surface Carrez,mai-2027,Paris,Gobelins,75,Ile-de-France,T3,Les Terrasses Concorde,51.3,2.0,1.0,C,596000.0,11618.0
V00954,Surface utile,Libre immediatement,Paris,Bercy,75,Ile-de-France,T4,,81.9,3.0,0.0,,754000.0,9206.0
V11848,Surface Carrez,Libre immediatement,Paris,Le Marais,75,Ile-de-France,T2,Esprit du Parc,39.8,1.0,2.0,C,409000.0,10276.0
V05969,Surface Carrez,Libre immediatement,Aubervilliers,Centre,93,Ile-de-France,T4,Residence Symphonie,81.8,3.0,0.0,D,298000.0,3643.0
V00376,Surface Carrez,Libre immediatement,Vincennes,Centre-Ville,94,Ile-de-France,T3,,64.3,2.0,0.0,D,441000.0,6858.0
V09885,Surface habitable,Libre immediatement,Paris,La Muette,75,Ile-de-France,T3,Le Parc Cristal,72.8,2.0,0.0,E,657000.0,9025.0
V10386,Surface Carrez,Libre immediatement,Paris,Belleville,75,Ile-de-France,T3,Esprit des Acacias,67.4,2.0,1.0,C,484000.0,7181.0
V05137,Surface Carrez,Libre immediatement,Boulogne-Billancourt,Point du Jour,92,Ile-de-France,T5,,122.9,2.0,1.0,C,795000.0,6469.0
V12316,Surface Carrez,Libre immediatement,Issy-les-Moulineaux,Les Epinettes,92,Ile-de-France,T2,Le Domaine Riviera,36.8,1.0,0.0,E,244000.0,6630.0
V06582,Surface Carrez,Libre immediatement,Saint-Denis,Pleyel,93,Ile-de-France,T2,,65.7,1.0,0.0,D,169000.0,2572.0
V12277,Surface Carrez,Libre immediatement,Ivry-sur-Seine,Petit-Ivry,94,Ile-de-France,T4,Les Terrasses d'Argent,108.2,3.0,1.0,C,438000.0,4048.0
V06258,Surface habitable,avr-2027,Ivry-sur-Seine,Petit-Ivry,94,Ile-de-France,T4,Le Hameau Beausejour,90.7,1.0,1.0,A,469000.0,5171.0
V05305,Surface Carrez,Libre immediatement,Paris,La Muette,75,Ile-de-France,T2,Les Allees Concorde,35.7,1.0,2.0,E,498000.0,13950.0
V12060,Surface Carrez,Libre immediatement,Bobigny,Etoile,93,Ile-de-France,T4,,90.4,1.0,0.0,B,226000.0,2500.0
V11828,Surface Carrez,Libre immediatement,Paris,Vaugirard,75,Ile-de-France,T3,,50,2.0,,F,466000.0,9320.0
V07527,Surface Carrez,oct-2026,Ivry-sur-Seine,Petit-Ivry,94,Ile-de-France,T4,Les Jardins Riviera,83.9,3.0,0.0,B,499000.0,5948.0
V03724,Surface habitable,sept-2027,Montreuil,Ruffins,93,Ile-de-France,T4,Les Terrasses des Chenes,100.3,1.0,1.0,A,430000.0,4287.0
V14994,Surface Carrez,Libre immediatement,Paris,Porte de Clignancourt,75,Ile-de-France,T2,,46.6,1.0,1.0,F,259000.0,5558.0
V13547,Surface Carrez,Libre immediatement,Neuilly-sur-Seine,Saint-James,92,Ile-de-France,Maison 5 pieces,Les Allees Belvedere,174.4,1.0,0.0,C,1858000.0,10654.0
V14012,Surface Carrez,Libre immediatement,Boulogne-Billancourt,Point du Jour,92,Ile-de-France,T5,,83.9,3.0,1.0,A,760000.0,9058.0
V12895,Surface Carrez,janv-2026,Noisy-le-Grand,Centre-ville,93,Ile-de-France,T5,Le Hameau du Parc,82 - 101,3.0,1.0,A,359000.0,
V03583,Surface Carrez,avr-2028,Paris,Champ-de-Mars,75,Ile-de-France,T3,Le Clos Belvedere,58.2,1.0,0.0,C,1129000.0,19399.0
V00136,Surface Carrez,Libre immediatement,Paris,Gobelins,75,Ile-de-France,T6,Le Hameau Riviera,188.2,3.0,0.0,F,1386000.0,7365.0
V07911,Surface habitable,Libre immediatement,Bobigny,Pont de Bondy,93,Ile-de-France,T5,,118,3.0,0.0,C,350000.0,2966.0
V00526,Surface au sol,Libre immediatement,Versailles,Chantiers,78,Ile-de-France,Maison 5 pieces,,156.8,2.0,0.0,C,827000.0,5274.0
V11354,Surface Carrez,Libre immediatement,Paris,Montmartre,75,Ile-de-France,T4,Le Parc Bellevue,107.4,2.0,,D,1031000.0,9600.0
V01764,Surface Carrez,Libre immediatement,Montreuil,Ruffins,93,Ile-de-France,T2,,49.8,1.0,1.0,E,160000.0,3213.0
V03324,Surface Carrez,Libre immediatement,Mantes-la-Jolie,Centre-Ville,78,Ile-de-France,T4,,80.8,2.0,0.0,E,213000.0,2636.0
V01446,Surface Carrez,Libre immediatement,Cergy,Cergy-Saint-Christophe,95,Ile-de-France,T3,Carre Saint-Martin,58.3,1.0,1.0,C,137000.0,2350.0
V07242,Surface habitable,Libre immediatement,Paris,Montmartre,75,Ile-de-France,T2,,51.4,1.0,2.0,C,398000.0,7743.0
V07277,Surface Carrez,juin-2027,Paris,Champ-de-Mars,75,Ile-de-France,T1,Cour Symphonie,33 - 38,1.0,0.0,B,583000.0,
V10390,Surface habitable,Libre immediatement,Ivry-sur-Seine,Petit-Ivry,94,Ile-de-France,T2,,46.1,1.0,0.0,E,158000.0,3427.0
V01717,Surface Carrez,Libre immediatement,Melun,Montaigu,77,Ile-de-France,T4,Carre des Acacias,68.6,3.0,1.0,D,145000.0,2114.0
V07213,Surface Carrez,Libre immediatement,Vitry-sur-Seine,Centre-Ville,94,Ile-de-France,T3,Le Clos du Parc,61.1,1.0,1.0,D,242000.0,3961.0
V10281,Surface habitable,Libre immediatement,Creteil,Centre Ancien,94,Ile-de-France,Maison 4 pieces,,90.2,3.0,2.0,E,292000.0,3237.0
V09456,Surface habitable,janv-2027,Trappes,Sand-Pergaud-Verlaine,78,Ile-de-France,T3,Residence Montaigne,75.9,2.0,0.0,B,219000.0,2885.0
V05413,Surface Carrez,Libre immediatement,Paris,Saint-Germain-des-Pres,75,Ile-de-France,T2,Le Parc Saint-Martin,54.7,1.0,1.0,E,662000.0,12102.0
V01162,Surface utile,Libre immediatement,Boulogne-Billancourt,Point du Jour,92,Ile-de-France,T2,Le Clos Opale,38.6,1.0,0.0,B,269000.0,6969.0
V08649,Surface habitable,Libre immediatement,Argenteuil,Coteaux,95,Ile-de-France,T5,Le Domaine Verte,144,3.0,1.0,B,438000.0,3042.0
V12070,Surface utile,dec-2027,Vincennes,Centre-Ville,94,Ile-de-France,T5,Le Parc Voltaire,83.9,3.0,0.0,C,719000.0,8570.0
V10810,Surface Carrez,Libre immediatement,Paris,Le Marais,75,Ile-de-France,T3,Le Hameau des Chenes,67.8,2.0,0.0,E,925000.0,13643.0
V07158,Surface Carrez,Libre immediatement,Paris,La Muette,75,Ile-de-France,T4,Le Parc Opale,83.4,2.0,1.0,F,728000.0,8729.0
V10137,Surface Carrez,Libre immediatement,Paris,Saint-Germain-des-Pres,75,Ile-de-France,T4,,99.7,3.0,0.0,D,998000.0,10010.0
V13267,Surface Carrez,nov-2028,Evry-Courcouronnes,Centre-Ville,91,Ile-de-France,T4,Le Domaine Voltaire,88.4,3.0,0.0,A,334000.0,3778.0
V07744,Surface Carrez,Libre immediatement,Paris,Porte de Clignancourt,75,Ile-de-France,T3,Villa Belvedere,57.9,1.0,1.0,E,384000.0,6632.0
V01606,Surface Carrez,Libre immediatement,Issy-les-Moulineaux,Fort d'Issy,92,Ile-de-France,T1,Le Parc des Lilas,34.9,1.0,1.0,F,220000.0,6304.0
V09565,Surface Carrez,Libre immediatement,Paris,Montmartre,75,Ile-de-France,T2,Le Parc Bellevue,28.7,1.0,1.0,E,231000.0,8049.0
V00214,Surface Carrez,Libre immediatement,Montreuil,Croix de Chavaux,93,Ile-de-France,T3,,85,1.0,1.0,F,340000.0,4000.0
V07087,Surface Carrez,Libre immediatement,Evry-Courcouronnes,Bois Sauvage,91,Ile-de-France,T3,Residence Cristal,52.4,2.0,,E,106000.0,2023.0
V14648,Surface habitable,Libre immediatement,Paris,Porte de Clignancourt,75,Ile-de-France,T6,,99.2,1.0,2.0,D,593000.0,5978.0
V03107,Surface Carrez,Libre immediatement,Versailles,Chantiers,78,Ile-de-France,T2,,45.6,1.0,2.0,D,224000.0,4912.0
V02179,Surface Carrez,Libre immediatement,Creteil,Lac,94,Ile-de-France,T3,Les Terrasses Horizon,55.5,2.0,2.0,C,289000.0,5207.0
V09709,Surface utile,Libre immediatement,Noisy-le-Grand,Butte Verte,93,Ile-de-France,T2,Les Jardins Belvedere,47.3,1.0,0.0,E,173000.0,3658.0
V10409,Surface habitable,Libre immediatement,Creteil,Mont-Mesly,94,Ile-de-France,T3,,59,2.0,0.0,D,246000.0,4169.0
V12638,Surface Carrez,Libre immediatement,Cergy,Cergy-le-Haut,95,Ile-de-France,T3,Le Parc Cristal,64,2.0,2.0,B,173000.0,2703.0
V04991,Surface Carrez,Libre immediatement,Paris,Bercy,75,Ile-de-France,T2,,47.1,1.0,0.0,D,371000.0,7877.0
V14984,Surface habitable,Libre immediatement,Noisy-le-Grand,Mont d'Est,93,Ile-de-France,T6,,137,3.0,2.0,G,436000.0,3182.0
V01904,Surface Carrez,Libre immediatement,Paris,Bercy,75,Ile-de-France,T2,,36.3,1.0,0.0,E,293000.0,8072.0
V03363,Surface Carrez,Libre immediatement,Meaux,Centre-Ville,77,Ile-de-France,T2,,66.3,1.0,1.0,C,137000.0,2066.0
V13623,Surface habitable,Libre immediatement,Paris,Buttes-Chaumont,75,Ile-de-France,T3,Le Hameau du Lac,59.1,1.0,1.0,C,396000.0,6701.0
V06664,Surface Carrez,dec-2029,Paris,Gobelins,75,Ile-de-France,T4,Le Parc Montaigne,87.8,3.0,0.0,B,870000.0,9909.0
V12428,Surface utile,Libre immediatement,Vitry-sur-Seine,Port-a-l'Anglais,94,Ile-de-France,T3,,70.4,2.0,1.0,C,317000.0,4503.0
V01233,Surface habitable,mai-2027,Noisy-le-Grand,Champy,93,Ile-de-France,T1,Les Allees Concorde,25.2,1.0,1.0,A,113000.0,4484.0
V10101,Surface Carrez,Libre immediatement,Paris,Batignolles,75,Ile-de-France,T3,Le Clos Beausejour,51.6,1.0,0.0,D,514000.0,9961.0
V01279,Surface Carrez,Libre immediatement,Nanterre,Centre,92,Ile-de-France,T4,Le Parc Bellevue,83.7,1.0,1.0,E,323000.0,3859.0
V14415,Surface Carrez,avr-2027,Paris,Le Marais,75,Ile-de-France,T4,Les Allees du Parc,93.3,2.0,0.0,B,1581000.0,16945.0
V00975,Surface habitable,Libre immediatement,Bobigny,Centre-ville,93,Ile-de-France,T3,Le Clos des Chenes,56.3,2.0,0.0,A,196000.0,3481.0
V06997,Surface Carrez,Libre immediatement,Mantes-la-Jolie,Gassicourt,78,Ile-de-France,T3,,64.4,1.0,1.0,D,191000.0,2966.0
V10965,Surface Carrez,janv-2027,Montreuil,Ruffins,93,Ile-de-France,T3,Carre Beausejour,56,2.0,0.0,C,290000.0,5179.0
V06427,Surface habitable,aout-2027,Ivry-sur-Seine,Monmousseau,94,Ile-de-France,T4,Esprit des Lilas,77,2.0,2.0,C,417000.0,5416.0
V03463,Surface Carrez,janv-2027,Neuilly-sur-Seine,Bagatelle,92,Ile-de-France,Maison 4 pieces,Carre Latitude,122.7,2.0,0.0,C,1273000.0,10375.0
V05515,Surface Carrez,Libre immediatement,Aubervilliers,Fort d'Aubervilliers,93,Ile-de-France,T2,,45.4,1.0,0.0,C,123000.0,2709.0
V14496,Surface Carrez,mai-2027,Paris,Saint-Germain-des-Pres,75,Ile-de-France,T4,Cour des Chenes,71.1,1.0,1.0,A,1241000.0,17454.0
V10108,Surface Carrez,Libre immediatement,Paris,Gobelins,75,Ile-de-France,T3,Le Domaine Montaigne,62.2,1.0,0.0,E,571000.0,9180.0
V10067,Surface Carrez,Libre immediatement,Nanterre,Centre,92,Ile-de-France,T2,Le Domaine des Lilas,45 - 53,1.0,0.0,,203000.0,
V02805,Surface utile,Libre immediatement,Paris,Batignolles,75,Ile-de-France,T4,,91.1,1.0,3.0,C,866000.0,9506.0
V07851,Surface Carrez,Libre immediatement,Montrouge,Portes de Montrouge,92,Ile-de-France,T2,Residence Beausejour,44.9,1.0,0.0,A,324000.0,7216.0
V02719,Surface Carrez,Libre immediatement,Montreuil,Bas-Montreuil,93,Ile-de-France,T3,Les Terrasses Montaigne,72.9,2.0,0.0,D,382000.0,5240.0
V00083,Surface au sol,Libre immediatement,Nanterre,Parc Sud,92,Ile-de-France,Maison 5 pieces,,116.5,4.0,1.0,C,562000.0,4824.0
V12699,Surface Carrez,Libre immediatement,Paris,Gobelins,75,Ile-de-France,T3,Le Domaine d'Argent,69.6,2.0,1.0,G,466000.0,6695.0
V11416,Surface Carrez,Libre immediatement,Cergy,Cergy-Saint-Christophe,95,Ile-de-France,T1,Villa du Parc,22.5,1.0,1.0,B,50000.0,2222.0
V12723,Surface Carrez,Libre immediatement,Aubervilliers,Centre,93,Ile-de-France,T2,,46.3,1.0,1.0,C,133000.0,2873.0
V08700,Surface Carrez,Libre immediatement,Noisy-le-Grand,Mont d'Est,93,Ile-de-France,T3,Le Hameau Concorde,65.3,2.0,1.0,D,286000.0,4380.0
V12241,Surface habitable,Libre immediatement,Meaux,Beauval,77,Ile-de-France,T5,,115,2.0,1.0,C,209000.0,1817.0
V10254,Surface utile,Libre immediatement,Creteil,Echat,94,Ile-de-France,T4,,78.5,3.0,1.0,D,330000.0,4204.0
V07262,Surface Carrez,Libre immediatement,Paris,Buttes-Chaumont,75,Ile-de-France,T3,,65.3,1.0,2.0,E,506000.0,7749.0
V08944,Surface Carrez,Libre immediatement,Montreuil,Bel-Air,93,Ile-de-France,T3,Les Allees Latitude,63.9,2.0,1.0,D,236000.0,3693.0
V07510,Surface utile,Libre immediatement,Versailles,Montreuil,78,Ile-de-France,T3,Les Allees Bellevue,90.1,2.0,0.0,F,429000.0,4761.0
V10136,Surface Carrez,Libre immediatement,Cergy,Cergy-Prefecture,95,Ile-de-France,T5,Villa Opale,143.1,3.0,1.0,D,330000.0,2306.0
V08191,Surface Carrez,Libre immediatement,Nanterre,Parc Sud,92,Ile-de-France,T2,Le Hameau Symphonie,49,1.0,,G,202000.0,4122.0
V11199,Surface Carrez,Libre immediatement,Paris,Gobelins,75,Ile-de-France,T3,,80.1,1.0,0.0,E,598000.0,7466.0
V06583,Surface Carrez,nov-2027,Mantes-la-Jolie,Gassicourt,78,Ile-de-France,T2,Le Parc Symphonie,39,1.0,,A,129000.0,3308.0
V05174,Surface Carrez,Libre immediatement,Boulogne-Billancourt,Billancourt,92,Ile-de-France,T5,Le Hameau Horizon,106.3,1.0,0.0,D,755000.0,7103.0
V01422,Surface utile,Libre immediatement,Montreuil,Ruffins,93,Ile-de-France,T4,Cour Bellevue,92.6,3.0,0.0,D,333000.0,3596.0
V07685,Surface Carrez,Libre immediatement,Antony,Les Baconnets,92,Ile-de-France,T3,Residence Beausejour,63,1.0,1.0,A,315000.0,5000.0
V03954,Surface Carrez,janv-2026,Vincennes,Bois de Vincennes,94,Ile-de-France,T4,Le Hameau Verte,99.3,3.0,0.0,B,1135000.0,11430.0
V09061,Surface Carrez,Libre immediatement,Montreuil,Croix de Chavaux,93,Ile-de-France,T3,Villa Verte,73.4,2.0,1.0,B,331000.0,4510.0
V02004,Surface Carrez,dec-2026,Boulogne-Billancourt,Rives de Seine,92,Ile-de-France,T2,Les Jardins d'Argent,43,1.0,0.0,C,411000.0,9558.0
V13646,Surface Carrez,Libre immediatement,Paris,Belleville,75,Ile-de-France,T2,,43.3,1.0,2.0,D,279000.0,6443.0
V04983,Surface au sol,Libre immediatement,Cergy,Cergy-Saint-Christophe,95,Ile-de-France,Maison 3 pieces,,72.3,1.0,0.0,C,199000.0,2752.0
V11133,Surface Carrez,Libre immediatement,Antony,Centre-Ville,92,Ile-de-France,T5,Les Allees Saint-Martin,99.8,2.0,1.0,B,414000.0,4148.0
V01081,Surface Carrez,fevr-2027,Montrouge,Ferry-Jaures,92,Ile-de-France,T5,Le Parc Voltaire,124.1,2.0,0.0,A,1276000.0,10282.0
V02933,Surface Carrez,Libre immediatement,Paris,Gobelins,75,Ile-de-France,T4,,97.2,2.0,2.0,D,946000.0,9733.0
V01750,Surface Carrez,Libre immediatement,Paris,Buttes-Chaumont,75,Ile-de-France,T4,Le Hameau d'Argent,105.8,3.0,0.0,D,804000.0,7599.0
V04957,Surface habitable,Libre immediatement,Paris,Porte de Clignancourt,75,Ile-de-France,T4,Le Clos Voltaire,101,1.0,2.0,,608000.0,6020.0
V07221,Surface Carrez,juil-2028,Levallois-Perret,Collange,92,Ile-de-France,T4,Villa du Lac,87.9,3.0,3.0,B,907000.0,10319.0
V13445,Surface Carrez,oct-2028,Paris,Gobelins,75,Ile-de-France,T4,Carre Voltaire,90.4,2.0,1.0,B,983000.0,10874.0
V13803,Surface Carrez,Libre immediatement,Bobigny,Pont de Bondy,93,Ile-de-France,Maison 5 pieces,,126,4.0,0.0,B,320000.0,2540.0
V00650,Surface Carrez,Libre immediatement,Paris,Porte de Clignancourt,75,Ile-de-France,,Carre du Parc,100.3,2.0,1.0,B,654000.0,6520.0
V13253,Surface Carrez,Libre immediatement,Boulogne-Billancourt,Centre-Ville,92,Ile-de-France,T2,,47,1.0,0.0,F,289000.0,6149.0
V06723,Surface Carrez,Libre immediatement,Saint-Denis,Franc-Moisin,93,Ile-de-France,T3,,74,1.0,1.0,D,208000.0,2811.0
V07009,Surface Carrez,Libre immediatement,Paris,Buttes-Chaumont,75,Ile-de-France,T2,,38.1,1.0,1.0,C,284000.0,7454.0
V00258,Surface Carrez,juin-2026,Cergy,Cergy-Saint-Christophe,95,Ile-de-France,T3,Les Terrasses Voltaire,73.3,1.0,1.0,A,220000.0,3001.0
V14427,Surface Carrez,avr-2029,Boulogne-Billancourt,Billancourt,92,Ile-de-France,T5,Les Allees Latitude,160.8,3.0,1.0,B,1681000.0,10454.0
V14959,Surface Carrez,Libre immediatement,Neuilly-sur-Seine,Village,92,Ile-de-France,Maison 5 pieces,,127,4.0,,D,1085000.0,8543.0
V12164,Surface Carrez,Libre immediatement,Meaux,Beauval,77,Ile-de-France,T1,Cour du Parc,31.3,1.0,1.0,C,60000.0,1917.0
V04247,Surface habitable,Libre immediatement,Versailles,Montreuil,78,Ile-de-France,T2,Cour du Lac,66.3,1.0,2.0,,341000.0,5143.0
V07654,Surface Carrez,fevr-2029,Aubervilliers,Centre,93,Ile-de-France,T2,Les Terrasses Cristal,34,1.0,1.0,A,145000.0,4265.0
V07592,Surface utile,sept-2026,Paris,Bercy,75,Ile-de-France,T5,Les Allees Symphonie,151.5,2.0,1.0,B,1761000.0,11624.0
V05251,Surface Carrez,juil-2029,Paris,La Muette,75,Ile-de-France,T2,Le Domaine Voltaire,36.1,1.0,2.0,C,474000.0,13130.0
V05855,Surface Carrez,juin-2027,Ivry-sur-Seine,Monmousseau,94,Ile-de-France,T3,Le Clos Bellevue,80.2,2.0,2.0,A,457000.0,5698.0
V14493,Surface Carrez,Libre immediatement,Boulogne-Billancourt,Parchamp,92,Ile-de-France,T2,Villa Saint-Martin,45.1,1.0,1.0,D,434000.0,9623.0
V00162,Surface habitable,avr-2028,Aubervilliers,Centre,93,Ile-de-France,T3,Esprit des Acacias,71,1.0,2.0,B,304000.0,4282.0
V10533,Surface Carrez,Libre immediatement,Paris,Le Marais,75,Ile-de-France,T3,Carre Verte,65.9,2.0,2.0,E,671000.0,10182.0
V02583,Surface Carrez,Libre immediatement,Neuilly-sur-Seine,Sablons,92,Ile-de-France,T4,,86.6,2.0,0.0,E,789000.0,9111.0
V12555,Surface Carrez,Libre immediatement,Paris,Batignolles,75,Ile-de-France,T5,Residence du Lac,147.4,3.0,2.0,E,1394000.0,9457.0
V01716,Surface Carrez,Libre immediatement,Paris,Porte de Clignancourt,75,Ile-de-France,T4,Residence Beausejour,68.7,1.0,1.0,D,424000.0,6172.0
V06346,Surface Carrez,Libre immediatement,Paris,Gobelins,75,Ile-de-France,T2,,55,1.0,1.0,D,471000.0,8564.0
V02839,Surface Carrez,Libre immediatement,Saint-Denis,Basilique,93,Ile-de-France,T1,Les Jardins du Lac,32 - 41,1.0,1.0,D,86000.0,
V01238,Surface Carrez,Libre immediatement,Paris,Le Marais,75,Ile-de-France,T2,Le Clos Saint-Martin,41.2,1.0,0.0,D,446000.0,10825.0
V10872,Surface habitable,Libre immediatement,Nanterre,Centre,92,Ile-de-France,T2,,54.5,1.0,2.0,C,335000.0,6147.0
V11706,Surface utile,Libre immediatement,Paris,Belleville,75,Ile-de-France,T4,Villa Latitude,76.6,3.0,2.0,B,531000.0,6932.0
V01471,Surface au sol,Libre immediatement,Paris,Batignolles,75,Ile-de-France,Maison 5 pieces,,143.7,4.0,0.0,E,1096000.0,7627.0
V08874,Surface utile,janv-2027,Nanterre,Parc Sud,92,Ile-de-France,T2,Carre Belvedere,47,1.0,0.0,B,310000.0,6596.0
V00752,Surface Carrez,Libre immediatement,Vitry-sur-Seine,Ardoines,94,Ile-de-France,T3,,48,2.0,0.0,D,195000.0,4062.0
V04843,Surface habitable,Libre immediatement,Antony,Pajeaud,92,Ile-de-France,T3,,70.4,2.0,,E,307000.0,4361.0
V08590,Surface Carrez,Libre immediatement,Boulogne-Billancourt,Centre-Ville,92,Ile-de-France,T4,,72.2,2.0,1.0,F,529000.0,7327.0
V13883,Surface habitable,Libre immediatement,Paris,La Muette,75,Ile-de-France,T3,Villa du Parc,78.8,2.0,,E,743000.0,9429.0
V05089,Surface habitable,Libre immediatement,Vitry-sur-Seine,Ardoines,94,Ile-de-France,T6,,136.1,3.0,1.0,G,367000.0,2697.0
V09394,Surface Carrez,Libre immediatement,Argenteuil,Val d'Argent,95,Ile-de-France,T3,Esprit Beausejour,84.9,2.0,1.0,D,201000.0,2367.0
V11644,Surface utile,Libre immediatement,Paris,Buttes-Chaumont,75,Ile-de-France,T2,Esprit Belvedere,57.1,1.0,2.0,D,408000.0,7145.0
V14310,Surface Carrez,Libre immediatement,Melun,Almont,77,Ile-de-France,T4,Le Parc des Chenes,58,2.0,0.0,D,133000.0,2293.0
V03338,Surface Carrez,Libre immediatement,Versailles,Notre-Dame,78,Ile-de-France,T3,Le Parc d'Argent,56.4,2.0,1.0,B,340000.0,6028.0
V11880,Surface Carrez,Libre immediatement,Bobigny,Etoile,93,Ile-de-France,T5,Le Parc Latitude,131.8,3.0,2.0,E,364000.0,2762.0
V14634,Surface au sol,Libre immediatement,Neuilly-sur-Seine,Sablons,92,Ile-de-France,Maison 4 pieces,,87.8,2.0,1.0,,825000.0,9396.0
V12602,Surface habitable,Libre immediatement,Bobigny,Abreuvoir,93,Ile-de-France,T2,,48.9,1.0,1.0,D,125000.0,2556.0
V14412,Surface Carrez,Libre immediatement,Issy-les-Moulineaux,Les Epinettes,92,Ile-de-France,T4,Residence des Chenes,81,3.0,0.0,E,504000.0,6222.0
V05147,Surface Carrez,Libre immediatement,Vitry-sur-Seine,Ardoines,94,Ile-de-France,T2,Le Domaine Horizon,47.4,1.0,1.0,,175000.0,3692.0
V09696,Surface habitable,Libre immediatement,Paris,Le Marais,75,Ile-de-France,T4,Les Jardins des Chenes,105,1.0,3.0,E,1330000.0,12667.0
V05689,Surface utile,mai-2029,Paris,La Muette,75,Ile-de-France,T4,Le Domaine Voltaire,95.5,2.0,1.0,B,1401000.0,14670.0
V06971,Surface habitable,Libre immediatement,Montreuil,Croix de Chavaux,93,Ile-de-France,T3,,69.4,1.0,1.0,C,278000.0,4006.0
V09003,Surface Carrez,Libre immediatement,Montreuil,Ruffins,93,Ile-de-France,T2,Esprit Concorde,46.9,1.0,0.0,D,229000.0,4883.0
V12930,Surface Carrez,Libre immediatement,Vincennes,Bois de Vincennes,94,Ile-de-France,T3,,68.8,2.0,0.0,C,420000.0,6105.0
V05270,Surface Carrez,juin-2028,Boulogne-Billancourt,Rives de Seine,92,Ile-de-France,T3,Cour Voltaire,97.1,2.0,0.0,B,1112000.0,11452.0
V11567,Surface Carrez,Libre immediatement,Cergy,Axe Majeur,95,Ile-de-France,T2,,44,1.0,2.0,C,131000.0,2977.0
V10486,Surface Carrez,Libre immediatement,Versailles,Saint-Louis,78,Ile-de-France,T4,Le Domaine Voltaire,111.1,3.0,1.0,E,716000.0,6445.0
V09525,Surface Carrez,Libre immediatement,Aubervilliers,Landy,93,Ile-de-France,T2,Carre d'Argent,36.4,1.0,0.0,B,122000.0,3352.0
V13568,Surface Carrez,avr-2027,Levallois-Perret,Centre,92,Ile-de-France,T3,Le Parc des Lilas,64,1.0,1.0,C,792000.0,12375.0
V01819,Surface Carrez,Libre immediatement,Paris,Batignolles,75,Ile-de-France,T1,Residence des Acacias,22.9,1.0,1.0,B,218000.0,9520.0
V03540,Surface Carrez,mai-2028,Paris,Le Marais,75,Ile-de-France,T3,Les Terrasses Latitude,91.5,1.0,0.0,C,1288000.0,14077.0
V07118,Surface habitable,Libre immediatement,Paris,Champ-de-Mars,75,Ile-de-France,T2,,45.3,1.0,1.0,D,582000.0,12848.0
V10116,Surface Carrez,Libre immediatement,Paris,Champ-de-Mars,75,Ile-de-France,T2,Le Domaine Beausejour,38.8,1.0,1.0,F,454000.0,11701.0
V02335,Surface habitable,Libre immediatement,Cergy,Axe Majeur,95,Ile-de-France,T3,,56.8,2.0,2.0,D,174000.0,3063.0
V00645,Surface Carrez,Libre immediatement,Nanterre,Centre,92,Ile-de-France,T3,,72.5,1.0,,E,398000.0,5490.0
V13440,Surface habitable,Libre immediatement,Evry-Courcouronnes,Les Pyramides,91,Ile-de-France,T4,Le Domaine Verte,66.6,3.0,1.0,D,150000.0,2252.0
V14410,Surface Carrez,Libre immediatement,Aubervilliers,Landy,93,Ile-de-France,T2,Cour Verte,51.4,1.0,,F,144000.0,2802.0
V03404,Surface Carrez,Libre immediatement,Melun,Montaigu,77,Ile-de-France,T3,Le Domaine Horizon,64.3,1.0,0.0,B,208000.0,3235.0
V01641,Surface Carrez,Libre immediatement,Paris,Champ-de-Mars,75,Ile-de-France,T2,,34,1.0,0.0,C,493000.0,14500.0
V10915,Surface Carrez,Libre immediatement,Paris,Buttes-Chaumont,75,Ile-de-France,T2,Cour Saint-Martin,33.7,1.0,1.0,D,222000.0,6588.0
V10417,Surface Carrez,Libre immediatement,Montrouge,Centre,92,Ile-de-France,T3,Les Terrasses Belvedere,53.5,2.0,1.0,C,397000.0,7421.0
V07028,Surface Carrez,Libre immediatement,Aubervilliers,Fort d'Aubervilliers,93,Ile-de-France,T4,Les Jardins Cristal,83.1,3.0,1.0,F,269000.0,3237.0
V05142,Surface Carrez,Libre immediatement,Vitry-sur-Seine,Moulin-Vert,94,Ile-de-France,T1,Les Allees Horizon,25.9,1.0,1.0,F,83000.0,3205.0
V10588,Surface habitable,nov-2028,Paris,Buttes-Chaumont,75,Ile-de-France,T3,Les Allees Montaigne,67.5,2.0,1.0,B,689000.0,10207.0
V09200,Surface habitable,Libre immediatement,Neuilly-sur-Seine,Saint-James,92,Ile-de-France,T3,,74.5,2.0,2.0,F,743000.0,9973.0
V06658,Surface Carrez,mars-2029,Paris,La Muette,75,Ile-de-France,T3,Les Allees des Acacias,57,1.0,0.0,C,809000.0,14193.0
V00798,Surface Carrez,dec-2028,Versailles,Saint-Louis,78,Ile-de-France,T4,Les Terrasses des Acacias,73.3,1.0,2.0,B,519000.0,7080.0
V05684,Surface Carrez,Libre immediatement,Paris,Bercy,75,Ile-de-France,T4,,84.4,3.0,0.0,B,805000.0,9538.0
V02233,Surface Carrez,Libre immediatement,Versailles,Notre-Dame,78,Ile-de-France,T2,Cour Riviera,33.5,1.0,0.0,C,205000.0,6119.0
V12853,Surface habitable,mai-2026,Saint-Denis,La Plaine,93,Ile-de-France,T5,Les Jardins Voltaire,100.7,3.0,0.0,C,335000.0,3327.0
V02009,Surface habitable,Libre immediatement,Meaux,Hopital,77,Ile-de-France,T2,,42.3,1.0,2.0,E,86000.0,2033.0
V07453,Surface Carrez,dec-2028,Argenteuil,Val d'Argent,95,Ile-de-France,T4,Le Domaine Beausejour,85.1,3.0,2.0,B,261000.0,3067.0
V10276,Surface habitable,Libre immediatement,Montreuil,Croix de Chavaux,93,Ile-de-France,T3,,77.6,1.0,1.0,E,315000.0,4059.0
V05732,Surface habitable,Libre immediatement,Antony,Centre-Ville,92,Ile-de-France,T2,Le Parc Latitude,31.3,1.0,1.0,C,127000.0,4058.0
V03178,Surface Carrez,juin-2027,Paris,Gobelins,75,Ile-de-France,T3,Carre Saint-Martin,62.1,2.0,2.0,C,779000.0,12544.0
V02168,Surface utile,Libre immediatement,Noisy-le-Grand,Centre-ville,93,Ile-de-France,T4,Les Allees Cristal,83.8,2.0,1.0,C,346000.0,4129.0
V00704,Surface utile,Libre immediatement,Meaux,Colbert,77,Ile-de-France,T4,Les Terrasses des Chenes,74.6,3.0,0.0,D,161000.0,2158.0
V01418,Surface Carrez,Libre immediatement,Montrouge,Ferry-Jaures,92,Ile-de-France,T3,Les Jardins Latitude,59.8,1.0,0.0,C,375000.0,6271.0
V00564,Surface utile,Libre immediatement,Montrouge,Ferry-Jaures,92,Ile-de-France,T1,Les Jardins Concorde,20.4,1.0,0.0,B,134000.0,6569.0
V09150,Surface Carrez,Libre immediatement,Boulogne-Billancourt,Rives de Seine,92,Ile-de-France,T4,Le Domaine Beausejour,97.4,2.0,2.0,G,666000.0,6838.0
V06970,Surface habitable,Libre immediatement,Paris,Montmartre,75,Ile-de-France,T3,Le Parc des Lilas,69.6,1.0,0.0,D,647000.0,9296.0
V13971,Surface Carrez,nov-2027,Paris,Bercy,75,Ile-de-France,T3,Residence Beausejour,75.2,2.0,2.0,B,814000.0,10824.0
V04669,Surface Carrez,Libre immediatement,Paris,Saint-Germain-des-Pres,75,Ile-de-France,T4,,96.7,2.0,1.0,D,1161000.0,12006.0
V14593,Surface Carrez,Libre immediatement,Vincennes,Centre-Ville,94,Ile-de-France,T4,,104.6,3.0,1.0,C,699000.0,6683.0
V00791,Surface Carrez,Libre immediatement,Paris,Champ-de-Mars,75,Ile-de-France,T3,Esprit Beausejour,70.4,2.0,2.0,B,762000.0,10824.0
V12041,Surface habitable,Libre immediatement,Paris,Le Marais,75,Ile-de-France,T4,,84.4,2.0,1.0,E,846000.0,10024.0
V10877,Surface Carrez,Libre immediatement,Nanterre,Parc Sud,92,Ile-de-France,T3,,58,2.0,0.0,C,272000.0,4690.0
V04142,Surface Carrez,Libre immediatement,Noisy-le-Grand,Butte Verte,93,Ile-de-France,T2,Villa Cristal,37.8,1.0,0.0,E,143000.0,3783.0
V03864,Surface Carrez,Libre immediatement,Issy-les-Moulineaux,Val de Seine,92,Ile-de-France,T1,Le Clos Riviera,38.9,1.0,0.0,D,301000.0,7738.0
V14233,Surface Carrez,Libre immediatement,Paris,Champ-de-Mars,75,Ile-de-France,T4,,98.2,3.0,1.0,F,1069000.0,10886.0
V05787,Surface Carrez,Libre immediatement,Paris,Vaugirard,75,Ile-de-France,T2,Carre Verte,52.3,1.0,1.0,C,437000.0,8356.0
V01605,Surface Carrez,sept-2027,Versailles,Notre-Dame,78,Ile-de-France,Maison 3 pieces,Le Parc du Parc,78.7,1.0,0.0,B,688000.0,8742.0
V05783,Surface Carrez,Libre immediatement,Meaux,Colbert,77,Ile-de-France,T4,Esprit Concorde,69.8,3.0,2.0,G,109000.0,1562.0
V11142,Surface Carrez,Libre immediatement,Paris,Porte de Clignancourt,75,Ile-de-France,T3,Le Hameau Opale,82.9,2.0,1.0,B,577000.0,6960.0
V04009,Surface habitable,Libre immediatement,Boulogne-Billancourt,Billancourt,92,Ile-de-France,T4,Residence Concorde,58.8,2.0,0.0,E,356000.0,6054.0
V06815,Surface habitable,sept-2027,Creteil,Echat,94,Ile-de-France,T1,Residence des Lilas,23.8,,,B,121000.0,5084.0
V14189,Surface utile,Libre immediatement,Montrouge,Portes de Montrouge,92,Ile-de-France,T2,Esprit Saint-Martin,45.1,1.0,1.0,D,235000.0,5211.0
V08282,Surface Carrez,Libre immediatement,Saint-Denis,La Plaine,93,Ile-de-France,T2,Le Parc Bellevue,35,1.0,0.0,B,120000.0,3429.0
V14814,Surface Carrez,Libre immediatement,Saint-Denis,Franc-Moisin,93,Ile-de-France,T3,Residence des Chenes,70.6,1.0,,F,162000.0,2295.0
V00169,Surface habitable,Libre immediatement,Saint-Germain-en-Laye,Centre-Ville,78,Ile-de-France,T2,Le Hameau Montaigne,45.9,1.0,1.0,E,290000.0,6318.0
V05540,Surface habitable,Libre immediatement,Vitry-sur-Seine,Centre-Ville,94,Ile-de-France,T2,,37.1,1.0,0.0,E,126000.0,3396.0
V02688,Surface Carrez,sept-2029,Issy-les-Moulineaux,Les Epinettes,92,Ile-de-France,T2,Le Clos des Chenes,49.9,1.0,0.0,A,421000.0,8437.0
V09473,Surface Carrez,Libre immediatement,Nanterre,Universite,92,Ile-de-France,T4,Esprit du Parc,106.5,3.0,0.0,D,519000.0,4873.0
V11448,Surface habitable,Libre immediatement,Argenteuil,Orgemont,95,Ile-de-France,T3,,68.5,2.0,2.0,D,169000.0,2467.0
V09184,Surface Carrez,Libre immediatement,Paris,Bercy,75,Ile-de-France,T1,,26.9,1.0,0.0,E,186000.0,6914.0
V00928,Surface Carrez,Libre immediatement,Paris,Porte de Clignancourt,75,Ile-de-France,T2,Les Allees d'Argent,43.4,1.0,0.0,C,299000.0,6889.0
V11014,Surface utile,Libre immediatement,Levallois-Perret,Eiffel,92,Ile-de-France,T3,,69,1.0,0.0,B,703000.0,10188.0
V07976,Surface Carrez,Libre immediatement,Evry-Courcouronnes,Bois Sauvage,91,Ile-de-France,T2,Le Parc du Parc,44.3,1.0,0.0,G,103000.0,2325.0
V03944,Surface habitable,Libre immediatement,Bobigny,Abreuvoir,93,Ile-de-France,T4,Le Hameau Saint-Martin,112,3.0,1.0,E,354000.0,3161.0
V12654,Surface Carrez,juin-2027,Nanterre,Parc Sud,92,Ile-de-France,T4,Les Jardins Beausejour,75.5,2.0,0.0,A,678000.0,8980.0
V14190,Surface Carrez,Libre immediatement,Levallois-Perret,Eiffel,92,Ile-de-France,T2,Esprit d'Argent,44.3,1.0,1.0,A,438000.0,9887.0
V12791,Surface Carrez,Libre immediatement,Ivry-sur-Seine,Petit-Ivry,94,Ile-de-France,T4,Les Allees des Acacias,72.7,1.0,1.0,D,389000.0,5351.0
V06922,Surface Carrez,Libre immediatement,Paris,Bercy,75,Ile-de-France,T1,Cour Cristal,31.1,1.0,1.0,C,222000.0,7138.0
V10966,Surface habitable,Libre immediatement,Vincennes,Domaine du Bois,94,Ile-de-France,T2,,41,1.0,,D,319000.0,7780.0
V10690,Surface Carrez,Libre immediatement,Versailles,Chantiers,78,Ile-de-France,T3,Carre Beausejour,64.9,2.0,2.0,B,379000.0,5840.0
V04446,Surface Carrez,janv-2028,Paris,Champ-de-Mars,75,Ile-de-France,T2,Les Terrasses Bellevue,42.6,1.0,0.0,B,650000.0,15258.0
V11225,Surface utile,Libre immediatement,Paris,Saint-Germain-des-Pres,75,Ile-de-France,T4,,80.2,2.0,1.0,E,1034000.0,12893.0
V04997,Surface Carrez,Libre immediatement,Creteil,Lac,94,Ile-de-France,T3,,61.6,2.0,0.0,G,200000.0,3247.0
V03667,Surface habitable,Libre immediatement,Trappes,Sand-Pergaud-Verlaine,78,Ile-de-France,T1,Le Clos Concorde,35.3,1.0,0.0,D,98000.0,2776.0
V11682,Surface Carrez,Libre immediatement,Paris,Champ-de-Mars,75,Ile-de-France,T3,Les Terrasses Cristal,82.5,2.0,0.0,D,822000.0,9964.0
V03295,Surface Carrez,Libre immediatement,Paris,Batignolles,75,Ile-de-France,T3,,51.5,2.0,0.0,G,360000.0,6990.0
V10807,Surface habitable,nov-2026,Versailles,Porchefontaine,78,Ile-de-France,T5,Le Parc Voltaire,132.6,2.0,2.0,A,947000.0,7142.0
V06937,Surface Carrez,Libre immediatement,Saint-Germain-en-Laye,Centre-Ville,78,Ile-de-France,T3,Le Hameau des Lilas,61.9,1.0,2.0,G,317000.0,5121.0
V01439,Surface Carrez,Libre immediatement,Saint-Denis,Grand Centre,93,Ile-de-France,T4,,74.1,2.0,2.0,D,206000.0,2780.0
V07452,Surface Carrez,Libre immediatement,Versailles,Saint-Louis,78,Ile-de-France,T4,,76.5,1.0,1.0,C,514000.0,6719.0
V03554,Surface Carrez,Libre immediatement,Paris,Saint-Germain-des-Pres,75,Ile-de-France,T4,,62.5,3.0,0.0,D,849000.0,13584.0
V13469,Surface habitable,Libre immediatement,Paris,Montmartre,75,Ile-de-France,T4,Le Hameau Symphonie,106.5,2.0,1.0,E,802000.0,7531.0
V01249,Surface Carrez,Libre immediatement,Paris,Le Marais,75,Ile-de-France,T2,Carre Verte,45.9,1.0,2.0,D,486000.0,10588.0
V08514,Surface Carrez,Libre immediatement,Nanterre,Parc Sud,92,Ile-de-France,T3,,63.2,1.0,0.0,G,315000.0,4984.0
V01395,Surface Carrez,juil-2028,Mantes-la-Jolie,Val Fourre,78,Ile-de-France,T2,Villa Symphonie,60.7,1.0,0.0,A,152000.0,2504.0
V10950,Surface Carrez,Libre immediatement,Paris,La Muette,75,Ile-de-France,T2,Le Hameau d'Argent,41.2,1.0,0.0,F,517000.0,12549.0
V00799,Surface Carrez,Libre immediatement,Paris,Vaugirard,75,Ile-de-France,T3,Esprit d'Argent,80.3,1.0,0.0,D,667000.0,8306.0
V13511,Surface utile,mars-2027,Issy-les-Moulineaux,Val de Seine,92,Ile-de-France,T4,Les Jardins Montaigne,101.8,2.0,1.0,B,876000.0,8605.0
V02720,Surface Carrez,Libre immediatement,Boulogne-Billancourt,Point du Jour,92,Ile-de-France,T4,,72.7,2.0,0.0,G,415000.0,5708.0
V10319,Surface utile,Libre immediatement,Paris,Porte de Clignancourt,75,Ile-de-France,T5,Cour Beausejour,115.7,3.0,1.0,E,553000.0,4780.0
V11674,Surface Carrez,Libre immediatement,Paris,Le Marais,75,Ile-de-France,T6,,193.6,3.0,1.0,C,2656000.0,13719.0
V13616,Surface Carrez,Libre immediatement,Melun,Centre-Ville,77,Ile-de-France,Maison 3 pieces,Le Clos Voltaire,70,2.0,0.0,B,191000.0,2729.0
V08878,Surface Carrez,Libre immediatement,Issy-les-Moulineaux,Les Epinettes,92,Ile-de-France,T6,,145.6,3.0,0.0,G,850000.0,5838.0
V02509,Surface Carrez,Libre immediatement,Neuilly-sur-Seine,Saint-James,92,Ile-de-France,T4,,89.5,2.0,1.0,E,955000.0,10670.0
V13212,Surface Carrez,mars-2028,Paris,Batignolles,75,Ile-de-France,T3,Carre Verte,58.6,2.0,1.0,A,728000.0,12423.0
V02441,Surface utile,Libre immediatement,Paris,Belleville,75,Ile-de-France,T6,,186.1,3.0,0.0,E,1352000.0,7265.0
V07546,Surface Carrez,juin-2027,Cergy,Cergy-Saint-Christophe,95,Ile-de-France,T1,Esprit Concorde,28.2,1.0,0.0,A,78000.0,2766.0
V11997,Surface Carrez,mars-2028,Cergy,Cergy-Prefecture,95,Ile-de-France,T2,Residence Horizon,38.2,1.0,0.0,A,121000.0,3168.0
V12027,Surface Carrez,Libre immediatement,Cergy,Cergy-Prefecture,95,Ile-de-France,T4,Cour Montaigne,87.8,3.0,0.0,D,283000.0,3223.0
V06569,Surface Carrez,dec-2027,Boulogne-Billancourt,Centre-Ville,92,Ile-de-France,T2,Carre Horizon,45.5,1.0,2.0,A,410000.0,9011.0
V12656,Surface Carrez,Libre immediatement,Argenteuil,Orgemont,95,Ile-de-France,T6,,122,3.0,1.0,E,324000.0,2656.0
V09411,Surface Carrez,fevr-2026,Vincennes,Bois de Vincennes,94,Ile-de-France,T4,Le Clos du Parc,84.6,2.0,0.0,A,917000.0,10839.0
V10056,Surface Carrez,Libre immediatement,Paris,Belleville,75,Ile-de-France,T2,Villa Symphonie,43.6,1.0,1.0,F,265000.0,6078.0
V04636,Surface Carrez,Libre immediatement,Saint-Denis,Basilique,93,Ile-de-France,T3,,50.4,2.0,1.0,E,182000.0,3611.0
V04189,Surface Carrez,Libre immediatement,Paris,Vaugirard,75,Ile-de-France,T2,,40.5,1.0,0.0,E,385000.0,9506.0
V02221,Surface Carrez,Libre immediatement,Boulogne-Billancourt,Parchamp,92,Ile-de-France,T1,Carre d'Argent,27.4,1.0,1.0,D,255000.0,9307.0
V13553,Surface habitable,Libre immediatement,Aubervilliers,Villette-Quatre-Chemins,93,Ile-de-France,T2,,40.6,1.0,2.0,B,151000.0,3719.0
V02613,Surface Carrez,Libre immediatement,Boulogne-Billancourt,Billancourt,92,Ile-de-France,T2,Les Allees Belvedere,49.3,1.0,1.0,E,308000.0,6247.0
V10146,Surface Carrez,Libre immediatement,Neuilly-sur-Seine,Saint-James,92,Ile-de-France,T5,Carre du Parc,123.8,1.0,0.0,E,1142000.0,9225.0
V14566,Surface Carrez,Libre immediatement,Vincennes,Bois de Vincennes,94,Ile-de-France,T5,,137.7,3.0,2.0,E,998000.0,7248.0
V04687,Surface Carrez,dec-2029,Nanterre,Petit-Nanterre,92,Ile-de-France,T2,Le Parc Verte,42.1,1.0,,A,243000.0,5772.0
V12513,Surface Carrez,Libre immediatement,Boulogne-Billancourt,Parchamp,92,Ile-de-France,T2,Le Hameau Cristal,38.1,1.0,0.0,D,355000.0,9318.0
V13321,Surface Carrez,Libre immediatement,Montrouge,Portes de Montrouge,92,Ile-de-France,T4,Les Jardins Verte,90.7,1.0,2.0,D,694000.0,7652.0
V04207,Surface Carrez,Libre immediatement,Paris,Montmartre,75,Ile-de-France,T3,Les Terrasses Montaigne,65.2,1.0,2.0,E,492000.0,7546.0
V05712,Surface Carrez,Libre immediatement,Mantes-la-Jolie,Centre-Ville,78,Ile-de-France,T3,,71.1,1.0,0.0,E,190000.0,2672.0
V02775,Surface au sol,Libre immediatement,Nanterre,Petit-Nanterre,92,Ile-de-France,Maison 3 pieces,Esprit d'Argent,69.3,1.0,1.0,E,280000.0,4040.0
V12611,Surface habitable,juin-2026,Antony,Centre-Ville,92,Ile-de-France,T3,Residence Saint-Martin,85.9,2.0,0.0,A,580000.0,6752.0
V02992,Surface Carrez,Libre immediatement,Vincennes,Domaine du Bois,94,Ile-de-France,T3,,72.8,2.0,0.0,E,438000.0,6016.0
V13501,Surface Carrez,Libre immediatement,Argenteuil,Orgemont,95,Ile-de-France,T3,Les Terrasses Beausejour,60.5,1.0,1.0,A,175000.0,2893.0
V01944,Surface habitable,fevr-2026,Versailles,Porchefontaine,78,Ile-de-France,T5,Esprit Montaigne,90.4,3.0,1.0,A,611000.0,6759.0
V07888,Surface Carrez,Libre immediatement,Ivry-sur-Seine,Centre-Ville,94,Ile-de-France,T4,Le Domaine des Acacias,86.7,3.0,,C,368000.0,4245.0
V04052,Surface Carrez,Libre immediatement,Noisy-le-Grand,Champy,93,Ile-de-France,T4,Carre du Lac,87.1,1.0,0.0,E,317000.0,3639.0
V14382,Surface habitable,Libre immediatement,Paris,Batignolles,75,Ile-de-France,Maison 4 pieces,Le Hameau Horizon,83,1.0,0.0,D,515000.0,6205.0
V10563,Surface Carrez,sept-2026,Issy-les-Moulineaux,Les Epinettes,92,Ile-de-France,T3,Les Allees Cristal,67.4,1.0,1.0,A,498000.0,7389.0
V07503,Surface Carrez,mai-2029,Paris,Porte de Clignancourt,75,Ile-de-France,T4,Villa des Lilas,68,2.0,2.0,A,593000.0,8721.0
V07145,Surface utile,Libre immediatement,Paris,Buttes-Chaumont,75,Ile-de-France,T4,Les Terrasses des Chenes,62.8,1.0,0.0,F,448000.0,7134.0
V05608,Surface Carrez,Libre immediatement,Cergy,Cergy-Saint-Christophe,95,Ile-de-France,T4,Carre d'Argent,88,3.0,1.0,C,194000.0,2205.0
V14120,Surface Carrez,Libre immediatement,Paris,Champ-de-Mars,75,Ile-de-France,T4,Villa des Chenes,103.6,2.0,0.0,E,1207000.0,11651.0
V07283,Surface Carrez,Libre immediatement,Massy,Opera,91,Ile-de-France,T3,,50.9,1.0,1.0,B,193000.0,3792.0
V12058,Surface Carrez,janv-2026,Ivry-sur-Seine,Petit-Ivry,94,Ile-de-France,Maison 5 pieces,Villa Voltaire,151.9,4.0,1.0,B,716000.0,4714.0
V14592,Surface habitable,Libre immediatement,Saint-Denis,La Plaine,93,Ile-de-France,T3,Villa Opale,87.7,2.0,2.0,F,273000.0,3113.0
V10190,Surface Carrez,Libre immediatement,Saint-Denis,Basilique,93,Ile-de-France,T3,,57.5,2.0,0.0,E,172000.0,2991.0
V12481,Surface Carrez,Libre immediatement,Bobigny,Centre-ville,93,Ile-de-France,T4,Cour Verte,105.3,2.0,2.0,D,423000.0,4017.0
V07281,Surface Carrez,Libre immediatement,Paris,Vaugirard,75,Ile-de-France,T2,Les Terrasses Latitude,49.2,1.0,0.0,F,397000.0,8069.0
V03123,Surface utile,Libre immediatement,Paris,Belleville,75,Ile-de-France,T4,Le Hameau Voltaire,75.1,2.0,0.0,C,577000.0,7683.0
V12601,Surface Carrez,Libre immediatement,Paris,Buttes-Chaumont,75,Ile-de-France,T2,,35.4,1.0,,D,247000.0,6977.0
V01669,Surface Carrez,avr-2028,Paris,Belleville,75,Ile-de-France,T3,Les Terrasses du Lac,54.5,2.0,0.0,C,426000.0,7817.0
V13010,Surface Carrez,Libre immediatement,Paris,Montmartre,75,Ile-de-France,T5,Le Clos du Lac,120.9,3.0,,D,1169000.0,9669.0
V01102,Surface Carrez,Libre immediatement,Paris,Champ-de-Mars,75,Ile-de-France,T2,,50.3,1.0,0.0,C,818000.0,16262.0
V05779,Surface Carrez,Libre immediatement,Mantes-la-Jolie,Centre-Ville,78,Ile-de-France,T2,,49.5,1.0,0.0,C,126000.0,2545.0
V01813,Surface Carrez,Libre immediatement,Paris,Batignolles,75,Ile-de-France,T3,Residence Voltaire,87.6,1.0,1.0,C,818000.0,9338.0
V00903,Surface Carrez,Libre immediatement,Boulogne-Billancourt,Rives de Seine,92,Ile-de-France,T3,,76.4,1.0,2.0,E,668000.0,8743.0
V07211,Surface Carrez,Libre immediatement,Bobigny,Centre-ville,93,Ile-de-France,T4,,110.2,3.0,2.0,G,287000.0,2604.0
V01832,Surface Carrez,Libre immediatement,Cergy,Cergy-le-Haut,95,Ile-de-France,T4,Residence du Lac,58,2.0,0.0,D,151000.0,2603.0
V12953,Surface habitable,Libre immediatement,Paris,Gobelins,75,Ile-de-France,T2,,45.5,1.0,2.0,D,349000.0,7670.0
V10445,Surface Carrez,Libre immediatement,Paris,Batignolles,75,Ile-de-France,T4,,80,2.0,1.0,D,698000.0,8725.0
V02149,Surface utile,Libre immediatement,Evry-Courcouronnes,Le Canal,91,Ile-de-France,T4,,88.3,,1.0,D,288000.0,3262.0
V01534,Surface Carrez,Libre immediatement,Paris,Batignolles,75,Ile-de-France,T1,,33.6,1.0,0.0,B,367000.0,10923.0
V13028,Surface Carrez,Libre immediatement,Paris,Vaugirard,75,Ile-de-France,T3,,75.3,2.0,1.0,,657000.0,8725.0
V06571,Surface Carrez,Libre immediatement,Nanterre,Centre,92,Ile-de-France,T4,,92.9,3.0,0.0,F,516000.0,5554.0
V10749,Surface au sol,Libre immediatement,Meaux,Beauval,77,Ile-de-France,Maison 3 pieces,Le Parc Symphonie,82.3,2.0,0.0,B,131000.0,1592.0
V02909,Surface habitable,Libre immediatement,Paris,Vaugirard,75,Ile-de-France,T3,Le Clos Cristal,65.4,2.0,2.0,C,692000.0,10581.0
V10765,Surface Carrez,Libre immediatement,Meaux,Colbert,77,Ile-de-France,T2,,42.8,1.0,1.0,E,101000.0,2360.0
V02640,Surface Carrez,Libre immediatement,Vincennes,Republique,94,Ile-de-France,T3,Les Allees du Lac,67.3,1.0,1.0,F,379000.0,5632.0
V01403,Surface Carrez,Libre immediatement,Mantes-la-Jolie,Gassicourt,78,Ile-de-France,T3,,72.1,1.0,0.0,E,172000.0,2386.0
V02586,Surface utile,Libre immediatement,Ivry-sur-Seine,Petit-Ivry,94,Ile-de-France,T4,Carre Beausejour,89,1.0,,E,284000.0,3191.0
V10625,Surface Carrez,Libre immediatement,Paris,Vaugirard,75,Ile-de-France,T2,,44.1,1.0,0.0,F,322000.0,7302.0
V11070,Surface Carrez,sept-2028,Montreuil,Bel-Air,93,Ile-de-France,T5,Les Allees des Acacias,135,3.0,0.0,B,614000.0,4548.0
V05227,Surface habitable,Libre immediatement,Issy-les-Moulineaux,Corentin Celton,92,Ile-de-France,T4,Le Clos Bellevue,97,3.0,2.0,E,654000.0,6742.0
V11789,Surface Carrez,Libre immediatement,Vitry-sur-Seine,Centre-Ville,94,Ile-de-France,T4,,86.3,2.0,2.0,D,329000.0,3812.0
V00166,Surface Carrez,Libre immediatement,Noisy-le-Grand,Centre-ville,93,Ile-de-France,T3,,56.5,2.0,1.0,E,198000.0,3504.0
V03937,Surface Carrez,Libre immediatement,Paris,Porte de Clignancourt,75,Ile-de-France,T4,Le Parc d'Argent,111,1.0,1.0,C,739000.0,6658.0
V12514,Surface Carrez,Libre immediatement,Aubervilliers,Villette-Quatre-Chemins,93,Ile-de-France,T3,,57.3,2.0,2.0,D,230000.0,4014.0
V06791,Surface Carrez,Libre immediatement,Paris,Porte de Clignancourt,75,Ile-de-France,T5,Villa des Acacias,165.1,1.0,0.0,B,1042000.0,6311.0
V06277,Surface Carrez,Libre immediatement,Levallois-Perret,Centre,92,Ile-de-France,T3,Cour Montaigne,75.2,2.0,0.0,E,593000.0,7886.0
V04865,Surface habitable,fevr-2028,Saint-Germain-en-Laye,Centre-Ville,78,Ile-de-France,Maison 5 pieces,Cour d'Argent,110.7,2.0,0.0,B,959000.0,8663.0
V07507,Surface Carrez,aout-2026,Paris,Bercy,75,Ile-de-France,T3,Residence des Lilas,52.6,2.0,1.0,B,475000.0,9030.0
V13805,Surface habitable,Libre immediatement,Paris,Batignolles,75,Ile-de-France,T4,Esprit du Parc,117.1,3.0,1.0,D,1003000.0,8565.0
V14385,Surface utile,Libre immediatement,Aubervilliers,Landy,93,Ile-de-France,T2,Residence Belvedere,41.1,1.0,0.0,D,128000.0,3114.0
V02841,Surface habitable,Libre immediatement,Saint-Denis,Basilique,93,Ile-de-France,T2,Cour Horizon,35.9,1.0,1.0,E,99000.0,2758.0
V14932,Surface Carrez,Libre immediatement,Paris,Porte de Clignancourt,75,Ile-de-France,T5,,120.7,3.0,0.0,E,718000.0,5949.0
V11825,Surface Carrez,Libre immediatement,Paris,Saint-Germain-des-Pres,75,Ile-de-France,T1,,35.4,1.0,1.0,B,445000.0,12571.0
V08565,Surface utile,dec-2028,Versailles,Notre-Dame,78,Ile-de-France,T4,Les Jardins des Lilas,109.4,3.0,1.0,C,1046000.0,9561.0
V04699,Surface Carrez,Libre immediatement,Paris,Porte de Clignancourt,75,Ile-de-France,T5,,116.7,3.0,3.0,D,901000.0,7721.0
V10714,Surface Carrez,Libre immediatement,Bobigny,Pont de Bondy,93,Ile-de-France,T1,Le Clos Voltaire,31.2,1.0,0.0,C,80000.0,2564.0
V07657,Surface Carrez,Libre immediatement,Vitry-sur-Seine,Centre-Ville,94,Ile-de-France,T4,,85.9,3.0,0.0,F,250000.0,2910.0
V13188,Surface Carrez,Libre immediatement,Paris,Belleville,75,Ile-de-France,T3,,50.4,2.0,0.0,B,339000.0,6726.0
V12498,Surface au sol,Libre immediatement,Versailles,Saint-Louis,78,Ile-de-France,Maison 6 pieces,Les Jardins d'Argent,156.7,2.0,0.0,B,887000.0,5660.0
V03866,Surface utile,dec-2026,Melun,Saint-Aspais,77,Ile-de-France,T2,Cour des Lilas,42.4,1.0,2.0,A,149000.0,3514.0
V07707,Surface au sol,Libre immediatement,Argenteuil,Centre-Ville,95,Ile-de-France,Maison 3 pieces,,80.9,2.0,1.0,C,179000.0,2213.0
V07413,Surface Carrez,Libre immediatement,Paris,La Muette,75,Ile-de-France,T4,Les Jardins Horizon,106.3,2.0,1.0,D,1357000.0,12766.0
V01751,Surface Carrez,Libre immediatement,Antony,Centre-Ville,92,Ile-de-France,T1,Les Jardins d'Argent,31.2,1.0,1.0,E,162000.0,5192.0
V13040,Surface Carrez,Libre immediatement,Paris,Saint-Germain-des-Pres,75,Ile-de-France,T6,,119.6,3.0,0.0,E,1840000.0,15385.0
V06598,Surface Carrez,Libre immediatement,Paris,Le Marais,75,Ile-de-France,T2,Le Parc du Parc,42.7,1.0,0.0,B,572000.0,13396.0
V13397,Surface Carrez,Libre immediatement,Paris,Montmartre,75,Ile-de-France,T4,Les Terrasses Voltaire,70.1,3.0,0.0,E,638000.0,9101.0
V02049,Surface Carrez,Libre immediatement,Evry-Courcouronnes,Le Canal,91,Ile-de-France,T1,,25.5,1.0,1.0,D,57000.0,2235.0
V10389,Surface habitable,Libre immediatement,Saint-Germain-en-Laye,Hopital,78,Ile-de-France,T4,Esprit des Lilas,95.1,3.0,1.0,D,473000.0,4974.0
V00226,Surface Carrez,fevr-2029,Boulogne-Billancourt,Centre-Ville,92,Ile-de-France,T2,Les Allees Saint-Martin,48.4,1.0,,A,527000.0,10888.0
V03476,Surface Carrez,sept-2028,Montrouge,Ferry-Jaures,92,Ile-de-France,T3,Le Hameau Cristal,79.1,2.0,2.0,A,729000.0,9216.0
V10169,Surface Carrez,nov-2026,Paris,Montmartre,75,Ile-de-France,T2,Les Terrasses Montaigne,40.5,1.0,1.0,C,412000.0,10173.0
V03915,Surface Carrez,nov-2026,Paris,Le Marais,75,Ile-de-France,T3,Le Hameau Riviera,63.8,2.0,2.0,B,1141000.0,17884.0
V09928,Surface habitable,Libre immediatement,Argenteuil,Centre-Ville,95,Ile-de-France,T1,Le Hameau Bellevue,23.7,1.0,1.0,E,57000.0,2405.0
V00772,Surface Carrez,Libre immediatement,Paris,Gobelins,75,Ile-de-France,T4,Le Hameau Montaigne,96.5,1.0,2.0,C,958000.0,9927.0
V11984,Surface Carrez,Libre immediatement,Vitry-sur-Seine,Ardoines,94,Ile-de-France,Maison 5 pieces,,111.7,4.0,0.0,C,428000.0,3832.0
V13017,Surface Carrez,Libre immediatement,Mantes-la-Jolie,Centre-Ville,78,Ile-de-France,T3,Le Domaine des Chenes,75.3,2.0,2.0,C,206000.0,2736.0
V09281,Surface habitable,Libre immediatement,Paris,Porte de Clignancourt,75,Ile-de-France,T3,,73.2,2.0,0.0,E,492000.0,6721.0
V09703,Surface Carrez,Libre immediatement,Mantes-la-Jolie,Gassicourt,78,Ile-de-France,T3,,73.8,2.0,0.0,C,183000.0,2480.0
V06606,Surface utile,Libre immediatement,Paris,Belleville,75,Ile-de-France,T2,,32 - 42,1.0,,C,209000.0,
V00157,Surface Carrez,Libre immediatement,Vincennes,Centre-Ville,94,Ile-de-France,T6,Le Clos des Chenes,187.6,3.0,0.0,F,1140000.0,6077.0
V01719,Surface habitable,Libre immediatement,Paris,Champ-de-Mars,75,Ile-de-France,T3,Les Terrasses d'Argent,83.8,2.0,2.0,D,946000.0,11289.0
V13886,Surface Carrez,mai-2028,Boulogne-Billancourt,Billancourt,92,Ile-de-France,T3,Esprit des Lilas,59.3,1.0,,A,551000.0,9292.0
V14202,Surface Carrez,Libre immediatement,Cergy,Axe Majeur,95,Ile-de-France,T2,Le Parc d'Argent,41,1.0,,C,104000.0,2537.0
V14236,Surface Carrez,Libre immediatement,Versailles,Chantiers,78,Ile-de-France,T3,,84,1.0,2.0,D,477000.0,5679.0
V11488,Surface habitable,mars-2027,Paris,Belleville,75,Ile-de-France,T3,Carre des Chenes,58.8,2.0,1.0,B,582000.0,9898.0
V07525,Surface Carrez,Libre immediatement,Paris,Saint-Germain-des-Pres,75,Ile-de-France,T2,Le Clos Symphonie,43.1,,1.0,E,426000.0,9884.0
V12219,Surface Carrez,fevr-2027,Issy-les-Moulineaux,Les Epinettes,92,Ile-de-France,T3,Villa Latitude,57.4,1.0,1.0,B,525000.0,9146.0
V00982,Surface habitable,Libre immediatement,Aubervilliers,Villette-Quatre-Chemins,93,Ile-de-France,T2,Le Parc du Parc,40,1.0,1.0,D,145000.0,3625.0
V12488,Surface Carrez,avr-2027,Paris,Buttes-Chaumont,75,Ile-de-France,T2,Le Hameau Voltaire,49.3,1.0,1.0,B,620000.0,12576.0
V11418,Surface Carrez,Libre immediatement,Paris,Saint-Germain-des-Pres,75,Ile-de-France,T3,Le Hameau d'Argent,80.9,1.0,2.0,C,1057000.0,13066.0
V07520,Surface Carrez,Libre immediatement,Paris,Batignolles,75,Ile-de-France,T5,Cour Opale,103 - 128,3.0,0.0,D,933000.0,
V00001,Surface Carrez,Libre immediatement,Trappes,Sand-Pergaud-Verlaine,78,Ile-de-France,T2,Le Clos Concorde,45.9,1.0,1.0,D,112000.0,2440.0
V05076,Surface Carrez,Libre immediatement,Saint-Denis,Pleyel,93,Ile-de-France,T3,Residence des Chenes,63.6,1.0,1.0,E,187000.0,2940.0
V00054,Surface Carrez,Libre immediatement,Argenteuil,Val d'Argent,95,Ile-de-France,T1,Les Allees Cristal,20.3,1.0,1.0,C,60000.0,2956.0
V13743,Surface au sol,dec-2029,Cergy,Axe Majeur,95,Ile-de-France,Maison 4 pieces,Le Parc Opale,87.7,2.0,,C,222000.0,2531.0
V05876,Surface Carrez,Libre immediatement,Massy,Atlantis,91,Ile-de-France,T2,,43.5,1.0,0.0,C,162000.0,3724.0
V05984,Surface habitable,Libre immediatement,Boulogne-Billancourt,Parchamp,92,Ile-de-France,T2,Les Terrasses des Lilas,47.5,1.0,0.0,D,455000.0,9579.0
V11469,Surface Carrez,oct-2027,Ivry-sur-Seine,Petit-Ivry,94,Ile-de-France,T2,Esprit Latitude,60.7,1.0,,B,321000.0,5288.0
V02474,Surface Carrez,Libre immediatement,Paris,La Muette,75,Ile-de-France,T5,,148.6,3.0,1.0,A,1286000.0,8654.0
V10712,Surface Carrez,Libre immediatement,Paris,Bercy,75,Ile-de-France,T2,,42.5,1.0,1.0,C,305000.0,7176.0
V14499,Surface utile,mai-2028,Paris,Montmartre,75,Ile-de-France,T4,Cour Bellevue,97.2,3.0,1.0,C,959000.0,9866.0
V02345,Surface habitable,Libre immediatement,Paris,Gobelins,75,Ile-de-France,T3,Residence Verte,63.6,2.0,2.0,D,668000.0,10503.0
V10023,Surface Carrez,Libre immediatement,Argenteuil,Centre-Ville,95,Ile-de-France,T2,,41.1,1.0,1.0,D,148000.0,3601.0
V03204,Surface Carrez,Libre immediatement,Paris,Montmartre,75,Ile-de-France,T4,,105.9,3.0,0.0,D,829000.0,7828.0
V11487,Surface Carrez,mai-2026,Cergy,Axe Majeur,95,Ile-de-France,T3,Villa Bellevue,60.4,2.0,0.0,C,179000.0,2964.0
V09597,Surface Carrez,sept-2028,Paris,Bercy,75,Ile-de-France,T3,Le Domaine des Acacias,61.1,2.0,1.0,C,534000.0,8740.0
V09906,Surface Carrez,Libre immediatement,Cergy,Cergy-Prefecture,95,Ile-de-France,T1,Residence Opale,22.4,1.0,1.0,C,48000.0,2143.0
V04917,Surface Carrez,Libre immediatement,Versailles,Porchefontaine,78,Ile-de-France,T4,,74.7,2.0,,C,524000.0,7015.0
V07046,Surface habitable,fevr-2026,Argenteuil,Centre-Ville,95,Ile-de-France,T4,Le Hameau Saint-Martin,84.4,2.0,2.0,C,336000.0,3981.0
V10954,Surface habitable,Libre immediatement,Cergy,Cergy-Saint-Christophe,95,Ile-de-France,Maison 6 pieces,Le Hameau d'Argent,132.8,3.0,0.0,D,280000.0,2108.0
V06506,Surface utile,oct-2027,Paris,Le Marais,75,Ile-de-France,T3,Cour Montaigne,68.2,2.0,0.0,B,982000.0,14399.0
V14229,Surface Carrez,Libre immediatement,Aubervilliers,Villette-Quatre-Chemins,93,Ile-de-France,T3,,63.7,2.0,0.0,C,223000.0,3501.0
V07178,Surface Carrez,Libre immediatement,Saint-Denis,Franc-Moisin,93,Ile-de-France,T4,,87.2,2.0,3.0,D,237000.0,2718.0
V13866,Surface Carrez,Libre immediatement,Antony,Pajeaud,92,Ile-de-France,T4,Le Clos Symphonie,113.3,2.0,0.0,C,525000.0,4634.0
V05948,Surface au sol,Libre immediatement,Bobigny,Centre-ville,93,Ile-de-France,Maison 6 pieces,Le Parc Beausejour,122.5,3.0,2.0,C,369000.0,3012.0
V07132,Surface utile,Libre immediatement,Vincennes,Domaine du Bois,94,Ile-de-France,T5,,97.2,3.0,1.0,E,718000.0,7387.0
V05286,Surface Carrez,Libre immediatement,Creteil,Centre Ancien,94,Ile-de-France,T4,Les Terrasses Latitude,74.6,3.0,,B,329000.0,4410.0
V10997,Surface Carrez,Libre immediatement,Saint-Denis,La Plaine,93,Ile-de-France,Maison 4 pieces,,116.3,3.0,0.0,D,365000.0,3138.0
V07513,Surface au sol,Libre immediatement,Antony,Centre-Ville,92,Ile-de-France,Maison 4 pieces,,102.9,3.0,0.0,G,349000.0,3392.0
V00139,Surface Carrez,Libre immediatement,Montreuil,Bel-Air,93,Ile-de-France,T4,Le Hameau du Parc,64.3,2.0,2.0,D,305000.0,4743.0
V07709,Surface Carrez,Libre immediatement,Paris,Buttes-Chaumont,75,Ile-de-France,T2,Les Terrasses du Parc,38.9,1.0,2.0,C,269000.0,6915.0
V04458,Surface Carrez,Libre immediatement,Montrouge,Ferry-Jaures,92,Ile-de-France,T2,Les Terrasses Beausejour,39.9,1.0,2.0,D,279000.0,6992.0
V06188,Surface Carrez,Libre immediatement,Vincennes,Centre-Ville,94,Ile-de-France,Maison 5 pieces,,133.3,3.0,0.0,D,1010000.0,7577.0
V08465,Surface Carrez,Libre immediatement,Bobigny,Abreuvoir,93,Ile-de-France,T4,Le Parc des Acacias,96.8,1.0,2.0,C,275000.0,2841.0
V07864,Surface habitable,Libre immediatement,Versailles,Saint-Louis,78,Ile-de-France,T3,,63.7,2.0,2.0,F,313000.0,4914.0
V09981,Surface Carrez,juil-2028,Paris,Saint-Germain-des-Pres,75,Ile-de-France,T2,Les Terrasses Verte,55.1,1.0,1.0,A,1009000.0,18312.0
V09827,Surface Carrez,Libre immediatement,Meaux,Beauval,77,Ile-de-France,T3,,63.7,2.0,0.0,C,116000.0,1821.0
V11201,Surface Carrez,Libre immediatement,Saint-Germain-en-Laye,Alsace,78,Ile-de-France,T3,Residence des Lilas,68.6,2.0,0.0,D,548000.0,7988.0
V12887,Surface Carrez,janv-2028,Paris,Vaugirard,75,Ile-de-France,T4,Le Clos d'Argent,95.8,3.0,0.0,B,915000.0,9551.0
V02174,Surface Carrez,dec-2029,Paris,Champ-de-Mars,75,Ile-de-France,T2,Les Allees du Lac,40 - 43,1.0,1.0,B,648000.0,
V02107,Surface Carrez,aout-2027,Montreuil,Mairie,93,Ile-de-France,T3,Le Parc Verte,78.3,1.0,0.0,C,416000.0,5313.0
V11279,Surface Carrez,Libre immediatement,Evry-Courcouronnes,Centre-Ville,91,Ile-de-France,T4,,88.3,2.0,0.0,E,283000.0,3205.0
V10259,Surface utile,Libre immediatement,Levallois-Perret,Collange,92,Ile-de-France,T1,Cour des Chenes,29.7,1.0,0.0,D,228000.0,7677.0
V06601,Surface Carrez,Libre immediatement,Montrouge,Portes de Montrouge,92,Ile-de-France,T3,,63.2,1.0,1.0,F,395000.0,6250.0
V14860,Surface habitable,Libre immediatement,Versailles,Notre-Dame,78,Ile-de-France,T3,Le Hameau Concorde,76.2,2.0,0.0,C,418000.0,5486.0
V05926,Surface Carrez,Libre immediatement,Massy,Vilmorin,91,Ile-de-France,T2,,41.1,1.0,0.0,E,126000.0,3066.0
V05318,Surface utile,Libre immediatement,Paris,Belleville,75,Ile-de-France,T3,Les Jardins Opale,69.4,2.0,0.0,D,617000.0,8890.0
V11467,Surface Carrez,Libre immediatement,Paris,Buttes-Chaumont,75,Ile-de-France,T2,,32.1,1.0,1.0,D,224000.0,6978.0
V01187,Surface Carrez,oct-2026,Mantes-la-Jolie,Gassicourt,78,Ile-de-France,T4,Le Clos Verte,87.2,2.0,0.0,B,227000.0,2603.0
V05923,Surface Carrez,juin-2029,Boulogne-Billancourt,Billancourt,92,Ile-de-France,T3,Carre Opale,76.7,2.0,1.0,B,675000.0,8801.0
V10444,Surface habitable,Libre immediatement,Vitry-sur-Seine,Moulin-Vert,94,Ile-de-France,T4,,86.3,2.0,1.0,,259000.0,3001.0
V14127,Surface habitable,Libre immediatement,Boulogne-Billancourt,Parchamp,92,Ile-de-France,T3,Les Allees des Acacias,54.6,2.0,0.0,E,453000.0,8297.0
V10908,Surface Carrez,Libre immediatement,Versailles,Notre-Dame,78,Ile-de-France,T4,Les Terrasses Opale,104.9,1.0,0.0,A,939000.0,8951.0
V14483,Surface Carrez,janv-2028,Mantes-la-Jolie,Centre-Ville,78,Ile-de-France,T4,Les Allees Symphonie,81.2,3.0,0.0,C,309000.0,3805.0
V10896,Surface Carrez,Libre immediatement,Paris,Gobelins,75,Ile-de-France,T3,,50.4,1.0,0.0,D,319000.0,6329.0
V14320,Surface au sol,Libre immediatement,Paris,Champ-de-Mars,75,Ile-de-France,Maison 4 pieces,Villa Montaigne,77.9,3.0,1.0,B,878000.0,11271.0
V06696,Surface Carrez,Libre immediatement,Paris,La Muette,75,Ile-de-France,T2,Carre Cristal,50.5,1.0,0.0,D,614000.0,12158.0
V08041,Surface habitable,Libre immediatement,Paris,Le Marais,75,Ile-de-France,T3,,77.8,2.0,0.0,D,831000.0,10681.0
V10340,Surface utile,mai-2026,Paris,Le Marais,75,Ile-de-France,T3,Le Hameau Latitude,84.3,1.0,0.0,A,1251000.0,14840.0
V11294,Surface Carrez,Libre immediatement,Paris,Vaugirard,75,Ile-de-France,T2,,43.9,1.0,0.0,C,332000.0,7563.0
V08558,Surface utile,Libre immediatement,Issy-les-Moulineaux,Fort d'Issy,92,Ile-de-France,T4,,66.4,2.0,1.0,,494000.0,7440.0
V06566,Surface Carrez,Libre immediatement,Creteil,Centre Ancien,94,Ile-de-France,T3,,77.1,2.0,0.0,D,261000.0,3385.0
V05929,Surface Carrez,Libre immediatement,Paris,Gobelins,75,Ile-de-France,T2,Carre Horizon,41.8,1.0,1.0,D,331000.0,7919.0
V12491,Surface Carrez,Libre immediatement,Montreuil,Mairie,93,Ile-de-France,T3,Le Parc des Acacias,63.6,2.0,0.0,D,252000.0,3962.0
V06733,Surface Carrez,Libre immediatement,Massy,Vilmorin,91,Ile-de-France,T4,Villa du Lac,109.9,3.0,1.0,C,314000.0,2857.0
V09502,Surface Carrez,juil-2027,Paris,La Muette,75,Ile-de-France,T3,Le Hameau Beausejour,70.6,2.0,0.0,A,926000.0,13116.0
V04454,Surface Carrez,Libre immediatement,Saint-Denis,Grand Centre,93,Ile-de-France,T3,Esprit d'Argent,71.5,2.0,0.0,D,236000.0,3301.0
V01316,Surface habitable,Libre immediatement,Montreuil,Croix de Chavaux,93,Ile-de-France,T4,Esprit Verte,90.3,3.0,2.0,E,470000.0,5205.0
V02849,Surface utile,Libre immediatement,Paris,Vaugirard,75,Ile-de-France,T4,Carre Voltaire,118,3.0,1.0,B,1225000.0,10381.0
V07263,Surface Carrez,juin-2027,Paris,La Muette,75,Ile-de-France,T2,Esprit Voltaire,45.6,1.0,2.0,A,571000.0,12522.0
V06329,Surface Carrez,Libre immediatement,Cergy,Cergy-Saint-Christophe,95,Ile-de-France,T2,Carre Riviera,49.1,1.0,0.0,D,106000.0,2159.0
V10191,Surface Carrez,Libre immediatement,Creteil,Echat,94,Ile-de-France,T4,Les Jardins Concorde,77.6,2.0,0.0,D,314000.0,4046.0
V06379,Surface utile,Libre immediatement,Paris,Buttes-Chaumont,75,Ile-de-France,T4,,85.6,1.0,3.0,F,646000.0,7547.0
V09127,Surface habitable,oct-2027,Saint-Germain-en-Laye,Hopital,78,Ile-de-France,T1,Les Allees Belvedere,18.4,1.0,1.0,A,131000.0,7120.0
V02379,Surface Carrez,Libre immediatement,Paris,Belleville,75,Ile-de-France,T1,,27.2,1.0,1.0,C,208000.0,7647.0
V01709,Surface Carrez,Libre immediatement,Paris,Saint-Germain-des-Pres,75,Ile-de-France,T1,,25.8,1.0,0.0,D,364000.0,14109.0
V00653,Surface Carrez,Libre immediatement,Paris,Saint-Germain-des-Pres,75,Ile-de-France,T4,Les Allees Horizon,69.7,2.0,1.0,E,807000.0,11578.0
V02727,Surface Carrez,Libre immediatement,Creteil,Mont-Mesly,94,Ile-de-France,T2,Residence Verte,41.7,1.0,2.0,D,106000.0,2542.0
V12397,Surface Carrez,dec-2026,Paris,Buttes-Chaumont,75,Ile-de-France,T3,Carre Verte,73.9,2.0,1.0,B,627000.0,8484.0
V12432,Surface utile,Libre immediatement,Paris,Montmartre,75,Ile-de-France,T3,Les Terrasses Belvedere,68.3,1.0,1.0,D,669000.0,9795.0
V09353,Surface Carrez,Libre immediatement,Nanterre,Centre,92,Ile-de-France,T4,,88.6,3.0,0.0,D,471000.0,5316.0
V14379,Surface Carrez,Libre immediatement,Antony,Les Baconnets,92,Ile-de-France,T1,Esprit Bellevue,231 pi2,1.0,1.0,D,90000.0,
V03659,Surface Carrez,nov-2027,Evry-Courcouronnes,Centre-Ville,91,Ile-de-France,T3,Le Clos Beausejour,72.6,1.0,0.0,B,225000.0,3099.0
V14781,Surface Carrez,oct-2027,Ivry-sur-Seine,Monmousseau,94,Ile-de-France,Maison 7 pieces,Le Domaine du Lac,187.1,4.0,0.0,C,800000.0,4276.0
V07352,Surface Carrez,Libre immediatement,Paris,Buttes-Chaumont,75,Ile-de-France,T2,Le Clos Cristal,34.1,1.0,0.0,C,206000.0,6041.0
V10785,Surface habitable,juin-2027,Boulogne-Billancourt,Parchamp,92,Ile-de-France,T5,Cour des Lilas,126.8,1.0,3.0,A,1425000.0,11238.0
V07391,Surface Carrez,oct-2029,Massy,Villaine,91,Ile-de-France,T4,Le Clos Concorde,89.2,3.0,1.0,B,323000.0,3621.0
V04789,Surface Carrez,Libre immediatement,Ivry-sur-Seine,Monmousseau,94,Ile-de-France,T1,,21,1.0,1.0,F,80000.0,3810.0
V03009,Surface au sol,mars-2027,Montreuil,Bas-Montreuil,93,Ile-de-France,Maison 6 pieces,Le Parc Riviera,150.7,2.0,1.0,A,778000.0,5163.0
V14577,Surface Carrez,oct-2028,Paris,Gobelins,75,Ile-de-France,T4,Le Parc Symphonie,135.3,3.0,0.0,B,1517000.0,11212.0
V02256,Surface utile,Libre immediatement,Paris,Batignolles,75,Ile-de-France,T1,,29.6,1.0,1.0,D,202000.0,6824.0
V14617,Surface Carrez,Libre immediatement,Bobigny,Abreuvoir,93,Ile-de-France,Maison 7 pieces,Les Allees Latitude,154.5,4.0,0.0,F,321000.0,2078.0
V05561,Surface Carrez,Libre immediatement,Paris,Batignolles,75,Ile-de-France,T2,Le Clos du Lac,50.2,1.0,,D,453000.0,9024.0
V14197,Surface habitable,Libre immediatement,Bobigny,Pont de Bondy,93,Ile-de-France,T2,Le Parc Verte,39.1,1.0,1.0,C,115000.0,2941.0
V03327,Surface habitable,sept-2028,Neuilly-sur-Seine,Bagatelle,92,Ile-de-France,T3,Les Allees Opale,65.3,2.0,2.0,C,804000.0,12312.0
V09717,Surface habitable,Libre immediatement,Ivry-sur-Seine,Monmousseau,94,Ile-de-France,T2,Residence Symphonie,54,1.0,0.0,E,181000.0,3352.0
V03883,Surface Carrez,Libre immediatement,Saint-Denis,La Plaine,93,Ile-de-France,Maison 4 pieces,,97.7,2.0,1.0,C,271000.0,2774.0
V07195,Surface Carrez,Libre immediatement,Neuilly-sur-Seine,Village,92,Ile-de-France,T3,,57.9,2.0,1.0,C,545000.0,9413.0
V06905,Surface utile,Libre immediatement,Paris,La Muette,75,Ile-de-France,T4,,84.1,3.0,0.0,F,790000.0,9394.0
V02634,Surface Carrez,Libre immediatement,Saint-Denis,La Plaine,93,Ile-de-France,T1,Le Parc Latitude,23.9,1.0,1.0,D,77000.0,3222.0
V00607,Surface Carrez,Libre immediatement,Paris,Gobelins,75,Ile-de-France,T2,Le Domaine du Lac,44.2,1.0,1.0,D,395000.0,8937.0
V14014,Surface Carrez,Libre immediatement,Melun,Montaigu,77,Ile-de-France,T4,,71.8,2.0,0.0,E,167000.0,2326.0
V01335,Surface utile,Libre immediatement,Levallois-Perret,Eiffel,92,Ile-de-France,T5,,115.8,2.0,1.0,D,1175000.0,10147.0
V14073,Surface habitable,nov-2026,Noisy-le-Grand,Champy,93,Ile-de-France,T2,Residence Verte,34.9,1.0,0.0,A,165000.0,4728.0
V07735,Surface Carrez,Libre immediatement,Noisy-le-Grand,Centre-ville,93,Ile-de-France,T2,,39.3,1.0,0.0,C,169000.0,4300.0
V04966,Surface utile,Libre immediatement,Montrouge,Centre,92,Ile-de-France,T3,,60.1,1.0,0.0,C,373000.0,6206.0
V04731,Surface Carrez,sept-2027,Paris,Le Marais,75,Ile-de-France,T2,Le Domaine Concorde,52.4,1.0,2.0,A,707000.0,13492.0
V12588,Surface Carrez,Libre immediatement,Paris,Gobelins,75,Ile-de-France,T4,Villa d'Argent,92.4,2.0,1.0,D,902000.0,9762.0
V01503,Surface au sol,Libre immediatement,Neuilly-sur-Seine,Village,92,Ile-de-France,Maison 4 pieces,,101.8,3.0,1.0,D,609000.0,5982.0
V01724,Surface utile,Libre immediatement,Vitry-sur-Seine,Port-a-l'Anglais,94,Ile-de-France,T4,,"86,9",1.0,,B,307000.0,3533.0
V04816,Surface Carrez,dec-2029,Paris,Champ-de-Mars,75,Ile-de-France,T2,Le Clos du Lac,46.2,1.0,2.0,C,571000.0,12359.0
V00978,Surface Carrez,Libre immediatement,Paris,Montmartre,75,Ile-de-France,T3,Le Parc Verte,74.5,1.0,0.0,C,678000.0,9101.0
V05352,Surface utile,fevr-2028,Noisy-le-Grand,Champy,93,Ile-de-France,T6,Les Allees des Acacias,118.8,3.0,0.0,B,647000.0,5446.0
V01784,Surface Carrez,avr-2027,Antony,Pajeaud,92,Ile-de-France,T3,Le Domaine Saint-Martin,92.2,2.0,1.0,,541000.0,5868.0
V12130,Surface au sol,Libre immediatement,Vitry-sur-Seine,Moulin-Vert,94,Ile-de-France,Maison 3 pieces,Le Parc d'Argent,75.4,2.0,2.0,D,230000.0,3050.0
V12064,Surface Carrez,Libre immediatement,Saint-Denis,La Plaine,93,Ile-de-France,T6,,162,3.0,0.0,D,484000.0,2988.0
V05577,Surface Carrez,Libre immediatement,Cergy,Cergy-Saint-Christophe,95,Ile-de-France,T2,,39.5,1.0,2.0,E,89000.0,2253.0
V11079,Surface habitable,Libre immediatement,Issy-les-Moulineaux,Fort d'Issy,92,Ile-de-France,T2,Esprit Latitude,41.2,1.0,2.0,B,363000.0,8811.0
V02068,Surface Carrez,dec-2028,Paris,Porte de Clignancourt,75,Ile-de-France,T2,Les Terrasses Riviera,44.7,1.0,0.0,B,395000.0,8837.0
V14711,Surface Carrez,Libre immediatement,Paris,Vaugirard,75,Ile-de-France,T3,Residence Riviera,62.2,2.0,1.0,D,545000.0,8762.0
V09610,Surface Carrez,Libre immediatement,Levallois-Perret,Collange,92,Ile-de-France,T4,Les Terrasses Opale,89,3.0,0.0,D,774000.0,8697.0
V11393,Surface Carrez,Libre immediatement,Paris,Vaugirard,75,Ile-de-France,T5,Les Jardins Belvedere,100.9,2.0,0.0,F,1026000.0,10168.0
V02043,Surface habitable,nov-2026,Paris,Vaugirard,75,Ile-de-France,T3,Cour Riviera,59.2,1.0,1.0,B,570000.0,9628.0
V04267,Surface Carrez,Libre immediatement,Boulogne-Billancourt,Point du Jour,92,Ile-de-France,T4,,70.9,3.0,2.0,C,604000.0,8519.0
V05448,Surface Carrez,Libre immediatement,Creteil,Mont-Mesly,94,Ile-de-France,T4,Carre du Lac,87.5,3.0,3.0,B,349000.0,3989.0
V02190,Surface Carrez,Libre immediatement,Meaux,Colbert,77,Ile-de-France,T4,Esprit Verte,128.4,2.0,0.0,B,291000.0,2266.0
V10268,Surface Carrez,Libre immediatement,Paris,Bercy,75,Ile-de-France,T6,Les Allees Cristal,141.6,3.0,0.0,A,1602000.0,11314.0
V06125,Surface Carrez,Libre immediatement,Mantes-la-Jolie,Gassicourt,78,Ile-de-France,T2,Le Clos des Lilas,52.3,1.0,0.0,F,105000.0,2008.0
V13278,Surface utile,juil-2028,Paris,Belleville,75,Ile-de-France,T3,Le Hameau des Lilas,64.2,2.0,0.0,A,539000.0,8396.0
V01101,Surface Carrez,Libre immediatement,Paris,Porte de Clignancourt,75,Ile-de-France,T3,Le Clos des Lilas,53 - 68,1.0,1.0,C,344000.0,
V03131,Surface Carrez,Libre immediatement,Montreuil,Ruffins,93,Ile-de-France,T1,Cour des Lilas,25.8,1.0,0.0,C,123000.0,4767.0
V02057,Surface Carrez,Libre immediatement,Melun,Montaigu,77,Ile-de-France,T2,,41.8,1.0,0.0,E,87000.0,2081.0
V02796,Surface Carrez,avr-2028,Paris,Le Marais,75,Ile-de-France,T4,Le Domaine Horizon,87.2,2.0,1.0,A,1235000.0,14163.0
V03458,Surface habitable,Libre immediatement,Paris,Montmartre,75,Ile-de-France,T3,Les Allees Latitude,49.1,2.0,0.0,D,413000.0,8411.0
V06969,Surface Carrez,fevr-2027,Antony,Centre-Ville,92,Ile-de-France,T4,Villa d'Argent,121.5,3.0,0.0,B,750000.0,6173.0
V14107,Surface Carrez,Libre immediatement,Ivry-sur-Seine,Monmousseau,94,Ile-de-France,T2,Le Parc Opale,44,1.0,2.0,B,192000.0,4364.0
V05735,Surface Carrez,Libre immediatement,Nanterre,Centre,92,Ile-de-France,T4,,85.3,3.0,1.0,G,424000.0,4971.0
V14291,Surface habitable,Libre immediatement,Creteil,Centre Ancien,94,Ile-de-France,T5,Residence Voltaire,91.5,2.0,1.0,C,433000.0,4732.0
V10105,Surface Carrez,Libre immediatement,Paris,Batignolles,75,Ile-de-France,T3,Les Allees Riviera,73.3,1.0,0.0,E,659000.0,8990.0
V01069,Surface Carrez,Libre immediatement,Paris,Saint-Germain-des-Pres,75,Ile-de-France,T4,,91.1,3.0,0.0,B,1472000.0,16158.0
V03076,Surface Carrez,oct-2027,Mantes-la-Jolie,Centre-Ville,78,Ile-de-France,T3,Carre du Lac,66,2.0,0.0,A,221000.0,3348.0
V13124,Surface Carrez,fevr-2028,Nanterre,Parc Sud,92,Ile-de-France,T2,Les Terrasses Voltaire,59.7,1.0,0.0,A,403000.0,6750.0
V04741,Surface habitable,Libre immediatement,Melun,Centre-Ville,77,Ile-de-France,T4,Les Terrasses Beausejour,74 - 80,3.0,1.0,D,234000.0,
V11636,Surface Carrez,juin-2027,Boulogne-Billancourt,Centre-Ville,92,Ile-de-France,T2,Le Domaine Beausejour,45.6,1.0,2.0,C,445000.0,9759.0
V07579,Surface Carrez,Libre immediatement,Versailles,Chantiers,78,Ile-de-France,T5,Villa Saint-Martin,109.8,3.0,0.0,C,668000.0,6084.0
V01215,Surface Carrez,Libre immediatement,Vitry-sur-Seine,Centre-Ville,94,Ile-de-France,T5,,104.5,3.0,0.0,A,360000.0,3445.0
V07689,Surface Carrez,Libre immediatement,Paris,La Muette,75,Ile-de-France,T4,Les Allees Bellevue,109.2,3.0,2.0,E,1155000.0,10577.0
V07148,Surface Carrez,Libre immediatement,Ivry-sur-Seine,Monmousseau,94,Ile-de-France,T4,Les Jardins Verte,103,2.0,1.0,C,436000.0,4233.0
V04435,Surface utile,Libre immediatement,Bobigny,Pont de Bondy,93,Ile-de-France,T2,Les Jardins Beausejour,52.8,1.0,2.0,D,144000.0,2727.0
V04351,Surface Carrez,Libre immediatement,Saint-Denis,La Plaine,93,Ile-de-France,T4,Le Domaine Bellevue,95,3.0,1.0,D,311000.0,3274.0
V05430,Surface Carrez,janv-2029,Montreuil,Croix de Chavaux,93,Ile-de-France,T4,Le Parc du Lac,109.4,3.0,2.0,A,555000.0,5073.0
V07604,Surface habitable,Libre immediatement,Paris,Montmartre,75,Ile-de-France,T3,Les Allees Opale,68.8,2.0,1.0,E,642000.0,9331.0
V06042,Surface au sol,nov-2028,Saint-Germain-en-Laye,Centre-Ville,78,Ile-de-France,Maison 5 pieces,Carre Bellevue,153,3.0,2.0,B,905000.0,5915.0
V05212,Surface Carrez,Libre immediatement,Saint-Denis,Basilique,93,Ile-de-France,T5,,164.7,2.0,1.0,G,464000.0,2817.0
V11286,Surface Carrez,Libre immediatement,Paris,Batignolles,75,Ile-de-France,T4,Le Clos Concorde,83.1,3.0,0.0,E,559000.0,6727.0
V09327,Surface Carrez,Libre immediatement,Massy,Vilmorin,91,Ile-de-France,T5,Residence Voltaire,115.6,1.0,1.0,E,289000.0,2500.0
V11106,Surface Carrez,Libre immediatement,Paris,Belleville,75,Ile-de-France,T3,,63.1,2.0,2.0,E,390000.0,6181.0
V03066,Surface Carrez,fevr-2027,Argenteuil,Centre-Ville,95,Ile-de-France,T3,Le Hameau Cristal,62.1,2.0,0.0,B,250000.0,4026.0
V10992,Surface Carrez,mars-2027,Nanterre,Universite,92,Ile-de-France,Maison 4 pieces,Les Jardins des Lilas,97.7,3.0,0.0,A,473000.0,4841.0
V01559,Surface habitable,oct-2027,Saint-Germain-en-Laye,Bel-Air,78,Ile-de-France,T4,Carre Cristal,93 - 120,3.0,2.0,,613000.0,
V02115,Surface Carrez,Libre immediatement,Paris,Belleville,75,Ile-de-France,T2,,45.1,1.0,1.0,B,344000.0,7627.0
V14241,Surface habitable,Libre immediatement,Cergy,Cergy-Saint-Christophe,95,Ile-de-France,T2,Carre Symphonie,54.5,1.0,2.0,D,144000.0,2642.0
V00935,Surface Carrez,janv-2028,Paris,Le Marais,75,Ile-de-France,T2,Les Allees Horizon,49.4,1.0,2.0,A,646000.0,13077.0
V03683,Surface Carrez,Libre immediatement,Neuilly-sur-Seine,Village,92,Ile-de-France,T3,,91.1,2.0,0.0,E,734000.0,8057.0
V05025,Surface Carrez,Libre immediatement,Melun,Montaigu,77,Ile-de-France,T2,,42,1.0,0.0,B,119000.0,2833.0
V07992,Surface Carrez,juin-2028,Paris,Champ-de-Mars,75,Ile-de-France,T4,Le Hameau Bellevue,98,2.0,2.0,A,1353000.0,13806.0
V02421,Surface habitable,avr-2027,Versailles,Saint-Louis,78,Ile-de-France,T4,Le Clos des Lilas,74.7,3.0,3.0,B,646000.0,8648.0
V08554,Surface habitable,Libre immediatement,Paris,Gobelins,75,Ile-de-France,T4,,80.3,2.0,2.0,D,548000.0,6824.0
V10993,Surface Carrez,Libre immediatement,Vincennes,Centre-Ville,94,Ile-de-France,T2,,40.5,1.0,1.0,D,278000.0,6864.0
V02254,Surface habitable,Libre immediatement,Paris,Gobelins,75,Ile-de-France,T3,,87.3,2.0,0.0,D,704000.0,8064.0
V00865,Surface Carrez,Libre immediatement,Paris,Le Marais,75,Ile-de-France,T2,Les Allees du Parc,58.9,1.0,1.0,D,835000.0,14177.0
V09652,Surface Carrez,Libre immediatement,Argenteuil,Val d'Argent,95,Ile-de-France,T4,,89.7,2.0,3.0,D,248000.0,2765.0
V14976,Surface Carrez,Libre immediatement,Vincennes,Domaine du Bois,94,Ile-de-France,T2,Residence des Acacias,38.1,1.0,1.0,F,256000.0,6719.0
V09519,Surface habitable,Libre immediatement,Paris,Saint-Germain-des-Pres,75,Ile-de-France,T2,Le Hameau Belvedere,34.6,1.0,1.0,F,451000.0,13035.0
V03945,Surface Carrez,Libre immediatement,Paris,Bercy,75,Ile-de-France,T2,,51.7,1.0,2.0,C,399000.0,7718.0
V07110,Surface Carrez,Libre immediatement,Montrouge,Ferry-Jaures,92,Ile-de-France,T6,,133.6,3.0,1.0,D,976000.0,7305.0
V02340,Surface Carrez,Libre immediatement,Massy,Vilmorin,91,Ile-de-France,T4,Carre Verte,74.5,3.0,0.0,C,251000.0,3369.0
V03952,Surface Carrez,Libre immediatement,Issy-les-Moulineaux,Fort d'Issy,92,Ile-de-France,T4,,95.8,3.0,1.0,C,651000.0,6795.0
V09016,Surface Carrez,Libre immediatement,Montreuil,Ruffins,93,Ile-de-France,T5,,107.1,2.0,0.0,C,408000.0,3810.0
V01106,Surface Carrez,Libre immediatement,Neuilly-sur-Seine,Bagatelle,92,Ile-de-France,T4,Les Allees Cristal,116.4,3.0,3.0,B,1423000.0,12225.0
V00910,Surface Carrez,avr-2028,Paris,La Muette,75,Ile-de-France,T3,Le Parc Voltaire,49.3,2.0,2.0,A,715000.0,14503.0
V00492,Surface habitable,avr-2029,Paris,Saint-Germain-des-Pres,75,Ile-de-France,T2,Villa Opale,36.5,1.0,0.0,A,718000.0,19671.0
V13451,Surface Carrez,Libre immediatement,Paris,Champ-de-Mars,75,Ile-de-France,T2,,45.9,1.0,0.0,,482000.0,10501.0
V14713,Surface Carrez,Libre immediatement,Paris,Saint-Germain-des-Pres,75,Ile-de-France,T5,Carre Montaigne,115.5,3.0,,D,1507000.0,13048.0
V09326,Surface Carrez,mars-2026,Trappes,Village,78,Ile-de-France,T1,Le Clos Saint-Martin,22,1.0,1.0,B,66000.0,3000.0
V02848,Surface utile,Libre immediatement,Paris,Belleville,75,Ile-de-France,T1,,28.6,1.0,0.0,C,187000.0,6538.0
V09000,Surface Carrez,mars-2029,Argenteuil,Centre-Ville,95,Ile-de-France,T4,Les Jardins Verte,86.5,3.0,,B,345000.0,3988.0
V12302,Surface Carrez,mai-2027,Issy-les-Moulineaux,Les Epinettes,92,Ile-de-France,T4,Esprit Opale,92.4,1.0,0.0,A,891000.0,9643.0
V14801,Surface utile,dec-2027,Paris,Bercy,75,Ile-de-France,T4,Le Domaine Montaigne,91.2,3.0,3.0,B,1070000.0,11732.0
V07027,Surface habitable,Libre immediatement,Vitry-sur-Seine,Ardoines,94,Ile-de-France,Maison 6 pieces,Le Hameau Bellevue,129.6,4.0,0.0,B,400000.0,3086.0
V02034,Surface Carrez,Libre immediatement,Saint-Denis,Franc-Moisin,93,Ile-de-France,T4,,91.3,3.0,1.0,B,234000.0,2563.0
V03507,Surface Carrez,Libre immediatement,Paris,Porte de Clignancourt,75,Ile-de-France,T5,,152,3.0,1.0,B,1126000.0,7408.0
V06367,Surface Carrez,aout-2027,Issy-les-Moulineaux,Fort d'Issy,92,Ile-de-France,T5,Le Hameau des Lilas,128.9,2.0,0.0,B,1237000.0,9597.0
V11283,Surface habitable,Libre immediatement,Boulogne-Billancourt,Centre-Ville,92,Ile-de-France,T2,Le Hameau Belvedere,43.3,1.0,1.0,E,235000.0,5427.0
V05324,Surface Carrez,Libre immediatement,Melun,Almont,77,Ile-de-France,T5,,100.6,3.0,1.0,F,172000.0,1710.0
V13346,Surface Carrez,Libre immediatement,Paris,Gobelins,75,Ile-de-France,T2,Le Parc Verte,37.4,1.0,1.0,A,277000.0,7406.0
V05521,Surface Carrez,Libre immediatement,Paris,Montmartre,75,Ile-de-France,T4,Esprit Horizon,68,3.0,2.0,C,617000.0,9074.0
V13366,Surface utile,juin-2028,Paris,Champ-de-Mars,75,Ile-de-France,T4,Le Parc du Parc,85.6,3.0,2.0,B,1448000.0,16916.0
V01845,Surface Carrez,Libre immediatement,Paris,Le Marais,75,Ile-de-France,T4,Carre Latitude,74.6,2.0,1.0,D,885000.0,11863.0
V00210,Surface Carrez,Libre immediatement,Paris,Buttes-Chaumont,75,Ile-de-France,T4,Le Clos des Acacias,85.4,2.0,0.0,D,628000.0,7354.0
V08218,Surface Carrez,Libre immediatement,Aubervilliers,Centre,93,Ile-de-France,T1,,21.9,1.0,1.0,B,78000.0,3562.0
V08460,Surface Carrez,Libre immediatement,Antony,Croix de Berny,92,Ile-de-France,T4,,87.2,2.0,2.0,E,446000.0,5115.0
V06300,Surface Carrez,Libre immediatement,Argenteuil,Centre-Ville,95,Ile-de-France,T2,,53.4,1.0,0.0,C,190000.0,3558.0
V02534,Surface Carrez,Libre immediatement,Massy,Atlantis,91,Ile-de-France,T4,Les Terrasses Voltaire,90.3,3.0,1.0,E,325000.0,3599.0
V10947,Surface Carrez,Libre immediatement,Ivry-sur-Seine,Monmousseau,94,Ile-de-France,T1,,21.1,1.0,1.0,C,103000.0,4882.0
V08986,Surface utile,Libre immediatement,Paris,Gobelins,75,Ile-de-France,T4,,83.7,1.0,0.0,B,822000.0,9821.0
V11136,Surface Carrez,Libre immediatement,Cergy,Cergy-Prefecture,95,Ile-de-France,T3,Carre Latitude,54.2,2.0,2.0,G,108000.0,1993.0
V02389,Surface Carrez,dec-2027,Paris,Belleville,75,Ile-de-France,T3,Residence du Lac,77.6,1.0,2.0,B,619000.0,7977.0
V10928,Surface habitable,Libre immediatement,Paris,Saint-Germain-des-Pres,75,Ile-de-France,T2,,45.7,1.0,,B,775000.0,16958.0
V01340,Surface habitable,Libre immediatement,Paris,Belleville,75,Ile-de-France,T1,,27.4,1.0,1.0,E,225000.0,8212.0
V09423,Surface Carrez,Libre immediatement,Paris,Saint-Germain-des-Pres,75,Ile-de-France,T2,,37,1.0,1.0,C,505000.0,13649.0
V11051,Surface habitable,Libre immediatement,Nanterre,Petit-Nanterre,92,Ile-de-France,T1,Cour Concorde,30.9,1.0,1.0,E,107000.0,3463.0
V10758,Surface Carrez,fevr-2028,Paris,Montmartre,75,Ile-de-France,T4,Le Parc Montaigne,72.5,3.0,,A,668000.0,9214.0
V08895,Surface Carrez,Libre immediatement,Paris,Le Marais,75,Ile-de-France,T3,,75.6,1.0,0.0,D,1040000.0,13757.0
V12153,Surface Carrez,Libre immediatement,Paris,Porte de Clignancourt,75,Ile-de-France,T3,Cour Voltaire,54.8,1.0,1.0,G,244000.0,4453.0
V06568,Surface habitable,Libre immediatement,Aubervilliers,Centre,93,Ile-de-France,T3,,70.2,1.0,0.0,E,272000.0,3875.0
V03293,Surface au sol,Libre immediatement,Melun,Centre-Ville,77,Ile-de-France,Maison 4 pieces,Residence Beausejour,105.1,3.0,0.0,B,242000.0,2303.0
V01609,Surface Carrez,dec-2028,Nanterre,Parc Sud,92,Ile-de-France,T2,Villa Montaigne,50.2,1.0,0.0,B,329000.0,6554.0
V05704,Surface Carrez,sept-2026,Versailles,Saint-Louis,78,Ile-de-France,T4,Le Hameau Montaigne,74.2,1.0,2.0,B,510000.0,6873.0
V09776,Surface habitable,Libre immediatement,Paris,Bercy,75,Ile-de-France,T3,Les Jardins des Acacias,53.2,1.0,0.0,F,343000.0,6447.0
V14910,Surface Carrez,mai-2029,Paris,Porte de Clignancourt,75,Ile-de-France,T1,Le Clos Cristal,33.4,1.0,1.0,B,244000.0,7305.0
V02594,Surface Carrez,Libre immediatement,Ivry-sur-Seine,Monmousseau,94,Ile-de-France,T3,,63,2.0,0.0,G,202000.0,3206.0
V06675,Surface Carrez,Libre immediatement,Vincennes,Bois de Vincennes,94,Ile-de-France,T4,,129.4,2.0,0.0,C,1022000.0,7898.0
V03060,Surface utile,Libre immediatement,Ivry-sur-Seine,Monmousseau,94,Ile-de-France,T3,Les Allees Montaigne,71.5,2.0,2.0,,294000.0,4112.0
V02767,Surface habitable,Libre immediatement,Noisy-le-Grand,Centre-ville,93,Ile-de-France,Maison 4 pieces,Le Domaine des Lilas,114,3.0,1.0,D,401000.0,3518.0
V11381,Surface Carrez,juin-2026,Argenteuil,Centre-Ville,95,Ile-de-France,T4,Les Jardins d'Argent,77.5,3.0,1.0,A,292000.0,3768.0
V08197,Surface Carrez,Libre immediatement,Meaux,Beauval,77,Ile-de-France,T3,Les Allees Horizon,57.6,1.0,1.0,C,101000.0,1753.0
V12752,Surface Carrez,Libre immediatement,Saint-Denis,Basilique,93,Ile-de-France,T3,Residence Montaigne,52.2,1.0,2.0,C,151000.0,2893.0
V08647,Surface Carrez,Libre immediatement,Saint-Denis,Pleyel,93,Ile-de-France,T4,,101,2.0,3.0,D,392000.0,3881.0
V13516,Surface Carrez,Libre immediatement,Boulogne-Billancourt,Rives de Seine,92,Ile-de-France,T4,,86.9,3.0,1.0,D,818000.0,9413.0
V13430,Surface Carrez,Libre immediatement,Meaux,Beauval,77,Ile-de-France,T3,,61.6,2.0,0.0,,130000.0,2110.0
V10524,Surface Carrez,Libre immediatement,Antony,Pajeaud,92,Ile-de-France,T4,Les Jardins des Lilas,88.8,2.0,0.0,D,410000.0,4617.0
V00996,Surface Carrez,Libre immediatement,Evry-Courcouronnes,Bois Sauvage,91,Ile-de-France,T2,Le Parc des Chenes,47.2,1.0,1.0,A,115000.0,2436.0
V00414,Surface Carrez,Libre immediatement,Boulogne-Billancourt,Parchamp,92,Ile-de-France,T1,,29.4,1.0,0.0,C,321000.0,10918.0
V11933,Surface Carrez,Libre immediatement,Paris,Gobelins,75,Ile-de-France,T2,Les Jardins Latitude,35.6,1.0,1.0,D,386000.0,10843.0
V06316,Surface Carrez,Libre immediatement,Cergy,Cergy-le-Haut,95,Ile-de-France,T6,Les Allees Beausejour,116.6,3.0,0.0,D,357000.0,3062.0
V08803,Surface Carrez,Libre immediatement,Trappes,Sand-Pergaud-Verlaine,78,Ile-de-France,T3,Les Allees Bellevue,59.4,1.0,0.0,C,164000.0,2761.0
V01072,Surface utile,Libre immediatement,Paris,Belleville,75,Ile-de-France,T3,Cour Opale,53.8,2.0,,D,394000.0,7323.0
V05301,Surface utile,Libre immediatement,Issy-les-Moulineaux,Val de Seine,92,Ile-de-France,T4,Cour Opale,98.7,3.0,3.0,C,819000.0,8298.0
V00334,Surface habitable,dec-2026,Neuilly-sur-Seine,Saint-James,92,Ile-de-France,T3,Les Allees du Parc,61.1,2.0,0.0,C,665000.0,10884.0
V08031,Surface utile,Libre immediatement,Vitry-sur-Seine,Port-a-l'Anglais,94,Ile-de-France,T3,Le Domaine du Parc,72.2,2.0,1.0,B,309000.0,4280.0
V02691,Surface habitable,Libre immediatement,Paris,Montmartre,75,Ile-de-France,T5,,132.9,3.0,1.0,C,1248000.0,9391.0
V05048,Surface Carrez,Libre immediatement,Creteil,Mont-Mesly,94,Ile-de-France,T4,Les Terrasses du Lac,84.2,3.0,0.0,E,278000.0,3302.0
V01558,Surface Carrez,oct-2029,Paris,Montmartre,75,Ile-de-France,T4,Villa Belvedere,71,3.0,0.0,C,724000.0,10197.0
V07710,Surface Carrez,Libre immediatement,Paris,Vaugirard,75,Ile-de-France,T4,Carre des Acacias,71.3,3.0,0.0,B,748000.0,10491.0
V13835,Surface habitable,Libre immediatement,Montreuil,Bel-Air,93,Ile-de-France,T3,Les Allees des Acacias,77.5,2.0,0.0,D,297000.0,3832.0
V07258,Surface utile,Libre immediatement,Aubervilliers,Fort d'Aubervilliers,93,Ile-de-France,T3,,60.6,1.0,0.0,B,160000.0,2640.0
V02231,Surface utile,Libre immediatement,Montrouge,Portes de Montrouge,92,Ile-de-France,T5,,97.5,3.0,0.0,D,754000.0,7733.0
V05300,Surface Carrez,Libre immediatement,Noisy-le-Grand,Centre-ville,93,Ile-de-France,T4,,103.6,3.0,0.0,C,346000.0,3340.0
V12360,Surface Carrez,Libre immediatement,Paris,Porte de Clignancourt,75,Ile-de-France,T4,,104.2,2.0,2.0,D,608000.0,5835.0
V02297,Surface habitable,Libre immediatement,Paris,Batignolles,75,Ile-de-France,T2,,52.4,1.0,1.0,C,431000.0,8225.0
V02194,Surface Carrez,Libre immediatement,Paris,Vaugirard,75,Ile-de-France,T2,Le Hameau Opale,45,1.0,1.0,E,436000.0,9689.0
V07222,Surface habitable,mars-2028,Paris,Champ-de-Mars,75,Ile-de-France,T4,Residence Opale,116.9,1.0,0.0,A,1611000.0,13781.0
V00154,Surface habitable,Libre immediatement,Ivry-sur-Seine,Ivry-Port,94,Ile-de-France,T3,,58,2.0,1.0,C,268000.0,4621.0
V02327,Surface Carrez,Libre immediatement,Versailles,Montreuil,78,Ile-de-France,T1,Les Terrasses Concorde,33.3,1.0,1.0,C,180000.0,5405.0
V12310,Surface Carrez,Libre immediatement,Cergy,Axe Majeur,95,Ile-de-France,T4,,66.7,2.0,1.0,E,143000.0,2144.0
V09963,Surface Carrez,Libre immediatement,Paris,Bercy,75,Ile-de-France,T5,Villa Saint-Martin,128.8,3.0,1.0,F,1055000.0,8191.0
V12977,Surface Carrez,dec-2027,Boulogne-Billancourt,Parchamp,92,Ile-de-France,T2,Le Domaine des Chenes,43.2,1.0,1.0,A,493000.0,11412.0
V08814,Surface Carrez,mars-2029,Paris,Champ-de-Mars,75,Ile-de-France,T3,Les Terrasses Concorde,63.7,1.0,,C,1146000.0,17991.0
V09663,Surface habitable,Libre immediatement,Issy-les-Moulineaux,Corentin Celton,92,Ile-de-France,T2,,50.9,1.0,2.0,D,428000.0,8409.0
V10203,Surface Carrez,dec-2026,Nanterre,Universite,92,Ile-de-France,T3,Cour des Chenes,85,1.0,2.0,C,508000.0,5976.0
V05524,Surface Carrez,Libre immediatement,Argenteuil,Centre-Ville,95,Ile-de-France,T3,,73.6,2.0,1.0,C,233000.0,3166.0
V00497,Surface Carrez,Libre immediatement,Saint-Germain-en-Laye,Bel-Air,78,Ile-de-France,T4,,77.5,3.0,1.0,A,468000.0,6039.0
V02808,Surface Carrez,Libre immediatement,Montreuil,Bas-Montreuil,93,Ile-de-France,T5,Esprit Bellevue,151.4,3.0,0.0,C,586000.0,3871.0
V13639,Surface Carrez,Libre immediatement,Montreuil,Bas-Montreuil,93,Ile-de-France,T2,,32.5,1.0,1.0,C,148000.0,4554.0
V04278,Surface Carrez,janv-2027,Paris,La Muette,75,Ile-de-France,T2,Villa Bellevue,35.1,1.0,2.0,A,516000.0,14701.0
V14068,Surface utile,Libre immediatement,Paris,Saint-Germain-des-Pres,75,Ile-de-France,T2,,34.3,1.0,2.0,E,422000.0,12303.0
V10905,Surface Carrez,Libre immediatement,Massy,Atlantis,91,Ile-de-France,Maison 4 pieces,Esprit Horizon,105.3,2.0,1.0,C,335000.0,3181.0
V10322,Surface utile,Libre immediatement,Issy-les-Moulineaux,Val de Seine,92,Ile-de-France,T5,Carre des Chenes,107.8,3.0,2.0,E,863000.0,8006.0
V11182,Surface Carrez,Libre immediatement,Paris,Saint-Germain-des-Pres,75,Ile-de-France,T2,,54.2,1.0,1.0,E,754000.0,13911.0
V02991,Surface Carrez,Libre immediatement,Paris,Saint-Germain-des-Pres,75,Ile-de-France,T4,,88.7,1.0,0.0,F,1233000.0,13901.0
V14443,Surface Carrez,Libre immediatement,Versailles,Saint-Louis,78,Ile-de-France,T4,Residence Montaigne,75.7,3.0,1.0,B,599000.0,7913.0
V10607,Surface utile,Libre immediatement,Boulogne-Billancourt,Centre-Ville,92,Ile-de-France,T3,Les Jardins Horizon,63.9,2.0,1.0,C,542000.0,8482.0
V07876,Surface Carrez,Libre immediatement,Paris,Vaugirard,75,Ile-de-France,T5,Le Clos d'Argent,121.6,3.0,0.0,,1078000.0,8865.0
V04304,Surface habitable,Libre immediatement,Paris,Batignolles,75,Ile-de-France,T2,Le Domaine Voltaire,59.7,1.0,0.0,E,463000.0,7755.0
V05738,Surface Carrez,Libre immediatement,Paris,Bercy,75,Ile-de-France,T4,,84.1,3.0,0.0,C,656000.0,7800.0
V02667,Surface Carrez,Libre immediatement,Neuilly-sur-Seine,Saint-James,92,Ile-de-France,T3,Les Terrasses du Lac,62.9,2.0,1.0,C,686000.0,10906.0
V00009,Surface au sol,Libre immediatement,Montreuil,Ruffins,93,Ile-de-France,Maison 3 pieces,Les Terrasses des Chenes,52.4,1.0,0.0,D,121000.0,2309.0
V04206,Surface Carrez,avr-2027,Paris,Champ-de-Mars,75,Ile-de-France,T3,Le Domaine Bellevue,85.2,2.0,2.0,B,1228000.0,14413.0
V00453,Surface habitable,Libre immediatement,Issy-les-Moulineaux,Corentin Celton,92,Ile-de-France,T4,Villa des Acacias,85.5,3.0,1.0,C,496000.0,5801.0
V03242,Surface Carrez,Libre immediatement,Ivry-sur-Seine,Ivry-Port,94,Ile-de-France,T5,,151.3,3.0,1.0,C,599000.0,3959.0
V12097,Surface Carrez,oct-2028,Paris,Le Marais,75,Ile-de-France,T4,Le Parc Horizon,97.7,2.0,1.0,B,1439000.0,14729.0
V11506,Surface Carrez,Libre immediatement,Paris,Gobelins,75,Ile-de-France,T5,Carre Riviera,101.8,3.0,0.0,C,1040000.0,10216.0
V12572,Surface Carrez,Libre immediatement,Montrouge,Centre,92,Ile-de-France,T2,Les Allees Belvedere,47.8,1.0,0.0,D,353000.0,7385.0
V01020,Surface Carrez,Libre immediatement,Melun,Saint-Aspais,77,Ile-de-France,T2,,56,1.0,2.0,G,120000.0,2143.0
V06293,Surface Carrez,Libre immediatement,Bobigny,Pont de Bondy,93,Ile-de-France,T2,Cour Horizon,44.2,1.0,1.0,C,155000.0,3507.0
V01807,Surface Carrez,Libre immediatement,Saint-Denis,Grand Centre,93,Ile-de-France,T4,,89.2,3.0,,D,267000.0,2993.0
V03900,Surface Carrez,Libre immediatement,Saint-Germain-en-Laye,Bel-Air,78,Ile-de-France,T4,Les Terrasses Verte,95.6,2.0,0.0,D,513000.0,5366.0
V06422,Surface Carrez,nov-2028,Melun,Centre-Ville,77,Ile-de-France,T2,Les Jardins du Lac,36.6,1.0,0.0,C,137000.0,3743.0
V07790,Surface habitable,mars-2027,Montreuil,Ruffins,93,Ile-de-France,T1,Le Clos Belvedere,26.9,1.0,0.0,C,151000.0,5613.0
V06706,Surface habitable,Libre immediatement,Paris,La Muette,75,Ile-de-France,T3,Residence d'Argent,59.6,1.0,0.0,D,684000.0,11477.0
V05347,Surface habitable,Libre immediatement,Vincennes,Bois de Vincennes,94,Ile-de-France,T5,Le Hameau Bellevue,102.7,3.0,0.0,D,874000.0,8510.0
V11082,Surface au sol,Libre immediatement,Argenteuil,Orgemont,95,Ile-de-France,Maison 4 pieces,Villa Saint-Martin,77.6,2.0,1.0,F,157000.0,2023.0
V07755,Surface Carrez,Libre immediatement,Paris,Saint-Germain-des-Pres,75,Ile-de-France,T3,Le Parc Saint-Martin,51.2,2.0,2.0,D,719000.0,14043.0
V08278,Surface Carrez,Libre immediatement,Paris,Porte de Clignancourt,75,Ile-de-France,T4,,100.3,3.0,3.0,D,668000.0,6660.0
V00750,Surface utile,Libre immediatement,Paris,Champ-de-Mars,75,Ile-de-France,T3,Carre d'Argent,69.4,1.0,2.0,E,968000.0,13948.0
V00329,Surface Carrez,Libre immediatement,Boulogne-Billancourt,Centre-Ville,92,Ile-de-France,T4,,93.6,2.0,0.0,D,724000.0,7735.0
V08154,Surface Carrez,avr-2027,Paris,Batignolles,75,Ile-de-France,T3,Cour Riviera,65.3,1.0,1.0,C,659000.0,10092.0
V14065,Surface Carrez,Libre immediatement,Paris,Batignolles,75,Ile-de-France,T3,Les Jardins des Acacias,59.9,2.0,0.0,D,760000.0,12688.0
V02831,Surface Carrez,Libre immediatement,Meaux,Centre-Ville,77,Ile-de-France,T2,Le Clos du Parc,40.7,1.0,0.0,E,98000.0,2408.0
V08430,Surface Carrez,Libre immediatement,Noisy-le-Grand,Butte Verte,93,Ile-de-France,T3,,67.1,2.0,2.0,C,263000.0,3920.0
V08352,Surface Carrez,Libre immediatement,Paris,Le Marais,75,Ile-de-France,T4,,81.2,3.0,0.0,A,1105000.0,13608.0
V11322,Surface habitable,Libre immediatement,Paris,Batignolles,75,Ile-de-France,T2,,43.5,1.0,0.0,D,406000.0,9333.0
V02375,Surface Carrez,Libre immediatement,Antony,Centre-Ville,92,Ile-de-France,T4,,117.8,1.0,1.0,D,648000.0,5501.0
V02855,Surface habitable,Libre immediatement,Saint-Germain-en-Laye,Hopital,78,Ile-de-France,Maison 4 pieces,,99,1.0,0.0,B,516000.0,5212.0
V03511,Surface Carrez,Libre immediatement,Paris,Vaugirard,75,Ile-de-France,T2,Carre Opale,59.5,1.0,2.0,E,622000.0,10454.0
V13543,Surface habitable,Libre immediatement,Melun,Almont,77,Ile-de-France,T4,Les Allees des Acacias,70.1,3.0,2.0,D,170000.0,2425.0
V12946,Surface Carrez,Libre immediatement,Paris,Bercy,75,Ile-de-France,T3,Residence Horizon,72.4,2.0,1.0,F,547000.0,7555.0
V08945,Surface Carrez,Libre immediatement,Argenteuil,Centre-Ville,95,Ile-de-France,T4,Les Jardins des Lilas,91.1,1.0,3.0,D,305000.0,3348.0
V09122,Surface utile,Libre immediatement,Levallois-Perret,Centre,92,Ile-de-France,T6,,183.3,3.0,0.0,C,1893000.0,10327.0
V05964,Surface Carrez,Libre immediatement,Paris,Porte de Clignancourt,75,Ile-de-France,T2,Les Allees Concorde,51.8,1.0,0.0,C,290000.0,5598.0
V03823,Surface Carrez,Libre immediatement,Boulogne-Billancourt,Centre-Ville,92,Ile-de-France,T4,Le Domaine Bellevue,81 - 103,2.0,1.0,D,623000.0,
V07079,Surface Carrez,Libre immediatement,Nanterre,Petit-Nanterre,92,Ile-de-France,T2,Esprit Horizon,53.6,1.0,1.0,D,283000.0,5280.0
V09038,Surface Carrez,Libre immediatement,Vitry-sur-Seine,Moulin-Vert,94,Ile-de-France,T3,,73.3,2.0,0.0,E,229000.0,3124.0
V07788,Surface utile,Libre immediatement,Paris,Porte de Clignancourt,75,Ile-de-France,T3,,77.7,1.0,1.0,E,557000.0,7169.0
V04875,Surface Carrez,Libre immediatement,Trappes,Plaine de Neauphle,78,Ile-de-France,T3,,65.4,2.0,0.0,D,186000.0,2844.0
V05027,Surface Carrez,aout-2027,Paris,Montmartre,75,Ile-de-France,T1,Le Domaine Verte,34.4,1.0,0.0,A,383000.0,11134.0
V11980,Surface Carrez,Libre immediatement,Neuilly-sur-Seine,Bagatelle,92,Ile-de-France,Maison 5 pieces,,106.7,4.0,0.0,D,965000.0,9044.0
V03562,Surface utile,Libre immediatement,Saint-Germain-en-Laye,Hopital,78,Ile-de-France,T4,,101.5,1.0,0.0,E,557000.0,5488.0
V05482,Surface Carrez,Libre immediatement,Vincennes,Domaine du Bois,94,Ile-de-France,T3,,66.7,2.0,1.0,C,548000.0,8216.0
V10621,Surface Carrez,Libre immediatement,Paris,Porte de Clignancourt,75,Ile-de-France,T2,Carre Voltaire,42.9,1.0,2.0,D,319000.0,7436.0
V09023,Surface au sol,Libre immediatement,Paris,Porte de Clignancourt,75,Ile-de-France,Maison 4 pieces,Le Parc des Chenes,76.5,2.0,2.0,B,315000.0,4118.0
V07721,Surface habitable,Libre immediatement,Versailles,Notre-Dame,78,Ile-de-France,T2,Les Jardins Belvedere,39,1.0,2.0,G,223000.0,5718.0
V06303,Surface Carrez,Libre immediatement,Ivry-sur-Seine,Ivry-Port,94,Ile-de-France,T5,Residence d'Argent,113.8,3.0,2.0,D,491000.0,4315.0
V11438,Surface Carrez,Libre immediatement,Ivry-sur-Seine,Petit-Ivry,94,Ile-de-France,T1,Le Parc du Lac,28.7,1.0,0.0,D,152000.0,5296.0
V11563,Surface Carrez,Libre immediatement,Argenteuil,Coteaux,95,Ile-de-France,T3,Le Domaine Beausejour,77.9,2.0,,E,203000.0,2606.0
V10362,Surface utile,Libre immediatement,Paris,Buttes-Chaumont,75,Ile-de-France,T2,Les Jardins Bellevue,54.3,1.0,1.0,E,410000.0,7551.0
V10135,Surface habitable,Libre immediatement,Paris,Belleville,75,Ile-de-France,T2,Le Parc des Acacias,55.6,1.0,,D,278000.0,5000.0
V05833,Surface Carrez,Libre immediatement,Boulogne-Billancourt,Rives de Seine,92,Ile-de-France,T2,,48.1,1.0,0.0,D,442000.0,9189.0
V07923,Surface Carrez,Libre immediatement,Aubervilliers,Villette-Quatre-Chemins,93,Ile-de-France,T2,Les Terrasses Montaigne,31.1,1.0,1.0,E,111000.0,3569.0
V12194,Surface Carrez,Libre immediatement,Montrouge,Portes de Montrouge,92,Ile-de-France,T4,Esprit Symphonie,76.8,3.0,1.0,C,528000.0,6875.0
V01734,Surface utile,Libre immediatement,Creteil,Mont-Mesly,94,Ile-de-France,T4,Les Jardins des Lilas,96.2,3.0,0.0,D,308000.0,3202.0
V08892,Surface Carrez,Libre immediatement,Ivry-sur-Seine,Ivry-Port,94,Ile-de-France,T1,Le Domaine Riviera,22.6,1.0,1.0,E,107000.0,4735.0
V09855,Surface habitable,Libre immediatement,Paris,Champ-de-Mars,75,Ile-de-France,T2,,44.8,1.0,0.0,C,552000.0,12321.0
V11836,Surface habitable,Libre immediatement,Montreuil,Croix de Chavaux,93,Ile-de-France,T3,Carre des Acacias,80.7,2.0,1.0,C,392000.0,4857.0
V07273,Surface Carrez,Libre immediatement,Aubervilliers,Fort d'Aubervilliers,93,Ile-de-France,T3,Le Clos des Acacias,47.7,2.0,0.0,D,166000.0,3480.0
V10942,Surface Carrez,Libre immediatement,Paris,Vaugirard,75,Ile-de-France,T2,Villa Opale,43.6,1.0,2.0,G,260000.0,5963.0
V00719,Surface utile,Libre immediatement,Paris,La Muette,75,Ile-de-France,T4,Villa Concorde,106.6,3.0,2.0,C,1254000.0,11764.0
V13761,Surface Carrez,Libre immediatement,Paris,Batignolles,75,Ile-de-France,T3,,70.5,2.0,1.0,D,723000.0,10255.0
V06783,Surface Carrez,Libre immediatement,Levallois-Perret,Front de Seine,92,Ile-de-France,T1,Esprit des Chenes,21.9,1.0,1.0,E,183000.0,8356.0
V03876,Surface Carrez,sept-2027,Paris,Batignolles,75,Ile-de-France,T3,Les Allees Bellevue,69.5,1.0,1.0,C,702000.0,10101.0
V06432,Surface Carrez,Libre immediatement,Evry-Courcouronnes,Le Canal,91,Ile-de-France,T4,Les Jardins Concorde,94.7,2.0,1.0,C,274000.0,2893.0
V12262,Surface Carrez,Libre immediatement,Montreuil,Bel-Air,93,Ile-de-France,T2,Le Hameau du Parc,37.7,1.0,2.0,D,181000.0,4801.0
V09593,Surface Carrez,Libre immediatement,Montreuil,Mairie,93,Ile-de-France,T1,,35,1.0,0.0,D,133000.0,3800.0
V06605,Surface habitable,Libre immediatement,Levallois-Perret,Collange,92,Ile-de-France,T2,Villa du Lac,40.9,1.0,0.0,D,361000.0,8826.0
V02696,Surface Carrez,Libre immediatement,Paris,Belleville,75,Ile-de-France,T3,Les Terrasses Saint-Martin,62.1,2.0,1.0,C,426000.0,6860.0
V14338,Surface utile,dec-2028,Ivry-sur-Seine,Centre-Ville,94,Ile-de-France,T3,Esprit du Parc,71.5,2.0,0.0,B,387000.0,5413.0
V14657,Surface habitable,Libre immediatement,Boulogne-Billancourt,Point du Jour,92,Ile-de-France,T4,,98.1,3.0,1.0,F,756000.0,7706.0
V03377,Surface Carrez,juin-2027,Saint-Denis,Pleyel,93,Ile-de-France,T2,Cour Belvedere,42.5,1.0,1.0,B,156000.0,3671.0
V04807,Surface au sol,avr-2027,Versailles,Montreuil,78,Ile-de-France,Maison 4 pieces,Le Domaine des Acacias,119.6,3.0,2.0,C,597000.0,4992.0
V12003,Surface Carrez,Libre immediatement,Argenteuil,Val d'Argent,95,Ile-de-France,T2,Le Domaine Cristal,60.8,1.0,1.0,C,126000.0,2072.0
V13854,Surface Carrez,Libre immediatement,Paris,Porte de Clignancourt,75,Ile-de-France,T4,Les Jardins Opale,80.5,1.0,0.0,C,624000.0,7752.0
V10433,Surface utile,Libre immediatement,Paris,Montmartre,75,Ile-de-France,T3,,68.2,2.0,0.0,C,618000.0,9062.0
V03341,Surface Carrez,avr-2029,Massy,Atlantis,91,Ile-de-France,T5,Les Allees Voltaire,102.8,1.0,0.0,B,477000.0,4640.0
V12216,Surface Carrez,mai-2029,Evry-Courcouronnes,Les Pyramides,91,Ile-de-France,T3,Esprit Bellevue,76.3,1.0,1.0,C,226000.0,2962.0
V09152,Surface utile,Libre immediatement,Cergy,Axe Majeur,95,Ile-de-France,T3,,78,2.0,0.0,F,189000.0,2423.0
V01931,Surface Carrez,Libre immediatement,Massy,Villaine,91,Ile-de-France,T3,Esprit Riviera,67.5,1.0,0.0,G,196000.0,2904.0
V05967,Surface Carrez,Libre immediatement,Paris,La Muette,75,Ile-de-France,T2,,33.1,1.0,0.0,D,392000.0,11843.0
V04866,Surface Carrez,Libre immediatement,Paris,Belleville,75,Ile-de-France,T2,,41.7,1.0,2.0,F,285000.0,6835.0
V02292,Surface utile,Libre immediatement,Paris,Batignolles,75,Ile-de-France,T4,,107.3,3.0,2.0,C,1044000.0,9730.0
V06162,Surface habitable,Libre immediatement,Meaux,Hopital,77,Ile-de-France,T3,Le Hameau d'Argent,62.6,2.0,0.0,E,126000.0,2013.0
V01456,Surface Carrez,Libre immediatement,Paris,Belleville,75,Ile-de-France,T3,Les Terrasses Horizon,77,1.0,0.0,A,572000.0,7429.0
V12694,Surface Carrez,Libre immediatement,Issy-les-Moulineaux,Les Epinettes,92,Ile-de-France,T3,Les Allees Symphonie,51.4,2.0,2.0,E,307000.0,5973.0
V11137,Surface habitable,Libre immediatement,Saint-Denis,Basilique,93,Ile-de-France,T2,Le Clos des Lilas,39.1,1.0,2.0,E,107000.0,2737.0
V09674,Surface au sol,Libre immediatement,Mantes-la-Jolie,Gassicourt,78,Ile-de-France,Maison 5 pieces,Residence Belvedere,124.1,3.0,1.0,C,275000.0,2216.0
V00845,Surface Carrez,sept-2026,Bobigny,Pont de Bondy,93,Ile-de-France,T4,Le Clos Belvedere,80.3,3.0,1.0,B,268000.0,3337.0
V01272,Surface Carrez,Libre immediatement,Paris,Gobelins,75,Ile-de-France,T3,,74.2,1.0,,F,537000.0,7237.0
V05880,Surface Carrez,Libre immediatement,Paris,Bercy,75,Ile-de-France,T3,Le Clos Opale,74,1.0,2.0,D,627000.0,8473.0
V09901,Surface Carrez,dec-2028,Issy-les-Moulineaux,Fort d'Issy,92,Ile-de-France,T4,Le Clos Cristal,93.6,3.0,0.0,A,881000.0,9412.0
V09049,Surface Carrez,Libre immediatement,Saint-Denis,Pleyel,93,Ile-de-France,T4,,132.7,1.0,0.0,C,327000.0,2464.0
V04063,Surface Carrez,Libre immediatement,Paris,Vaugirard,75,Ile-de-France,T3,Le Clos Latitude,54.8,2.0,1.0,F,475000.0,8668.0
V02699,Surface Carrez,Libre immediatement,Cergy,Cergy-le-Haut,95,Ile-de-France,T3,Esprit Montaigne,86.9,2.0,0.0,C,271000.0,3119.0
V06123,Surface Carrez,Libre immediatement,Paris,Belleville,75,Ile-de-France,T1,,26.1,1.0,1.0,E,196000.0,7510.0
V06743,Surface Carrez,Libre immediatement,Paris,Porte de Clignancourt,75,Ile-de-France,T4,,99.1,2.0,0.0,C,685000.0,6912.0
V06276,Surface Carrez,juil-2026,Paris,La Muette,75,Ile-de-France,T3,Residence Symphonie,74,1.0,1.0,B,992000.0,13405.0
V10363,Surface Carrez,Libre immediatement,Aubervilliers,Centre,93,Ile-de-France,T4,,80.3,3.0,,C,263000.0,3275.0
V00683,Surface Carrez,Libre immediatement,Paris,Batignolles,75,Ile-de-France,T3,,52.6,1.0,1.0,E,452000.0,8593.0
V14995,Surface Carrez,Libre immediatement,Issy-les-Moulineaux,Corentin Celton,92,Ile-de-France,T4,,103.6,3.0,2.0,B,647000.0,6245.0
V03408,Surface Carrez,Libre immediatement,Melun,Montaigu,77,Ile-de-France,T2,Cour Horizon,37,1.0,0.0,E,83000.0,2243.0
V08802,Surface Carrez,nov-2026,Paris,Vaugirard,75,Ile-de-France,T4,Villa d'Argent,72.9,1.0,2.0,B,825000.0,11317.0
V00905,Surface Carrez,avr-2029,Paris,Belleville,75,Ile-de-France,T3,Carre Horizon,84.9,2.0,1.0,A,771000.0,9081.0
V08752,Surface au sol,Libre immediatement,Aubervilliers,Fort d'Aubervilliers,93,Ile-de-France,Maison 5 pieces,Les Jardins des Lilas,112.5,3.0,1.0,A,312000.0,2773.0
V02765,Surface Carrez,Libre immediatement,Nanterre,Centre,92,Ile-de-France,T4,,106.9,1.0,1.0,C,572000.0,5351.0
V11984,Surface Carrez,Libre immediatement,Vitry-sur-Seine,Ardoines,94,Ile-de-France,Maison 5 pieces,,111.7,4.0,0.0,C,428000.0,3832.0
V02601,Surface Carrez,Libre immediatement,Paris,Porte de Clignancourt,75,Ile-de-France,T2,,54.4,1.0,0.0,D,425000.0,7812.0
V08853,Surface Carrez,Libre immediatement,Paris,La Muette,75,Ile-de-France,T3,,78.9,2.0,0.0,F,868000.0,11001.0
V04986,Surface au sol,Libre immediatement,Nanterre,Petit-Nanterre,92,Ile-de-France,Maison 5 pieces,,132.6,3.0,1.0,D,640000.0,4827.0
V12739,Surface au sol,Libre immediatement,Antony,Pajeaud,92,Ile-de-France,Maison 5 pieces,Les Allees d'Argent,140.3,4.0,0.0,F,471000.0,3357.0
V08092,Surface Carrez,Libre immediatement,Versailles,Saint-Louis,78,Ile-de-France,T4,,70.1,2.0,2.0,E,436000.0,6220.0
V07060,Surface Carrez,aout-2027,Paris,Le Marais,75,Ile-de-France,T4,Cour Saint-Martin,82.3,1.0,3.0,B,1180000.0,14338.0
V14356,Surface habitable,Libre immediatement,Paris,Le Marais,75,Ile-de-France,T3,Residence Symphonie,60.2,1.0,0.0,D,684000.0,11362.0
V14327,Surface Carrez,Libre immediatement,Creteil,Mont-Mesly,94,Ile-de-France,T2,Les Terrasses Voltaire,52.8,1.0,1.0,E,181000.0,3428.0
V07478,Surface Carrez,Libre immediatement,Paris,Vaugirard,75,Ile-de-France,T5,Le Parc Voltaire,115.9,3.0,1.0,E,807000.0,6963.0
V01742,Surface Carrez,Libre immediatement,Massy,Vilmorin,91,Ile-de-France,T3,Le Domaine Horizon,41.2,2.0,1.0,D,129000.0,3131.0
V01375,Surface Carrez,Libre immediatement,Boulogne-Billancourt,Point du Jour,92,Ile-de-France,T2,,46.9,1.0,0.0,C,318000.0,6780.0
V08658,Surface Carrez,Libre immediatement,Cergy,Cergy-Saint-Christophe,95,Ile-de-France,T3,Les Terrasses Verte,89.9,2.0,1.0,C,220000.0,2447.0
V07228,Surface utile,Libre immediatement,Paris,Le Marais,75,Ile-de-France,T4,Les Jardins Beausejour,78.2,2.0,0.0,D,897000.0,11471.0
V08968,Surface Carrez,Libre immediatement,Paris,Champ-de-Mars,75,Ile-de-France,T4,Cour Symphonie,112.3,3.0,1.0,F,1057000.0,9412.0
V12986,Surface Carrez,Libre immediatement,Mantes-la-Jolie,Val Fourre,78,Ile-de-France,Maison 4 pieces,,103.1,3.0,1.0,C,196000.0,1901.0
V10558,Surface habitable,Libre immediatement,Montreuil,Bas-Montreuil,93,Ile-de-France,T5,Le Parc Symphonie,120.8,3.0,0.0,D,826000.0,6838.0
V09077,Surface Carrez,avr-2028,Argenteuil,Centre-Ville,95,Ile-de-France,T1,Residence Montaigne,32.7,1.0,1.0,A,124000.0,3792.0
V14099,Surface habitable,Libre immediatement,Paris,Belleville,75,Ile-de-France,T1,Carre Latitude,28.4,1.0,1.0,D,238000.0,8380.0
V06347,Surface Carrez,sept-2028,Paris,Porte de Clignancourt,75,Ile-de-France,T4,Les Allees Concorde,83.5,2.0,1.0,A,710000.0,8503.0
V01157,Surface Carrez,Libre immediatement,Paris,Buttes-Chaumont,75,Ile-de-France,T4,Les Allees Cristal,68,2.0,0.0,C,639000.0,9397.0
V02310,Surface Carrez,Libre immediatement,Paris,Gobelins,75,Ile-de-France,T3,,62 - 78,2.0,0.0,D,525000.0,
V11244,Surface Carrez,Libre immediatement,Paris,Le Marais,75,Ile-de-France,T4,Esprit Saint-Martin,94.8,3.0,1.0,C,1221000.0,12880.0
V12304,Surface Carrez,Libre immediatement,Paris,Saint-Germain-des-Pres,75,Ile-de-France,T3,,67.5,2.0,1.0,B,1019000.0,15096.0
V04099,Surface Carrez,Libre immediatement,Creteil,Echat,94,Ile-de-France,T2,,46.7,1.0,0.0,C,180000.0,3854.0
V04022,Surface Carrez,Libre immediatement,Montreuil,Mairie,93,Ile-de-France,T2,Villa Latitude,42,1.0,1.0,E,178000.0,4238.0
V11731,Surface au sol,Libre immediatement,Paris,Montmartre,75,Ile-de-France,Maison 4 pieces,,85.6,1.0,1.0,D,752000.0,8785.0
V10126,Surface Carrez,Libre immediatement,Paris,Batignolles,75,Ile-de-France,T4,Residence du Lac,76.7,2.0,1.0,D,692000.0,9022.0
V01370,Surface utile,Libre immediatement,Paris,Saint-Germain-des-Pres,75,Ile-de-France,T4,Carre Voltaire,125,2.0,,B,2068000.0,16544.0
V11694,Surface Carrez,Libre immediatement,Paris,Champ-de-Mars,75,Ile-de-France,T4,,91.4,1.0,1.0,D,1361000.0,14891.0
V14865,Surface Carrez,janv-2028,Aubervilliers,Landy,93,Ile-de-France,T1,Le Parc Belvedere,28.6,1.0,1.0,A,127000.0,4441.0
V10693,Surface Carrez,Libre immediatement,Meaux,Beauval,77,Ile-de-France,T4,,87.7,2.0,2.0,F,114000.0,1300.0
V09752,Surface utile,Libre immediatement,Paris,Montmartre,75,Ile-de-France,T3,,60.9,2.0,0.0,C,444000.0,7291.0
V13714,Surface Carrez,Libre immediatement,Montreuil,Croix de Chavaux,93,Ile-de-France,T3,Le Domaine Saint-Martin,70,2.0,0.0,D,323000.0,4614.0
V12594,Surface habitable,aout-2029,Melun,Almont,77,Ile-de-France,T3,Les Allees Verte,86.2,1.0,,A,232000.0,2691.0
V05099,Surface au sol,Libre immediatement,Versailles,Notre-Dame,78,Ile-de-France,Maison 4 pieces,Le Parc Voltaire,84.6,3.0,,G,357000.0,4220.0
V02457,Surface habitable,Libre immediatement,Bobigny,Centre-ville,93,Ile-de-France,T4,Les Terrasses Riviera,83.5,2.0,1.0,D,268000.0,3210.0
V01021,Surface Carrez,janv-2027,Evry-Courcouronnes,Centre-Ville,91,Ile-de-France,T5,Le Parc Voltaire,116.5,3.0,0.0,B,411000.0,3528.0
V01284,Surface habitable,Libre immediatement,Montreuil,Ruffins,93,Ile-de-France,Maison 4 pieces,Le Domaine des Acacias,93.2,3.0,0.0,E,281000.0,3015.0
V11326,Surface habitable,Libre immediatement,Aubervilliers,Centre,93,Ile-de-France,T4,,83.5,3.0,0.0,D,291000.0,3485.0
V14565,Surface Carrez,Libre immediatement,Paris,Saint-Germain-des-Pres,75,Ile-de-France,T3,,80.7,2.0,0.0,F,1175000.0,14560.0
V05035,Surface Carrez,Libre immediatement,Paris,Bercy,75,Ile-de-France,T2,Les Jardins Concorde,42.4,1.0,1.0,A,487000.0,11486.0
V10112,Surface Carrez,Libre immediatement,Paris,Belleville,75,Ile-de-France,T2,,33,1.0,2.0,A,283000.0,8576.0
V07835,Surface Carrez,Libre immediatement,Bobigny,Centre-ville,93,Ile-de-France,T4,Les Jardins des Acacias,119.8,2.0,1.0,D,440000.0,3673.0
V11551,Surface habitable,Libre immediatement,Versailles,Porchefontaine,78,Ile-de-France,T4,,79.2,3.0,1.0,D,516000.0,6515.0
V13986,Surface habitable,Libre immediatement,Montreuil,Bas-Montreuil,93,Ile-de-France,Maison 3 pieces,,92.2,1.0,0.0,D,414000.0,4490.0
V03061,Surface habitable,Libre immediatement,Meaux,Centre-Ville,77,Ile-de-France,T2,Le Hameau Montaigne,53.7,1.0,1.0,B,136000.0,2533.0
V10461,Surface utile,Libre immediatement,Aubervilliers,Villette-Quatre-Chemins,93,Ile-de-France,Maison 4 pieces,,66.5,3.0,0.0,C,188000.0,2827.0
V12057,Surface Carrez,fevr-2027,Saint-Denis,Basilique,93,Ile-de-France,T3,Carre Verte,65.1,2.0,0.0,B,232000.0,3564.0
V14845,Surface Carrez,Libre immediatement,Paris,Montmartre,75,Ile-de-France,T5,Les Allees Beausejour,119.7,2.0,1.0,E,940000.0,7853.0
V03483,Surface Carrez,Libre immediatement,Nanterre,Centre,92,Ile-de-France,T2,Residence d'Argent,55.5,1.0,0.0,C,383000.0,6901.0
V08125,Surface Carrez,Libre immediatement,Aubervilliers,Centre,93,Ile-de-France,Maison 4 pieces,,90.4,1.0,0.0,F,268000.0,2965.0
V07948,Surface utile,Libre immediatement,Boulogne-Billancourt,Parchamp,92,Ile-de-France,T3,Le Parc Riviera,74.5,2.0,1.0,B,530000.0,7114.0
V09840,Surface Carrez,Libre immediatement,Paris,Le Marais,75,Ile-de-France,T3,,48.5,2.0,1.0,D,665000.0,13711.0
V10305,Surface Carrez,Libre immediatement,Mantes-la-Jolie,Val Fourre,78,Ile-de-France,T4,Le Clos Cristal,87.8,2.0,1.0,D,159000.0,1811.0
V01765,Surface Carrez,fevr-2028,Paris,Bercy,75,Ile-de-France,T2,Residence des Lilas,45.2,1.0,1.0,B,505000.0,11173.0
V08255,Surface Carrez,sept-2026,Massy,Villaine,91,Ile-de-France,T2,Le Parc Symphonie,39.9,1.0,0.0,B,139000.0,3484.0
V14222,Surface Carrez,Libre immediatement,Paris,Vaugirard,75,Ile-de-France,T2,,49.6,1.0,0.0,C,537000.0,10827.0
V11678,Surface habitable,Libre immediatement,Nanterre,Centre,92,Ile-de-France,T3,,54,2.0,0.0,A,299000.0,5537.0
V02318,Surface habitable,Libre immediatement,Meaux,Colbert,77,Ile-de-France,T4,,76,1.0,1.0,,132000.0,1737.0
V12374,Surface habitable,Libre immediatement,Paris,Champ-de-Mars,75,Ile-de-France,T3,,58.3,2.0,0.0,D,753000.0,12916.0
V13943,Surface Carrez,Libre immediatement,Paris,Champ-de-Mars,75,Ile-de-France,T4,Le Clos Beausejour,91.1,3.0,0.0,E,1185000.0,13008.0
V00480,Surface Carrez,Libre immediatement,Paris,Saint-Germain-des-Pres,75,Ile-de-France,T3,Residence des Acacias,63,2.0,2.0,D,1012000.0,16063.0
V00626,Surface utile,oct-2027,Saint-Denis,Pleyel,93,Ile-de-France,T3,Les Allees Montaigne,76.6,1.0,0.0,B,338000.0,4413.0
V06281,Surface Carrez,Libre immediatement,Saint-Denis,Grand Centre,93,Ile-de-France,T4,,86.8,1.0,1.0,E,217000.0,2500.0
V14104,Surface habitable,Libre immediatement,Vitry-sur-Seine,Ardoines,94,Ile-de-France,T2,Esprit d'Argent,522 pi2,1.0,1.0,D,183000.0,
V01634,Surface Carrez,Libre immediatement,Saint-Denis,Grand Centre,93,Ile-de-France,T2,,60.8,1.0,0.0,A,174000.0,2862.0
V01996,Surface Carrez,aout-2028,Paris,Le Marais,75,Ile-de-France,T4,Le Hameau des Lilas,81.3,3.0,1.0,B,1356000.0,16679.0
V07321,Surface Carrez,Libre immediatement,Vincennes,Centre-Ville,94,Ile-de-France,T3,Villa Symphonie,53.9,2.0,0.0,C,395000.0,7328.0
V01744,Surface habitable,Libre immediatement,Paris,Porte de Clignancourt,75,Ile-de-France,T4,,97.7,3.0,2.0,D,659000.0,6745.0
V08386,Surface Carrez,Libre immediatement,Aubervilliers,Fort d'Aubervilliers,93,Ile-de-France,Maison 3 pieces,Esprit Latitude,64.1,2.0,0.0,F,120000.0,1872.0
V05316,Surface Carrez,Libre immediatement,Paris,Champ-de-Mars,75,Ile-de-France,T5,,103.2,3.0,0.0,D,1068000.0,10349.0
V13414,Surface Carrez,oct-2027,Paris,Saint-Germain-des-Pres,75,Ile-de-France,T4,Le Parc du Parc,70.9,2.0,0.0,B,1151000.0,16234.0
V08312,Surface habitable,Libre immediatement,Boulogne-Billancourt,Point du Jour,92,Ile-de-France,T3,,65 - 72,1.0,,C,520000.0,
V03168,Surface habitable,Libre immediatement,Paris,Gobelins,75,Ile-de-France,T2,Le Parc Bellevue,37.5,,0.0,D,314000.0,8373.0
V02382,Surface Carrez,Libre immediatement,Paris,Belleville,75,Ile-de-France,T2,Le Domaine des Chenes,53.7,1.0,2.0,C,368000.0,6853.0
V00622,Surface habitable,dec-2027,Paris,Le Marais,75,Ile-de-France,T4,Esprit Latitude,123.2,3.0,0.0,A,1954000.0,15860.0
V01680,Surface Carrez,mai-2027,Paris,Batignolles,75,Ile-de-France,T2,Le Domaine Belvedere,49,1.0,0.0,B,643000.0,13122.0
V09222,Surface au sol,Libre immediatement,Argenteuil,Orgemont,95,Ile-de-France,Maison 5 pieces,,141.9,4.0,1.0,,336000.0,2368.0
V11922,Surface Carrez,Libre immediatement,Paris,Buttes-Chaumont,75,Ile-de-France,T2,Esprit du Parc,42.3,1.0,1.0,E,268000.0,6336.0
V08383,Surface Carrez,Libre immediatement,Levallois-Perret,Front de Seine,92,Ile-de-France,T4,,71.5,3.0,0.0,F,512000.0,7161.0
V08140,Surface habitable,Libre immediatement,Paris,Belleville,75,Ile-de-France,T3,,64.3,2.0,1.0,F,424000.0,6594.0
V06465,Surface Carrez,Libre immediatement,Paris,Le Marais,75,Ile-de-France,T3,Les Terrasses Montaigne,68.8,1.0,0.0,D,904000.0,13140.0
V12838,Surface Carrez,Libre immediatement,Boulogne-Billancourt,Rives de Seine,92,Ile-de-France,T4,,109.2,2.0,1.0,D,1008000.0,9231.0
V01062,Surface Carrez,Libre immediatement,Saint-Denis,Pleyel,93,Ile-de-France,T4,,102.3,1.0,0.0,D,348000.0,3402.0
V09335,Surface Carrez,Libre immediatement,Boulogne-Billancourt,Rives de Seine,92,Ile-de-France,T2,Carre Concorde,41.4,1.0,0.0,E,293000.0,7077.0
V11638,Surface Carrez,Libre immediatement,Levallois-Perret,Eiffel,92,Ile-de-France,T4,Les Jardins Montaigne,111.5,2.0,1.0,D,1091000.0,9785.0
V01670,Surface Carrez,Libre immediatement,Montreuil,Ruffins,93,Ile-de-France,T3,Le Clos Opale,58.3,1.0,0.0,D,285000.0,4889.0
V11309,Surface Carrez,Libre immediatement,Montrouge,Portes de Montrouge,92,Ile-de-France,T2,,44.2,1.0,0.0,D,280000.0,6335.0
V06816,Surface Carrez,Libre immediatement,Montreuil,Ruffins,93,Ile-de-France,T1,Le Domaine des Acacias,34,1.0,1.0,C,113000.0,3324.0
V12623,Surface Carrez,Libre immediatement,Paris,Batignolles,75,Ile-de-France,T1,Les Terrasses Latitude,20.2,1.0,0.0,C,190000.0,9406.0
V00151,Surface Carrez,Libre immediatement,Montreuil,Croix de Chavaux,93,Ile-de-France,T1,,23.7,1.0,0.0,C,104000.0,4388.0
V06406,Surface Carrez,Libre immediatement,Boulogne-Billancourt,Rives de Seine,92,Ile-de-France,T3,Le Parc Belvedere,59.7,1.0,2.0,D,441000.0,7387.0
V11788,Surface Carrez,Libre immediatement,Creteil,Echat,94,Ile-de-France,Maison 5 pieces,Le Parc Opale,170,3.0,1.0,D,432000.0,2541.0
V03992,Surface Carrez,Libre immediatement,Paris,Bercy,75,Ile-de-France,T6,Esprit Latitude,150.5,3.0,0.0,E,1157000.0,7688.0
V05205,Surface Carrez,Libre immediatement,Montreuil,Bas-Montreuil,93,Ile-de-France,T2,,31.2,1.0,2.0,D,166000.0,5321.0
V06697,Surface utile,Libre immediatement,Noisy-le-Grand,Centre-ville,93,Ile-de-France,T4,Les Allees Saint-Martin,90.4,2.0,1.0,C,349000.0,3861.0
V05888,Surface utile,Libre immediatement,Boulogne-Billancourt,Point du Jour,92,Ile-de-France,T5,Le Clos Horizon,100.7,2.0,3.0,E,742000.0,7368.0
V11937,Surface habitable,Libre immediatement,Paris,Porte de Clignancourt,75,Ile-de-France,T4,Les Terrasses des Lilas,71.7,1.0,0.0,,485000.0,6764.0
V02236,Surface Carrez,Libre immediatement,Massy,Villaine,91,Ile-de-France,T2,Les Terrasses Concorde,39,1.0,1.0,F,105000.0,2692.0
V05011,Surface Carrez,mars-2026,Paris,La Muette,75,Ile-de-France,T4,Le Parc Montaigne,94.5,3.0,1.0,B,1096000.0,11598.0
V11972,Surface habitable,Libre immediatement,Trappes,Village,78,Ile-de-France,T2,,43.1,1.0,2.0,C,116000.0,2691.0
V03960,Surface habitable,Libre immediatement,Boulogne-Billancourt,Centre-Ville,92,Ile-de-France,T2,Residence des Lilas,65.6,1.0,2.0,C,553000.0,8430.0
V13077,Surface Carrez,Libre immediatement,Montreuil,Croix de Chavaux,93,Ile-de-France,T5,Le Parc des Chenes,99.2,3.0,0.0,C,479000.0,4829.0
V09204,Surface Carrez,Libre immediatement,Massy,Vilmorin,91,Ile-de-France,T6,,164.9,3.0,2.0,C,464000.0,2814.0
V13875,Surface Carrez,Libre immediatement,Paris,La Muette,75,Ile-de-France,T3,,67.1,2.0,2.0,B,814000.0,12131.0
V04870,Surface Carrez,Libre immediatement,Massy,Atlantis,91,Ile-de-France,T4,,104.9,3.0,0.0,F,355000.0,3384.0
V07499,Surface Carrez,Libre immediatement,Paris,Batignolles,75,Ile-de-France,T3,Les Jardins Bellevue,48.6,2.0,0.0,E,413000.0,8498.0
V02997,Surface Carrez,Libre immediatement,Paris,Le Marais,75,Ile-de-France,T4,,103.8,2.0,0.0,F,1162000.0,11195.0
V00879,Surface utile,Libre immediatement,Boulogne-Billancourt,Centre-Ville,92,Ile-de-France,T4,Esprit Bellevue,107,2.0,0.0,E,896000.0,8374.0
V06345,Surface Carrez,Libre immediatement,Paris,Belleville,75,Ile-de-France,T4,Le Hameau du Parc,95.7,1.0,1.0,D,644000.0,6729.0
V09690,Surface Carrez,Libre immediatement,Neuilly-sur-Seine,Village,92,Ile-de-France,T4,Residence Bellevue,85.8,2.0,0.0,G,624000.0,7273.0
V04568,Surface utile,Libre immediatement,Paris,Champ-de-Mars,75,Ile-de-France,T2,Residence du Parc,46.6,1.0,1.0,B,630000.0,13519.0
V02417,Surface Carrez,Libre immediatement,Ivry-sur-Seine,Centre-Ville,94,Ile-de-France,T2,Le Clos Voltaire,35.2,1.0,1.0,C,164000.0,4659.0
V14618,Surface Carrez,Libre immediatement,Paris,Gobelins,75,Ile-de-France,T1,,23.7,1.0,1.0,D,224000.0,9451.0
V09599,Surface Carrez,Libre immediatement,Montrouge,Portes de Montrouge,92,Ile-de-France,T5,,100.4,3.0,0.0,E,709000.0,7062.0
V06679,Surface Carrez,Libre immediatement,Argenteuil,Val d'Argent,95,Ile-de-France,T3,,83.7,1.0,0.0,B,222000.0,2652.0
V08082,Surface Carrez,Libre immediatement,Saint-Germain-en-Laye,Centre-Ville,78,Ile-de-France,T4,Villa Saint-Martin,87.7,1.0,1.0,C,647000.0,7377.0
V03130,Surface utile,Libre immediatement,Boulogne-Billancourt,Rives de Seine,92,Ile-de-France,T2,Le Clos Montaigne,36.8,1.0,0.0,C,391000.0,10625.0
V08133,Surface Carrez,mars-2027,Aubervilliers,Fort d'Aubervilliers,93,Ile-de-France,,Les Jardins Riviera,55.2,2.0,1.0,C,177000.0,3207.0
V11010,Surface Carrez,Libre immediatement,Mantes-la-Jolie,Centre-Ville,78,Ile-de-France,Maison 4 pieces,,92.9,1.0,0.0,D,241000.0,2594.0
V06721,Surface Carrez,dec-2028,Cergy,Axe Majeur,95,Ile-de-France,T4,Le Parc du Lac,84.5,3.0,2.0,B,261000.0,3089.0
V12945,Surface Carrez,Libre immediatement,Paris,Montmartre,75,Ile-de-France,T3,Esprit Beausejour,57.1,2.0,1.0,D,447000.0,7828.0
V03321,Surface Carrez,Libre immediatement,Aubervilliers,Fort d'Aubervilliers,93,Ile-de-France,T4,Le Clos Saint-Martin,126.9,3.0,3.0,D,418000.0,3294.0
V05374,Surface Carrez,Libre immediatement,Paris,Saint-Germain-des-Pres,75,Ile-de-France,T2,Le Domaine d'Argent,35.1,1.0,1.0,A,509000.0,14501.0
V13720,Surface Carrez,Libre immediatement,Evry-Courcouronnes,Le Canal,91,Ile-de-France,T3,Le Hameau du Lac,54.6,2.0,0.0,E,133000.0,2436.0
V09116,Surface utile,Libre immediatement,Paris,Le Marais,75,Ile-de-France,T5,,105.1,3.0,0.0,G,862000.0,8202.0
V06015,Surface Carrez,nov-2028,Paris,Vaugirard,75,Ile-de-France,T2,Cour Opale,39.8,1.0,0.0,B,417000.0,10477.0
V09302,Surface Carrez,Libre immediatement,Paris,Saint-Germain-des-Pres,75,Ile-de-France,T2,Le Domaine des Acacias,44.6,1.0,2.0,C,573000.0,12848.0
V12408,Surface Carrez,Libre immediatement,Trappes,Sand-Pergaud-Verlaine,78,Ile-de-France,T4,,111.9,3.0,0.0,A,251000.0,2243.0
V07421,Surface Carrez,Libre immediatement,Boulogne-Billancourt,Rives de Seine,92,Ile-de-France,T2,Esprit du Lac,44.8,1.0,1.0,C,508000.0,11339.0
V01849,Surface Carrez,Libre immediatement,Paris,Vaugirard,75,Ile-de-France,T3,,55.7,2.0,1.0,E,567000.0,10180.0
V11834,Surface habitable,mars-2027,Paris,Batignolles,75,Ile-de-France,T3,Le Hameau Beausejour,55.2,2.0,0.0,C,508000.0,9203.0
V10940,Surface Carrez,janv-2026,Montrouge,Ferry-Jaures,92,Ile-de-France,T4,Les Jardins du Lac,68.7,1.0,2.0,A,631000.0,9185.0
V14191,Surface Carrez,Libre immediatement,Paris,Champ-de-Mars,75,Ile-de-France,T4,,75,3.0,1.0,C,1210000.0,16133.0
V04332,Surface utile,Libre immediatement,Paris,Le Marais,75,Ile-de-France,T3,Le Hameau Horizon,63.9,2.0,0.0,C,927000.0,14507.0
V09517,Surface habitable,dec-2027,Saint-Denis,Franc-Moisin,93,Ile-de-France,T3,Les Terrasses Voltaire,56.1,2.0,0.0,A,139000.0,2478.0
V14306,Surface Carrez,Libre immediatement,Paris,Bercy,75,Ile-de-France,T3,,70.3,1.0,0.0,C,692000.0,9844.0
V05517,Surface Carrez,fevr-2026,Mantes-la-Jolie,Gassicourt,78,Ile-de-France,T4,Cour des Lilas,89.4,1.0,0.0,A,337000.0,3770.0
V07116,Surface au sol,Libre immediatement,Argenteuil,Centre-Ville,95,Ile-de-France,Maison 6 pieces,Carre Riviera,175.2,2.0,0.0,C,467000.0,2666.0
V02099,Surface Carrez,Libre immediatement,Bobigny,Pont de Bondy,93,Ile-de-France,T4,Les Allees Opale,105.8,3.0,0.0,D,323000.0,3053.0
V14267,Surface Carrez,Libre immediatement,Paris,Batignolles,75,Ile-de-France,T3,,58.1,1.0,0.0,D,428000.0,7367.0
V05535,Surface Carrez,Libre immediatement,Noisy-le-Grand,Centre-ville,93,Ile-de-France,T5,Residence Saint-Martin,103.3,2.0,0.0,C,423000.0,4095.0
V10279,Surface Carrez,Libre immediatement,Paris,Batignolles,75,Ile-de-France,T3,,90.8,2.0,0.0,F,816000.0,8987.0
V08660,Surface Carrez,aout-2027,Paris,Le Marais,75,Ile-de-France,T3,Villa Belvedere,68.6,2.0,0.0,C,1032000.0,15044.0
V06118,Surface Carrez,Libre immediatement,Paris,Le Marais,75,Ile-de-France,T3,,57.1,1.0,0.0,B,742000.0,12995.0
V09894,Surface Carrez,Libre immediatement,Meaux,Beauval,77,Ile-de-France,Maison 3 pieces,Les Terrasses Bellevue,90.4,2.0,0.0,D,128000.0,1416.0
V09101,Surface Carrez,Libre immediatement,Ivry-sur-Seine,Ivry-Port,94,Ile-de-France,T3,,74.6,2.0,,D,383000.0,5134.0
V12725,Surface habitable,Libre immediatement,Boulogne-Billancourt,Centre-Ville,92,Ile-de-France,T3,Le Parc Saint-Martin,90.8,2.0,2.0,D,714000.0,7863.0
V10694,Surface Carrez,Libre immediatement,Vitry-sur-Seine,Moulin-Vert,94,Ile-de-France,T4,Les Terrasses Symphonie,78.4,3.0,0.0,,348000.0,4439.0
V05532,Surface Carrez,Libre immediatement,Montrouge,Ferry-Jaures,92,Ile-de-France,T1,,34.4,1.0,0.0,E,216000.0,6279.0
V03221,Surface utile,juil-2028,Massy,Villaine,91,Ile-de-France,T2,Le Clos Concorde,43.6,1.0,2.0,C,176000.0,4037.0
V04630,Surface Carrez,Libre immediatement,Paris,Porte de Clignancourt,75,Ile-de-France,T3,Les Terrasses des Lilas,62.8,1.0,0.0,F,305000.0,4857.0
V14136,Surface Carrez,Libre immediatement,Issy-les-Moulineaux,Fort d'Issy,92,Ile-de-France,T1,Cour du Parc,28.7,1.0,0.0,D,159000.0,5540.0
V07613,Surface Carrez,mars-2028,Paris,Batignolles,75,Ile-de-France,T5,Le Parc d'Argent,132.2,2.0,1.0,A,1656000.0,12526.0
V11717,Surface Carrez,Libre immediatement,Boulogne-Billancourt,Centre-Ville,92,Ile-de-France,T4,Le Domaine Symphonie,80,2.0,1.0,E,581000.0,7262.0
V01417,Surface Carrez,nov-2027,Paris,Porte de Clignancourt,75,Ile-de-France,T3,Villa Horizon,61 - 70,2.0,2.0,A,456000.0,
V09257,Surface Carrez,Libre immediatement,Paris,Le Marais,75,Ile-de-France,T1,Cour Concorde,25.7,1.0,0.0,E,287000.0,11167.0
V12162,Surface Carrez,Libre immediatement,Paris,Belleville,75,Ile-de-France,T3,Esprit Belvedere,87.2,2.0,1.0,E,613000.0,7030.0
V00216,Surface habitable,dec-2027,Trappes,Les Merisiers,78,Ile-de-France,T2,Les Jardins Cristal,50.2,1.0,0.0,C,148000.0,2948.0
V04749,Surface Carrez,Libre immediatement,Versailles,Chantiers,78,Ile-de-France,T4,,70,3.0,,E,409000.0,5843.0
V02066,Surface habitable,Libre immediatement,Neuilly-sur-Seine,Saint-James,92,Ile-de-France,T6,Cour Opale,132.3,2.0,0.0,C,1540000.0,11640.0
V11178,Surface Carrez,Libre immediatement,Vitry-sur-Seine,Centre-Ville,94,Ile-de-France,T2,,51.6,1.0,0.0,C,170000.0,3295.0
V00097,Surface habitable,Libre immediatement,Nanterre,Petit-Nanterre,92,Ile-de-France,T3,,93.5,2.0,2.0,D,389000.0,4160.0
V06913,Surface Carrez,Libre immediatement,Paris,Montmartre,75,Ile-de-France,T3,,65.4,1.0,1.0,A,618000.0,9450.0
V13370,Surface Carrez,Libre immediatement,Issy-les-Moulineaux,Val de Seine,92,Ile-de-France,T4,Esprit Beausejour,93.8,2.0,1.0,D,732000.0,7804.0
V11217,Surface Carrez,juin-2029,Paris,Bercy,75,Ile-de-France,T1,Les Jardins Bellevue,20.5,1.0,1.0,,190000.0,9268.0
V07563,Surface Carrez,Libre immediatement,Paris,Bercy,75,Ile-de-France,T4,,87.2,3.0,1.0,E,634000.0,7271.0
V03263,Surface Carrez,Libre immediatement,Paris,Porte de Clignancourt,75,Ile-de-France,T2,,36.9,1.0,0.0,B,247000.0,6694.0
V07161,Surface Carrez,juil-2028,Paris,Gobelins,75,Ile-de-France,T2,Les Jardins Opale,35.8,1.0,0.0,A,549000.0,15335.0
V07780,Surface Carrez,fevr-2027,Paris,Batignolles,75,Ile-de-France,T2,Les Allees Montaigne,36.2,1.0,,C,390000.0,10773.0
V09312,Surface utile,Libre immediatement,Paris,Saint-Germain-des-Pres,75,Ile-de-France,T3,,74.4,1.0,2.0,D,1055000.0,14180.0
V12550,Surface Carrez,Libre immediatement,Montrouge,Centre,92,Ile-de-France,T3,Les Terrasses du Lac,57.5,2.0,1.0,E,458000.0,7965.0
V06613,Surface Carrez,juil-2027,Vitry-sur-Seine,Moulin-Vert,94,Ile-de-France,T3,Les Terrasses Belvedere,62.8,1.0,0.0,A,251000.0,3997.0
V01241,Surface Carrez,Libre immediatement,Boulogne-Billancourt,Billancourt,92,Ile-de-France,T5,,87.6,3.0,2.0,A,675000.0,7705.0
V01535,Surface Carrez,Libre immediatement,Paris,Buttes-Chaumont,75,Ile-de-France,T4,Le Hameau Horizon,100.8,1.0,1.0,D,827000.0,8204.0
V14748,Surface Carrez,Libre immediatement,Montrouge,Centre,92,Ile-de-France,T1,Villa d'Argent,28.1,,0.0,E,192000.0,6833.0
V10151,Surface Carrez,nov-2026,Montrouge,Centre,92,Ile-de-France,T4,Les Terrasses Bellevue,103.9,3.0,0.0,A,807000.0,7767.0
V13203,Surface Carrez,Libre immediatement,Montreuil,Bas-Montreuil,93,Ile-de-France,T1,,29,1.0,1.0,B,159000.0,5483.0
V04441,Surface Carrez,Libre immediatement,Saint-Denis,La Plaine,93,Ile-de-France,T5,,112.3,3.0,0.0,E,375000.0,3339.0
V01450,Surface Carrez,Libre immediatement,Nanterre,Universite,92,Ile-de-France,T3,,60.8,1.0,1.0,C,330000.0,5428.0
V04552,Surface Carrez,Libre immediatement,Trappes,Les Merisiers,78,Ile-de-France,T3,,66.7,1.0,0.0,C,159000.0,2384.0
V12869,Surface habitable,Libre immediatement,Paris,Buttes-Chaumont,75,Ile-de-France,T3,,68.4,2.0,2.0,D,475000.0,6944.0
V02469,Surface Carrez,Libre immediatement,Vitry-sur-Seine,Moulin-Vert,94,Ile-de-France,T1,,23.9,1.0,1.0,D,74000.0,3096.0
V09397,Surface Carrez,nov-2026,Neuilly-sur-Seine,Village,92,Ile-de-France,T3,Esprit Montaigne,63,2.0,0.0,A,715000.0,11349.0
V09304,Surface Carrez,Libre immediatement,Bobigny,Etoile,93,Ile-de-France,T4,Les Allees du Lac,72.1,2.0,1.0,A,198000.0,2746.0
V11705,Surface habitable,Libre immediatement,Neuilly-sur-Seine,Sablons,92,Ile-de-France,T6,,164.8,3.0,,D,1740000.0,10558.0
V12251,Surface Carrez,Libre immediatement,Paris,Montmartre,75,Ile-de-France,T4,,90.3,3.0,1.0,E,984000.0,10897.0
V03939,Surface Carrez,Libre immediatement,Noisy-le-Grand,Mont d'Est,93,Ile-de-France,Maison 5 pieces,,152.7,2.0,1.0,C,656000.0,4296.0
V05835,Surface habitable,Libre immediatement,Nanterre,Centre,92,Ile-de-France,T2,Esprit Cristal,40.7,1.0,,C,238000.0,5848.0
V02259,Surface Carrez,Libre immediatement,Paris,La Muette,75,Ile-de-France,T3,Villa Belvedere,55.1,2.0,1.0,C,596000.0,10817.0
V02342,Surface habitable,Libre immediatement,Meaux,Beauval,77,Ile-de-France,Maison 5 pieces,Le Clos des Lilas,121.4,4.0,0.0,F,124000.0,1021.0
V04769,Surface Carrez,Libre immediatement,Vitry-sur-Seine,Ardoines,94,Ile-de-France,T2,,33.5,1.0,2.0,A,149000.0,4448.0
V11510,Surface habitable,Libre immediatement,Cergy,Cergy-le-Haut,95,Ile-de-France,T1,Les Jardins Beausejour,25.9,1.0,1.0,D,67000.0,2587.0
V09104,Surface Carrez,Libre immediatement,Paris,Buttes-Chaumont,75,Ile-de-France,T2,Le Parc du Parc,42.2,1.0,1.0,B,328000.0,7773.0
V05951,Surface Carrez,Libre immediatement,Ivry-sur-Seine,Monmousseau,94,Ile-de-France,Maison 5 pieces,Cour du Lac,112,4.0,1.0,D,404000.0,3607.0
V04356,Surface au sol,Libre immediatement,Trappes,Sand-Pergaud-Verlaine,78,Ile-de-France,Maison 5 pieces,Les Terrasses du Parc,114.1,1.0,1.0,D,232000.0,2033.0
V00785,Surface Carrez,Libre immediatement,Saint-Germain-en-Laye,Centre-Ville,78,Ile-de-France,T3,Le Clos Cristal,50.7,2.0,1.0,F,335000.0,6607.0
V00500,Surface Carrez,Libre immediatement,Saint-Denis,Grand Centre,93,Ile-de-France,T3,Cour des Acacias,58.2,1.0,0.0,E,175000.0,3007.0
V06213,Surface Carrez,Libre immediatement,Paris,Gobelins,75,Ile-de-France,T6,Les Terrasses Verte,108.2,3.0,2.0,B,1131000.0,10453.0
V01361,Surface habitable,Libre immediatement,Paris,Champ-de-Mars,75,Ile-de-France,T2,Les Allees d'Argent,43,1.0,0.0,D,532000.0,12372.0
V09905,Surface Carrez,Libre immediatement,Saint-Denis,Franc-Moisin,93,Ile-de-France,Maison 3 pieces,Le Domaine des Chenes,90.2,2.0,1.0,B,176000.0,1951.0
V01712,Surface Carrez,Libre immediatement,Ivry-sur-Seine,Petit-Ivry,94,Ile-de-France,T3,Le Hameau Riviera,72.5,2.0,2.0,C,308000.0,4248.0
V04375,Surface utile,Libre immediatement,Paris,Montmartre,75,Ile-de-France,T2,,36.1,1.0,0.0,D,300000.0,8310.0
V11543,Surface Carrez,fevr-2027,Issy-les-Moulineaux,Corentin Celton,92,Ile-de-France,T4,Le Hameau Belvedere,81.1,1.0,1.0,C,791000.0,9753.0
V05759,Surface Carrez,nov-2028,Aubervilliers,Villette-Quatre-Chemins,93,Ile-de-France,T2,Carre Horizon,36.1,1.0,2.0,B,167000.0,4626.0
V03275,Surface Carrez,Libre immediatement,Paris,Buttes-Chaumont,75,Ile-de-France,T3,Le Domaine Horizon,67.9,2.0,2.0,D,416000.0,6127.0
V09774,Surface Carrez,Libre immediatement,Cergy,Cergy-le-Haut,95,Ile-de-France,T2,Esprit Opale,49.9,1.0,1.0,C,152000.0,3046.0
V07072,Surface Carrez,Libre immediatement,Paris,Batignolles,75,Ile-de-France,T3,Le Domaine du Lac,59.1,2.0,0.0,E,640000.0,10829.0
V12455,Surface utile,Libre immediatement,Paris,Porte de Clignancourt,75,Ile-de-France,T5,Le Parc Cristal,163.6,3.0,1.0,,1095000.0,6693.0
V13596,Surface Carrez,Libre immediatement,Paris,Porte de Clignancourt,75,Ile-de-France,T5,Esprit Verte,136.6,3.0,1.0,C,942000.0,6896.0
V06175,Surface utile,Libre immediatement,Paris,Le Marais,75,Ile-de-France,T3,Les Allees Voltaire,76.9,1.0,1.0,C,997000.0,12965.0
V10010,Surface habitable,Libre immediatement,Paris,Saint-Germain-des-Pres,75,Ile-de-France,T4,,135.8,2.0,0.0,F,1598000.0,11767.0
V01526,Surface Carrez,janv-2026,Creteil,Centre Ancien,94,Ile-de-France,Maison 6 pieces,Esprit Beausejour,197.5,3.0,1.0,A,866000.0,4385.0
V12683,Surface habitable,Libre immediatement,Paris,Le Marais,75,Ile-de-France,T4,,71.3,1.0,1.0,E,800000.0,11220.0
V01823,Surface habitable,mai-2027,Issy-les-Moulineaux,Val de Seine,92,Ile-de-France,T2,Les Jardins du Lac,63.5,1.0,,C,565000.0,8898.0
V05639,Surface Carrez,Libre immediatement,Montreuil,Bel-Air,93,Ile-de-France,T3,,81.4,2.0,1.0,D,294000.0,3612.0
V00338,Surface Carrez,Libre immediatement,Paris,Batignolles,75,Ile-de-France,T4,,68.5,3.0,,E,658000.0,9606.0
V02616,Surface Carrez,avr-2027,Saint-Denis,La Plaine,93,Ile-de-France,T4,Le Parc des Lilas,99.7,3.0,0.0,B,401000.0,4022.0
V08023,Surface utile,Libre immediatement,Montreuil,Croix de Chavaux,93,Ile-de-France,T4,,85.2,3.0,1.0,E,344000.0,4038.0
V11781,Surface au sol,Libre immediatement,Vitry-sur-Seine,Moulin-Vert,94,Ile-de-France,Maison 7 pieces,,161.5,4.0,1.0,C,343000.0,2124.0
V06765,Surface Carrez,juin-2028,Paris,Champ-de-Mars,75,Ile-de-France,Maison 6 pieces,Residence Voltaire,135.3,1.0,0.0,B,1991000.0,14715.0
V08653,Surface habitable,juin-2027,Creteil,Centre Ancien,94,Ile-de-France,T2,Les Jardins du Parc,39.7,1.0,2.0,C,201000.0,5063.0
V05464,Surface habitable,Libre immediatement,Montreuil,Mairie,93,Ile-de-France,T4,,75.1,3.0,0.0,F,254000.0,3382.0
V01193,Surface habitable,Libre immediatement,Paris,Belleville,75,Ile-de-France,T4,,77.2,2.0,2.0,E,564000.0,7306.0
V07973,Surface Carrez,Libre immediatement,Ivry-sur-Seine,Centre-Ville,94,Ile-de-France,T2,,50.4,1.0,1.0,C,286000.0,5675.0
V02208,Surface habitable,Libre immediatement,Levallois-Perret,Collange,92,Ile-de-France,T2,,44.4,1.0,1.0,D,390000.0,8784.0
V06090,Surface utile,Libre immediatement,Paris,Vaugirard,75,Ile-de-France,T4,Le Clos Verte,86.3,2.0,0.0,C,782000.0,9061.0
V07056,Surface Carrez,aout-2027,Evry-Courcouronnes,Bois Sauvage,91,Ile-de-France,T2,Le Hameau Beausejour,57.3,1.0,1.0,B,172000.0,3002.0
V12377,Surface Carrez,Libre immediatement,Nanterre,Parc Sud,92,Ile-de-France,T3,,53.3,1.0,0.0,F,263000.0,4934.0
V14230,Surface Carrez,mai-2028,Paris,Champ-de-Mars,75,Ile-de-France,T3,Le Hameau Riviera,59.8,1.0,0.0,A,1048000.0,17525.0
V02024,Surface Carrez,Libre immediatement,Paris,Bercy,75,Ile-de-France,T4,Cour du Parc,68.8,1.0,0.0,D,504000.0,7326.0
V02535,Surface Carrez,Libre immediatement,Versailles,Chantiers,78,Ile-de-France,T4,Esprit Concorde,78.8,2.0,0.0,B,527000.0,6688.0
V10495,Surface Carrez,Libre immediatement,Montreuil,Ruffins,93,Ile-de-France,T3,Carre des Lilas,62.5,2.0,1.0,D,256000.0,4096.0
V03646,Surface habitable,Libre immediatement,Paris,Porte de Clignancourt,75,Ile-de-France,T3,,87,2.0,0.0,E,462000.0,5310.0
V06317,Surface utile,Libre immediatement,Boulogne-Billancourt,Centre-Ville,92,Ile-de-France,T4,Villa Concorde,73.7,1.0,,C,524000.0,7110.0
V07589,Surface habitable,Libre immediatement,Paris,Le Marais,75,Ile-de-France,T3,Le Domaine Saint-Martin,58.7,2.0,1.0,C,591000.0,10068.0
V11601,Surface Carrez,Libre immediatement,Paris,Gobelins,75,Ile-de-France,T2,,58,1.0,0.0,D,515000.0,8879.0
V12465,Surface Carrez,Libre immediatement,Paris,Buttes-Chaumont,75,Ile-de-France,T2,Villa du Lac,38.7,1.0,0.0,E,311000.0,8036.0
V03051,Surface Carrez,Libre immediatement,Paris,La Muette,75,Ile-de-France,T4,,88.6,3.0,1.0,D,1109000.0,12517.0
V09934,Surface Carrez,Libre immediatement,Mantes-la-Jolie,Centre-Ville,78,Ile-de-France,T1,,20.4,1.0,1.0,C,73000.0,3578.0
V11444,Surface habitable,mars-2027,Boulogne-Billancourt,Centre-Ville,92,Ile-de-France,T3,Le Parc Montaigne,58,2.0,1.0,B,625000.0,10776.0
V00498,Surface Carrez,oct-2027,Paris,Saint-Germain-des-Pres,75,Ile-de-France,T5,Le Parc Beausejour,86.4,3.0,1.0,B,1566000.0,18125.0
V07475,Surface Carrez,Libre immediatement,Saint-Denis,La Plaine,93,Ile-de-France,T3,,68.1,1.0,1.0,C,278000.0,4082.0
V14471,Surface Carrez,Libre immediatement,Boulogne-Billancourt,Centre-Ville,92,Ile-de-France,T4,,88 - 98,3.0,0.0,E,687000.0,
V04217,Surface au sol,Libre immediatement,Saint-Denis,Franc-Moisin,93,Ile-de-France,Maison 6 pieces,,118.1,2.0,1.0,C,209000.0,1770.0
V06511,Surface Carrez,nov-2027,Paris,Porte de Clignancourt,75,Ile-de-France,T4,Le Hameau Montaigne,98.9,1.0,1.0,A,946000.0,9565.0
V06778,Surface Carrez,Libre immediatement,Trappes,Village,78,Ile-de-France,T2,,42.8,1.0,0.0,C,127000.0,2967.0
V13103,Surface Carrez,Libre immediatement,Massy,Villaine,91,Ile-de-France,T3,Les Allees Beausejour,60.8,2.0,2.0,C,215000.0,3536.0
V01708,Surface Carrez,Libre immediatement,Saint-Denis,Grand Centre,93,Ile-de-France,T4,Les Allees Bellevue,70.1,2.0,0.0,C,169000.0,2411.0
V09442,Surface Carrez,Libre immediatement,Vitry-sur-Seine,Port-a-l'Anglais,94,Ile-de-France,T4,Les Allees Concorde,75.5,1.0,1.0,D,222000.0,2940.0
V14048,Surface Carrez,Libre immediatement,Boulogne-Billancourt,Parchamp,92,Ile-de-France,T1,Residence Horizon,19.6,1.0,0.0,C,212000.0,10816.0
V06225,Surface Carrez,Libre immediatement,Boulogne-Billancourt,Billancourt,92,Ile-de-France,T4,Les Jardins Cristal,61.8,3.0,0.0,E,375000.0,6068.0
V02094,Surface Carrez,Libre immediatement,Melun,Montaigu,77,Ile-de-France,T4,,98.7,2.0,2.0,,263000.0,2665.0
V10383,Surface Carrez,Libre immediatement,Paris,Buttes-Chaumont,75,Ile-de-France,T3,,97.9,2.0,1.0,,711000.0,7263.0
V12174,Surface Carrez,Libre immediatement,Saint-Denis,La Plaine,93,Ile-de-France,T4,Le Parc du Lac,88.6,2.0,3.0,E,241000.0,2720.0
V12080,Surface Carrez,Libre immediatement,Creteil,Mont-Mesly,94,Ile-de-France,Maison 4 pieces,Les Jardins Voltaire,87.8,3.0,0.0,F,170000.0,1936.0
V06147,Surface Carrez,Libre immediatement,Noisy-le-Grand,Mont d'Est,93,Ile-de-France,T2,,47.4,1.0,1.0,B,189000.0,3987.0
V11905,Surface Carrez,sept-2028,Creteil,Centre Ancien,94,Ile-de-France,T2,Le Domaine Riviera,45.7,1.0,0.0,C,254000.0,5558.0
V10238,Surface Carrez,Libre immediatement,Saint-Denis,Basilique,93,Ile-de-France,Maison 5 pieces,,117.1,2.0,0.0,D,300000.0,2562.0
V14509,Surface Carrez,Libre immediatement,Montreuil,Mairie,93,Ile-de-France,T5,Le Parc Opale,90.1,3.0,0.0,D,397000.0,4406.0
V06870,Surface Carrez,Libre immediatement,Saint-Denis,Franc-Moisin,93,Ile-de-France,T3,,61.5,2.0,0.0,C,174000.0,2829.0
V11006,Surface Carrez,sept-2027,Montreuil,Bel-Air,93,Ile-de-France,T6,Les Jardins Bellevue,147.6,3.0,1.0,A,654000.0,4431.0
V11515,Surface Carrez,Libre immediatement,Argenteuil,Val d'Argent,95,Ile-de-France,T4,,90.7,3.0,0.0,C,245000.0,2701.0
V13902,Surface Carrez,Libre immediatement,Creteil,Echat,94,Ile-de-France,T5,,86.6,3.0,0.0,D,350000.0,4042.0
V01872,Surface Carrez,Libre immediatement,Saint-Denis,Franc-Moisin,93,Ile-de-France,T2,Cour Bellevue,36.5,1.0,1.0,C,78000.0,2137.0
V06657,Surface habitable,Libre immediatement,Montrouge,Portes de Montrouge,92,Ile-de-France,T4,,133.2,3.0,1.0,E,680000.0,5105.0
V10098,Surface Carrez,Libre immediatement,Saint-Germain-en-Laye,Alsace,78,Ile-de-France,T3,,54.6,2.0,0.0,B,366000.0,6703.0
V12260,Surface Carrez,Libre immediatement,Saint-Denis,La Plaine,93,Ile-de-France,T3,,55.2,2.0,1.0,D,194000.0,3514.0
V12762,Surface habitable,Libre immediatement,Massy,Atlantis,91,Ile-de-France,T3,,58.2,2.0,1.0,C,203000.0,3488.0
V12248,Surface Carrez,Libre immediatement,Saint-Denis,Grand Centre,93,Ile-de-France,T4,,74.6,3.0,1.0,D,195000.0,2614.0
V07112,Surface Carrez,Libre immediatement,Paris,Buttes-Chaumont,75,Ile-de-France,T2,Villa des Chenes,46.9,1.0,1.0,F,337000.0,7186.0
V05688,Surface habitable,Libre immediatement,Vincennes,Domaine du Bois,94,Ile-de-France,T2,,37.4,1.0,0.0,G,236000.0,6310.0
V07173,Surface Carrez,Libre immediatement,Paris,La Muette,75,Ile-de-France,T3,Esprit Opale,60.9,1.0,1.0,A,945000.0,15517.0
V00572,Surface utile,Libre immediatement,Boulogne-Billancourt,Parchamp,92,Ile-de-France,T3,,51.9,1.0,1.0,E,395000.0,7611.0
V03179,Surface Carrez,juil-2027,Boulogne-Billancourt,Centre-Ville,92,Ile-de-France,T4,Le Parc d'Argent,88.4,1.0,0.0,B,816000.0,9231.0
V05786,Surface Carrez,nov-2028,Melun,Almont,77,Ile-de-France,T3,Les Jardins Verte,78.5,2.0,0.0,B,182000.0,2318.0
V00999,Surface Carrez,Libre immediatement,Paris,Champ-de-Mars,75,Ile-de-France,T2,Residence Concorde,35.8,1.0,0.0,D,534000.0,14916.0
V07586,Surface Carrez,Libre immediatement,Paris,Champ-de-Mars,75,Ile-de-France,T4,Villa du Parc,78.8,2.0,0.0,D,910000.0,11548.0
V05311,Surface au sol,Libre immediatement,Argenteuil,Centre-Ville,95,Ile-de-France,Maison 3 pieces,Residence Montaigne,48.5,2.0,1.0,F,120000.0,2474.0
V13879,Surface Carrez,nov-2027,Paris,Le Marais,75,Ile-de-France,T3,Residence Voltaire,89.1,2.0,0.0,B,1378000.0,15466.0
V06470,Surface habitable,Libre immediatement,Vincennes,Republique,94,Ile-de-France,T4,Le Domaine des Lilas,105.3,2.0,0.0,D,648000.0,6154.0
V03416,Surface Carrez,Libre immediatement,Saint-Denis,Franc-Moisin,93,Ile-de-France,T3,,79.4,1.0,2.0,D,204000.0,2569.0
V01836,Surface Carrez,Libre immediatement,Paris,Bercy,75,Ile-de-France,T5,Les Terrasses Saint-Martin,105.3,3.0,0.0,B,1181000.0,11216.0
V02453,Surface Carrez,Libre immediatement,Levallois-Perret,Front de Seine,92,Ile-de-France,T3,Le Parc Beausejour,49.8,1.0,0.0,B,547000.0,10984.0
V00047,Surface Carrez,Libre immediatement,Paris,Le Marais,75,Ile-de-France,T4,,88 - 108,3.0,0.0,D,1062000.0,
V06297,Surface utile,Libre immediatement,Paris,Belleville,75,Ile-de-France,T3,,59.2,2.0,2.0,F,354000.0,5980.0
V01434,Surface Carrez,Libre immediatement,Paris,La Muette,75,Ile-de-France,T4,,60.3,2.0,0.0,A,798000.0,13234.0
V03958,Surface Carrez,Libre immediatement,Paris,Buttes-Chaumont,75,Ile-de-France,T3,,54.2,2.0,1.0,D,437000.0,8063.0
V01737,Surface Carrez,Libre immediatement,Levallois-Perret,Centre,92,Ile-de-France,T5,Le Clos Saint-Martin,105.8,1.0,1.0,E,704000.0,6654.0
V00603,Surface Carrez,Libre immediatement,Paris,Belleville,75,Ile-de-France,T4,,103.5,1.0,2.0,F,646000.0,6242.0
V12079,Surface Carrez,Libre immediatement,Cergy,Cergy-Saint-Christophe,95,Ile-de-France,T3,Les Jardins Voltaire,66.2,2.0,0.0,D,129000.0,1949.0
V06944,Surface Carrez,Libre immediatement,Boulogne-Billancourt,Point du Jour,92,Ile-de-France,T4,,100,3.0,2.0,F,595000.0,5950.0
V04378,Surface Carrez,Libre immediatement,Paris,La Muette,75,Ile-de-France,T2,Les Allees des Acacias,60.4,1.0,1.0,B,503000.0,8328.0
V03306,Surface Carrez,mars-2027,Saint-Denis,La Plaine,93,Ile-de-France,T2,Les Allees Montaigne,32.5,1.0,0.0,B,125000.0,3846.0
V13446,Surface Carrez,Libre immediatement,Massy,Atlantis,91,Ile-de-France,T5,,127.8,3.0,2.0,E,360000.0,2817.0
V05713,Surface utile,Libre immediatement,Evry-Courcouronnes,Les Pyramides,91,Ile-de-France,T3,,68.7,2.0,1.0,F,123000.0,1790.0
V08014,Surface au sol,Libre immediatement,Trappes,Les Merisiers,78,Ile-de-France,Maison 6 pieces,Les Allees du Parc,139.8,4.0,0.0,C,284000.0,2031.0
V14340,Surface Carrez,Libre immediatement,Versailles,Chantiers,78,Ile-de-France,T5,Le Domaine Verte,98.6,2.0,2.0,F,515000.0,5223.0
V12816,Surface Carrez,Libre immediatement,Vincennes,Republique,94,Ile-de-France,T3,Le Parc des Lilas,64.3,1.0,1.0,C,408000.0,6345.0
V13020,Surface habitable,fevr-2026,Levallois-Perret,Front de Seine,92,Ile-de-France,T1,Residence des Lilas,31.5,1.0,0.0,B,316000.0,10032.0
V00908,Surface Carrez,Libre immediatement,Paris,Le Marais,75,Ile-de-France,T6,,253.2,3.0,2.0,E,2747000.0,10849.0
V04174,Surface habitable,Libre immediatement,Paris,La Muette,75,Ile-de-France,T3,Villa Voltaire,94,2.0,,A,1012000.0,10766.0
V08796,Surface Carrez,Libre immediatement,Paris,Le Marais,75,Ile-de-France,T2,Les Allees Concorde,42.9,1.0,0.0,E,453000.0,10559.0
V08607,Surface Carrez,Libre immediatement,Paris,Porte de Clignancourt,75,Ile-de-France,T6,Le Hameau Voltaire,119.2,3.0,1.0,E,814000.0,6829.0
V11213,Surface Carrez,Libre immediatement,Montrouge,Ferry-Jaures,92,Ile-de-France,T3,Le Clos des Acacias,65.8,1.0,,C,534000.0,8116.0
V13270,Surface habitable,Libre immediatement,Nanterre,Universite,92,Ile-de-France,T2,Les Allees du Lac,31.9,1.0,2.0,D,183000.0,5737.0
V00738,Surface Carrez,Libre immediatement,Saint-Denis,Franc-Moisin,93,Ile-de-France,T2,Cour Belvedere,42.4,1.0,1.0,E,106000.0,2500.0
V08787,Surface au sol,Libre immediatement,Cergy,Cergy-le-Haut,95,Ile-de-France,Maison 4 pieces,,107.8,1.0,1.0,E,231000.0,2143.0
V11367,Surface Carrez,oct-2028,Paris,Le Marais,75,Ile-de-France,T4,Le Parc Concorde,89.3,3.0,,,1404000.0,15722.0
V01486,Surface Carrez,fevr-2027,Paris,Champ-de-Mars,75,Ile-de-France,T2,Les Allees des Chenes,42.6,1.0,1.0,A,577000.0,13545.0
V02013,Surface habitable,Libre immediatement,Noisy-le-Grand,Champy,93,Ile-de-France,T4,,101.9,3.0,2.0,G,298000.0,2924.0
V03549,Surface Carrez,Libre immediatement,Paris,Gobelins,75,Ile-de-France,T2,Le Hameau des Chenes,41.6,1.0,0.0,C,308000.0,7404.0
V14886,Surface Carrez,janv-2026,Meaux,Beauval,77,Ile-de-France,T2,Cour Opale,42.3,1.0,2.0,A,85000.0,2009.0
V13312,Surface Carrez,Libre immediatement,Aubervilliers,Fort d'Aubervilliers,93,Ile-de-France,T1,Les Jardins du Parc,24,1.0,1.0,C,101000.0,4208.0
V01207,Surface Carrez,Libre immediatement,Issy-les-Moulineaux,Corentin Celton,92,Ile-de-France,T4,,100.6,3.0,1.0,A,993000.0,9871.0
V09678,Surface Carrez,Libre immediatement,Saint-Denis,Grand Centre,93,Ile-de-France,T3,Carre des Lilas,48,2.0,1.0,D,168000.0,3500.0
V03378,Surface Carrez,nov-2027,Paris,Batignolles,75,Ile-de-France,T4,Le Clos Beausejour,103.9,2.0,1.0,A,952000.0,9163.0
V05706,Surface utile,Libre immediatement,Creteil,Centre Ancien,94,Ile-de-France,T4,,99.7,1.0,1.0,D,478000.0,4794.0
V07618,Surface utile,Libre immediatement,Paris,Le Marais,75,Ile-de-France,T4,Le Hameau Verte,74.7,3.0,2.0,E,688000.0,9210.0
V08549,Surface Carrez,Libre immediatement,Paris,Batignolles,75,Ile-de-France,T1,Le Clos Belvedere,29.3,1.0,1.0,C,259000.0,8840.0
V08722,Surface Carrez,Libre immediatement,Paris,Montmartre,75,Ile-de-France,T3,Les Jardins Opale,74.7,2.0,1.0,A,762000.0,10201.0
V07521,Surface Carrez,Libre immediatement,Massy,Vilmorin,91,Ile-de-France,T3,,60.6,1.0,0.0,E,217000.0,3581.0
V02337,Surface Carrez,Libre immediatement,Paris,Bercy,75,Ile-de-France,T1,Les Terrasses Horizon,31,1.0,1.0,D,276000.0,8903.0
V04263,Surface utile,Libre immediatement,Issy-les-Moulineaux,Fort d'Issy,92,Ile-de-France,T2,,30.4,1.0,2.0,D,224000.0,7368.0
V03503,Surface Carrez,Libre immediatement,Noisy-le-Grand,Mont d'Est,93,Ile-de-France,T1,,25.1,1.0,1.0,E,82000.0,3267.0
V13399,Surface Carrez,Libre immediatement,Saint-Denis,Pleyel,93,Ile-de-France,T1,Les Terrasses Saint-Martin,24.2,1.0,0.0,B,86000.0,3554.0
V11406,Surface Carrez,Libre immediatement,Paris,Buttes-Chaumont,75,Ile-de-France,T2,,53.6,1.0,1.0,E,352000.0,6567.0
V13659,Surface habitable,Libre immediatement,Paris,Saint-Germain-des-Pres,75,Ile-de-France,T3,,71.3,2.0,,C,1049000.0,14712.0
V12425,Surface utile,Libre immediatement,Argenteuil,Coteaux,95,Ile-de-France,T3,Esprit Saint-Martin,81.1,2.0,0.0,D,291000.0,3588.0
V12446,Surface utile,Libre immediatement,Saint-Denis,La Plaine,93,Ile-de-France,T4,Carre Concorde,66.1,2.0,1.0,B,238000.0,3601.0
V12326,Surface au sol,Libre immediatement,Levallois-Perret,Centre,92,Ile-de-France,Maison 4 pieces,Le Parc Opale,89.8,2.0,0.0,D,642000.0,7149.0
V06867,Surface habitable,Libre immediatement,Paris,Le Marais,75,Ile-de-France,T1,Le Clos Saint-Martin,28.9,1.0,1.0,F,350000.0,12111.0
V13165,Surface Carrez,Libre immediatement,Ivry-sur-Seine,Monmousseau,94,Ile-de-France,T3,Le Domaine du Lac,51.6,1.0,1.0,B,217000.0,4205.0
V04827,Surface Carrez,Libre immediatement,Montrouge,Centre,92,Ile-de-France,T3,Residence du Lac,77.9,1.0,2.0,C,515000.0,6611.0
V11186,Surface Carrez,Libre immediatement,Nanterre,Petit-Nanterre,92,Ile-de-France,T2,Les Jardins Verte,37,1.0,2.0,G,143000.0,3865.0
V03685,Surface Carrez,Libre immediatement,Argenteuil,Centre-Ville,95,Ile-de-France,T3,,52.7,2.0,1.0,C,187000.0,3548.0
V00180,Surface Carrez,nov-2028,Paris,Vaugirard,75,Ile-de-France,T2,Les Allees du Lac,58.3,1.0,2.0,A,678000.0,11630.0
V12204,Surface utile,Libre immediatement,Ivry-sur-Seine,Monmousseau,94,Ile-de-France,T4,,108.1,1.0,,D,344000.0,3182.0
V02778,Surface Carrez,Libre immediatement,Paris,Montmartre,75,Ile-de-France,T2,Les Terrasses Voltaire,54.3,1.0,2.0,C,477000.0,8785.0
V08279,Surface utile,Libre immediatement,Nanterre,Centre,92,Ile-de-France,T3,Le Parc Latitude,67,2.0,1.0,B,457000.0,6821.0
V08731,Surface Carrez,Libre immediatement,Bobigny,Pont de Bondy,93,Ile-de-France,T2,,40.3,,2.0,F,93000.0,2308.0
V04062,Surface habitable,Libre immediatement,Montrouge,Centre,92,Ile-de-France,T3,Le Domaine du Parc,71.2,2.0,1.0,C,552000.0,7753.0
V00041,Surface Carrez,Libre immediatement,Paris,Montmartre,75,Ile-de-France,T3,Carre Voltaire,87.9,1.0,1.0,D,906000.0,10307.0
V07335,Surface habitable,juil-2028,Paris,Bercy,75,Ile-de-France,T3,Le Domaine des Chenes,72.6,1.0,1.0,A,856000.0,11791.0
V13379,Surface Carrez,Libre immediatement,Argenteuil,Val d'Argent,95,Ile-de-France,T2,,57.1,1.0,0.0,D,119000.0,2084.0
V10147,Surface Carrez,janv-2027,Paris,Belleville,75,Ile-de-France,T2,Les Allees Concorde,53.4,1.0,1.0,C,425000.0,7959.0
V02955,Surface utile,janv-2026,Paris,Saint-Germain-des-Pres,75,Ile-de-France,T4,Les Jardins Beausejour,91.6,1.0,0.0,B,1510000.0,16485.0
V05957,Surface Carrez,fevr-2026,Paris,Batignolles,75,Ile-de-France,T2,Villa Verte,43.4,1.0,0.0,B,514000.0,11843.0
V09462,Surface Carrez,juil-2028,Aubervilliers,Centre,93,Ile-de-France,T3,Les Jardins des Lilas,55.8,1.0,2.0,B,226000.0,4050.0
V01274,Surface utile,Libre immediatement,Paris,Gobelins,75,Ile-de-France,T4,Villa Symphonie,88.6,2.0,1.0,D,791000.0,8928.0
V11876,Surface habitable,Libre immediatement,Evry-Courcouronnes,Le Canal,91,Ile-de-France,Maison 7 pieces,,180.6,4.0,0.0,D,437000.0,2420.0
V03159,Surface Carrez,dec-2028,Paris,Montmartre,75,Ile-de-France,T3,Le Parc Concorde,71.7,2.0,2.0,A,822000.0,11464.0
V01816,Surface utile,Libre immediatement,Paris,Montmartre,75,Ile-de-France,T3,,86.3,2.0,0.0,C,807000.0,9351.0
V02648,Surface Carrez,Libre immediatement,Boulogne-Billancourt,Billancourt,92,Ile-de-France,T3,Le Parc Latitude,73,1.0,2.0,D,493000.0,6753.0
V03466,Surface Carrez,Libre immediatement,Paris,Le Marais,75,Ile-de-France,T5,Les Allees du Parc,128.5,1.0,2.0,B,1397000.0,10872.0
V02224,Surface utile,fevr-2026,Boulogne-Billancourt,Rives de Seine,92,Ile-de-France,T3,Le Domaine Opale,62,1.0,1.0,B,802000.0,12935.0
V09334,Surface Carrez,Libre immediatement,Paris,Belleville,75,Ile-de-France,T3,,71.7,2.0,0.0,C,550000.0,7671.0
V09850,Surface utile,Libre immediatement,Cergy,Cergy-Prefecture,95,Ile-de-France,T3,,59,2.0,0.0,E,123000.0,2085.0
V12760,Surface Carrez,Libre immediatement,Vincennes,Republique,94,Ile-de-France,T4,Villa Voltaire,96.2,1.0,0.0,B,619000.0,6435.0
V02276,Surface Carrez,Libre immediatement,Montreuil,Bel-Air,93,Ile-de-France,Maison 5 pieces,Residence du Parc,155.5,3.0,1.0,C,538000.0,3460.0
V13648,Surface Carrez,Libre immediatement,Noisy-le-Grand,Centre-ville,93,Ile-de-France,T3,,70,2.0,2.0,C,239000.0,3414.0
V00688,Surface au sol,Libre immediatement,Evry-Courcouronnes,Bois Sauvage,91,Ile-de-France,Maison 6 pieces,Les Terrasses des Acacias,122.4,4.0,0.0,E,258000.0,2108.0
V01677,Surface Carrez,juin-2028,Paris,Champ-de-Mars,75,Ile-de-France,T2,Le Parc du Lac,36.5,1.0,0.0,A,672000.0,18411.0
V09341,Surface Carrez,Libre immediatement,Boulogne-Billancourt,Point du Jour,92,Ile-de-France,T3,,65.2,2.0,1.0,E,409000.0,6273.0
V01323,Surface Carrez,Libre immediatement,Aubervilliers,Villette-Quatre-Chemins,93,Ile-de-France,T4,,73.2,1.0,0.0,C,242000.0,3306.0
V11138,Surface Carrez,Libre immediatement,Vincennes,Republique,94,Ile-de-France,T3,Esprit Cristal,79.4,2.0,1.0,F,404000.0,5088.0
V07394,Surface Carrez,Libre immediatement,Cergy,Cergy-Prefecture,95,Ile-de-France,T4,Le Parc Saint-Martin,89.5,3.0,0.0,E,257000.0,2872.0
V03889,Surface habitable,Libre immediatement,Paris,Belleville,75,Ile-de-France,T3,Residence Beausejour,57.4,1.0,0.0,B,480000.0,8362.0
V08675,Surface Carrez,Libre immediatement,Paris,Belleville,75,Ile-de-France,T1,,38,1.0,1.0,D,290000.0,7632.0
V07365,Surface habitable,Libre immediatement,Neuilly-sur-Seine,Sablons,92,Ile-de-France,T3,Villa Concorde,68.5,2.0,1.0,D,694000.0,10131.0
V10352,Surface au sol,Libre immediatement,Neuilly-sur-Seine,Bagatelle,92,Ile-de-France,Maison 5 pieces,,108.1,2.0,1.0,E,889000.0,8224.0
V03093,Surface Carrez,Libre immediatement,Meaux,Centre-Ville,77,Ile-de-France,T2,,40.9,1.0,0.0,E,80000.0,1956.0
V14422,Surface habitable,Libre immediatement,Cergy,Axe Majeur,95,Ile-de-France,T2,Le Clos des Chenes,29.6,1.0,0.0,G,52000.0,1757.0
V13113,Surface Carrez,Libre immediatement,Paris,Buttes-Chaumont,75,Ile-de-France,T1,,31.1,1.0,0.0,D,164000.0,5273.0
V06787,Surface Carrez,Libre immediatement,Paris,Saint-Germain-des-Pres,75,Ile-de-France,T3,Esprit Horizon,60,1.0,1.0,F,752000.0,12533.0
V08821,Surface habitable,sept-2026,Saint-Denis,La Plaine,93,Ile-de-France,T3,Le Clos des Lilas,74.1,1.0,2.0,B,257000.0,3468.0
V12758,Surface Carrez,Libre immediatement,Mantes-la-Jolie,Gassicourt,78,Ile-de-France,T2,,40.5,1.0,2.0,D,96000.0,2370.0
V00204,Surface Carrez,Libre immediatement,Montreuil,Mairie,93,Ile-de-France,T2,,52.7,1.0,2.0,D,214000.0,4061.0
V06311,Surface utile,Libre immediatement,Paris,Le Marais,75,Ile-de-France,T3,Carre Latitude,76.6,2.0,1.0,D,893000.0,11658.0
V05999,Surface Carrez,fevr-2028,Paris,Batignolles,75,Ile-de-France,T2,Les Jardins des Chenes,35.4,1.0,0.0,A,359000.0,10141.0
V00979,Surface utile,Libre immediatement,Paris,Batignolles,75,Ile-de-France,T4,,89,2.0,,E,661000.0,7427.0
V03528,Surface habitable,Libre immediatement,Creteil,Lac,94,Ile-de-France,T3,Le Clos Verte,60.7,2.0,0.0,C,235000.0,3871.0
V12987,Surface habitable,janv-2026,Paris,Porte de Clignancourt,75,Ile-de-France,T6,Le Domaine du Parc,137.9,3.0,0.0,,1022000.0,7411.0
V08768,Surface Carrez,Libre immediatement,Paris,Batignolles,75,Ile-de-France,T4,,103.6,2.0,2.0,D,926000.0,8938.0
V08064,Surface Carrez,Libre immediatement,Montreuil,Mairie,93,Ile-de-France,T3,Le Clos Concorde,59.6,2.0,2.0,C,258000.0,4329.0
V12672,Surface Carrez,fevr-2026,Paris,Bercy,75,Ile-de-France,T3,Cour d'Argent,57.7,2.0,2.0,A,654000.0,11334.0
V00786,Surface Carrez,Libre immediatement,Evry-Courcouronnes,Bois Sauvage,91,Ile-de-France,T2,,56.9,1.0,1.0,C,157000.0,2759.0
V08362,Surface Carrez,fevr-2027,Paris,Le Marais,75,Ile-de-France,T3,Le Domaine Horizon,69.2,1.0,1.0,A,957000.0,13829.0
V03266,Surface Carrez,Libre immediatement,Evry-Courcouronnes,Le Canal,91,Ile-de-France,T2,,42.5,1.0,2.0,C,116000.0,2729.0
V00677,Surface Carrez,Libre immediatement,Paris,Saint-Germain-des-Pres,75,Ile-de-France,T3,Les Allees Verte,61.2,1.0,1.0,D,706000.0,11536.0
V06030,Surface Carrez,oct-2029,Paris,La Muette,75,Ile-de-France,T4,Le Hameau Saint-Martin,73.6,2.0,1.0,C,956000.0,12989.0
V02129,Surface Carrez,Libre immediatement,Levallois-Perret,Front de Seine,92,Ile-de-France,T3,Esprit du Parc,70,2.0,2.0,D,553000.0,7900.0
V04716,Surface Carrez,juin-2027,Cergy,Axe Majeur,95,Ile-de-France,T5,Cour du Lac,111.4,3.0,0.0,A,330000.0,2962.0
V14474,Surface utile,Libre immediatement,Paris,Porte de Clignancourt,75,Ile-de-France,T3,,68.1,1.0,2.0,D,440000.0,6461.0
V00621,Surface Carrez,Libre immediatement,Montrouge,Portes de Montrouge,92,Ile-de-France,T2,Residence Latitude,49.5,1.0,1.0,D,289000.0,5838.0
V11873,Surface habitable,Libre immediatement,Montreuil,Bas-Montreuil,93,Ile-de-France,T3,Esprit du Parc,64.4,2.0,2.0,B,312000.0,4845.0
V04445,Surface Carrez,janv-2026,Paris,Vaugirard,75,Ile-de-France,T3,Les Allees Verte,76.2,2.0,2.0,C,907000.0,11903.0
V12170,Surface Carrez,Libre immediatement,Nanterre,Centre,92,Ile-de-France,T4,Les Jardins Voltaire,92.6,3.0,0.0,E,481000.0,5194.0
V04259,Surface Carrez,Libre immediatement,Levallois-Perret,Centre,92,Ile-de-France,T3,,60.8,2.0,1.0,D,545000.0,8964.0
V10609,Surface Carrez,sept-2028,Paris,Le Marais,75,Ile-de-France,T3,Cour Belvedere,0.73 are,1.0,,B,1152000.0,
V05703,Surface Carrez,Libre immediatement,Ivry-sur-Seine,Monmousseau,94,Ile-de-France,T3,,68.8,1.0,1.0,C,277000.0,4026.0
V05602,Surface Carrez,janv-2027,Saint-Germain-en-Laye,Hopital,78,Ile-de-France,T3,Residence Latitude,42.5,2.0,0.0,B,267000.0,6282.0
V14652,Surface utile,Libre immediatement,Levallois-Perret,Front de Seine,92,Ile-de-France,T1,Les Allees des Lilas,28.2,1.0,1.0,E,303000.0,10745.0
V02602,Surface Carrez,Libre immediatement,Vitry-sur-Seine,Centre-Ville,94,Ile-de-France,T3,,56.7,2.0,0.0,D,267000.0,4709.0
V06286,Surface Carrez,Libre immediatement,Paris,Vaugirard,75,Ile-de-France,T2,,46.7,1.0,0.0,A,445000.0,9529.0
V11522,Surface Carrez,Libre immediatement,Paris,Champ-de-Mars,75,Ile-de-France,T5,,102.1,2.0,2.0,D,1215000.0,11900.0
V06949,Surface Carrez,sept-2026,Noisy-le-Grand,Mont d'Est,93,Ile-de-France,T4,Les Terrasses du Parc,102.3,3.0,2.0,C,449000.0,4389.0
V06079,Surface Carrez,Libre immediatement,Bobigny,Etoile,93,Ile-de-France,T4,Le Domaine Horizon,87.4,1.0,0.0,D,251000.0,2872.0
V10316,Surface Carrez,Libre immediatement,Creteil,Echat,94,Ile-de-France,T3,,52.5,1.0,2.0,E,178000.0,3390.0
V03033,Surface Carrez,Libre immediatement,Paris,Champ-de-Mars,75,Ile-de-France,T2,Cour Concorde,65.4,1.0,1.0,F,584000.0,8930.0
V14979,Surface Carrez,Libre immediatement,Meaux,Hopital,77,Ile-de-France,T2,,386 pi2,1.0,0.0,G,67000.0,
V02668,Surface Carrez,mai-2026,Trappes,Village,78,Ile-de-France,T3,Le Hameau Saint-Martin,68.4,2.0,0.0,B,234000.0,3421.0
V11505,Surface Carrez,Libre immediatement,Paris,Bercy,75,Ile-de-France,T3,,57.8,2.0,1.0,E,471000.0,8149.0
V07809,Surface utile,Libre immediatement,Saint-Germain-en-Laye,Alsace,78,Ile-de-France,T4,Les Allees Bellevue,90.9,3.0,1.0,D,446000.0,4906.0
V13635,Surface Carrez,avr-2028,Vitry-sur-Seine,Moulin-Vert,94,Ile-de-France,T4,Les Terrasses d'Argent,89.7,3.0,0.0,A,370000.0,4125.0
V14783,Surface utile,Libre immediatement,Paris,Buttes-Chaumont,75,Ile-de-France,T2,,54,1.0,0.0,D,370000.0,6852.0
V10273,Surface habitable,Libre immediatement,Montreuil,Bel-Air,93,Ile-de-France,T2,Les Jardins Saint-Martin,42,1.0,1.0,E,154000.0,3667.0
V06455,Surface Carrez,Libre immediatement,Ivry-sur-Seine,Ivry-Port,94,Ile-de-France,T4,,81.2,3.0,1.0,F,324000.0,3990.0
V05740,Surface habitable,avr-2028,Paris,Champ-de-Mars,75,Ile-de-France,T3,Le Clos du Lac,57.7,1.0,1.0,B,1022000.0,17712.0
V04690,Surface habitable,Libre immediatement,Saint-Denis,La Plaine,93,Ile-de-France,T2,,36.9,1.0,1.0,C,136000.0,3686.0
V08334,Surface Carrez,oct-2027,Massy,Vilmorin,91,Ile-de-France,T3,Le Hameau Bellevue,48.8,1.0,1.0,B,235000.0,4816.0
V07963,Surface habitable,Libre immediatement,Paris,Champ-de-Mars,75,Ile-de-France,T6,,154,2.0,1.0,B,2165000.0,14058.0
V10933,Surface Carrez,mai-2027,Paris,Porte de Clignancourt,75,Ile-de-France,T3,Residence d'Argent,75.6,2.0,0.0,C,599000.0,7923.0
V08841,Surface Carrez,Libre immediatement,Saint-Denis,Grand Centre,93,Ile-de-France,T3,,71,1.0,0.0,C,203000.0,2859.0
V11943,Surface Carrez,mai-2026,Paris,Le Marais,75,Ile-de-France,T2,Le Clos Montaigne,38 - 45,1.0,1.0,A,592000.0,
V09162,Surface Carrez,Libre immediatement,Issy-les-Moulineaux,Fort d'Issy,92,Ile-de-France,T3,Villa des Lilas,56.8,2.0,1.0,D,428000.0,7535.0
V10692,Surface habitable,Libre immediatement,Saint-Denis,La Plaine,93,Ile-de-France,T4,,95.7,2.0,0.0,C,316000.0,3302.0
V05564,Surface Carrez,Libre immediatement,Paris,Montmartre,75,Ile-de-France,T4,Villa Voltaire,67.5,3.0,1.0,C,757000.0,11215.0
V02269,Surface Carrez,Libre immediatement,Paris,Gobelins,75,Ile-de-France,T4,,88,3.0,1.0,C,710000.0,8068.0
V05915,Surface Carrez,Libre immediatement,Levallois-Perret,Eiffel,92,Ile-de-France,T3,,68.6,1.0,1.0,C,681000.0,9927.0
V11125,Surface Carrez,Libre immediatement,Issy-les-Moulineaux,Fort d'Issy,92,Ile-de-France,T5,,120.7,3.0,0.0,D,882000.0,7307.0
V07282,Surface Carrez,Libre immediatement,Vitry-sur-Seine,Ardoines,94,Ile-de-France,T2,Cour d'Argent,58,1.0,2.0,C,207000.0,3569.0
V13832,Surface Carrez,Libre immediatement,Paris,Gobelins,75,Ile-de-France,T3,Villa Montaigne,57.4,2.0,2.0,C,609000.0,10610.0
V13529,Surface utile,Libre immediatement,Meaux,Beauval,77,Ile-de-France,T3,,58.9,1.0,1.0,D,120000.0,2037.0
V04199,Surface utile,Libre immediatement,Bobigny,Abreuvoir,93,Ile-de-France,T4,Les Allees du Parc,84,2.0,0.0,F,208000.0,2476.0
V06176,Surface Carrez,Libre immediatement,Saint-Germain-en-Laye,Hopital,78,Ile-de-France,T2,,47.4,1.0,1.0,E,221000.0,4662.0
V04419,Surface Carrez,Libre immediatement,Montrouge,Ferry-Jaures,92,Ile-de-France,T2,Villa du Parc,49.8,1.0,1.0,D,318000.0,6386.0
V10720,Surface Carrez,Libre immediatement,Saint-Denis,Basilique,93,Ile-de-France,T4,Esprit du Parc,65,3.0,1.0,C,190000.0,2923.0
V13242,Surface habitable,Libre immediatement,Creteil,Centre Ancien,94,Ile-de-France,T1,Esprit d'Argent,23.4,1.0,1.0,D,92000.0,3932.0
V12575,Surface Carrez,Libre immediatement,Paris,Le Marais,75,Ile-de-France,T4,Residence Montaigne,97.1,3.0,1.0,D,1155000.0,11895.0
V06263,Surface Carrez,janv-2026,Levallois-Perret,Collange,92,Ile-de-France,T2,Le Clos du Parc,38.2,1.0,1.0,C,367000.0,9607.0
V02062,Surface Carrez,Libre immediatement,Paris,Buttes-Chaumont,75,Ile-de-France,T4,,76.2,3.0,2.0,G,465000.0,6102.0
V04889,Surface Carrez,Libre immediatement,Vitry-sur-Seine,Centre-Ville,94,Ile-de-France,T4,Residence Belvedere,87.3,3.0,1.0,C,332000.0,3803.0
V03752,Surface Carrez,juin-2026,Vitry-sur-Seine,Ardoines,94,Ile-de-France,T3,Villa des Chenes,44.1,2.0,1.0,B,211000.0,4785.0
V14344,Surface Carrez,oct-2028,Paris,Montmartre,75,Ile-de-France,T2,Le Parc du Lac,52.6,1.0,0.0,A,602000.0,11445.0
V01180,Surface utile,Libre immediatement,Nanterre,Parc Sud,92,Ile-de-France,T4,,70.6,2.0,2.0,C,429000.0,6076.0
V14813,Surface habitable,Libre immediatement,Versailles,Notre-Dame,78,Ile-de-France,T1,,24.6,1.0,0.0,B,168000.0,6829.0
V04750,Surface Carrez,Libre immediatement,Levallois-Perret,Front de Seine,92,Ile-de-France,T3,,67.9,1.0,2.0,E,565000.0,8321.0
V07799,Surface Carrez,Libre immediatement,Paris,Le Marais,75,Ile-de-France,T2,Le Clos du Parc,47.4,1.0,0.0,D,574000.0,12110.0
V03352,Surface Carrez,Libre immediatement,Neuilly-sur-Seine,Bagatelle,92,Ile-de-France,Maison 4 pieces,Esprit Horizon,100.2,3.0,1.0,B,1083000.0,10808.0
V08151,Surface Carrez,Libre immediatement,Paris,La Muette,75,Ile-de-France,T3,Cour Riviera,66.4,1.0,1.0,C,690000.0,10392.0
V05413,Surface Carrez,Libre immediatement,Paris,Saint-Germain-des-Pres,75,Ile-de-France,T2,Le Parc Saint-Martin,54.7,1.0,1.0,E,662000.0,12102.0
V05651,Surface utile,Libre immediatement,Montreuil,Bel-Air,93,Ile-de-France,T1,,26.1,1.0,0.0,D,110000.0,4215.0
V05225,Surface Carrez,avr-2026,Paris,La Muette,75,Ile-de-France,T4,Le Clos Montaigne,100.2,3.0,0.0,B,1258000.0,12555.0
V05274,Surface habitable,Libre immediatement,Argenteuil,Centre-Ville,95,Ile-de-France,T3,Cour Montaigne,79.2,1.0,1.0,D,228000.0,2879.0
V04833,Surface Carrez,aout-2026,Paris,Champ-de-Mars,75,Ile-de-France,T2,Residence Concorde,47.5,1.0,1.0,A,779000.0,16400.0
V01593,Surface Carrez,Libre immediatement,Argenteuil,Coteaux,95,Ile-de-France,T4,Cour des Chenes,91.3,2.0,0.0,C,307000.0,3363.0
V08813,Surface Carrez,Libre immediatement,Boulogne-Billancourt,Rives de Seine,92,Ile-de-France,T3,,62.4,2.0,0.0,C,520000.0,8333.0
V09025,Surface Carrez,Libre immediatement,Montreuil,Bas-Montreuil,93,Ile-de-France,T3,Residence Voltaire,74.4,2.0,0.0,E,312000.0,4194.0
V14684,Surface Carrez,Libre immediatement,Ivry-sur-Seine,Ivry-Port,94,Ile-de-France,T4,,67.8,1.0,1.0,C,304000.0,4484.0
V02607,Surface habitable,Libre immediatement,Paris,Batignolles,75,Ile-de-France,T2,Les Jardins des Acacias,48.4,1.0,1.0,D,428000.0,8843.0
V06979,Surface utile,Libre immediatement,Saint-Germain-en-Laye,Centre-Ville,78,Ile-de-France,T3,Les Jardins Verte,66.8,1.0,1.0,D,515000.0,7710.0
V03959,Surface Carrez,Libre immediatement,Paris,Gobelins,75,Ile-de-France,T4,Le Domaine du Lac,66.5,3.0,3.0,D,661000.0,9940.0
V14552,Surface Carrez,Libre immediatement,Paris,Buttes-Chaumont,75,Ile-de-France,T3,,65.9,1.0,0.0,B,608000.0,9226.0
V01846,Surface Carrez,Libre immediatement,Saint-Denis,Franc-Moisin,93,Ile-de-France,T5,Les Allees Montaigne,107.6,3.0,0.0,D,272000.0,2528.0
V10750,Surface Carrez,Libre immediatement,Paris,Gobelins,75,Ile-de-France,T4,Esprit Symphonie,61.9,3.0,2.0,D,454000.0,7334.0
V10164,Surface Carrez,Libre immediatement,Mantes-la-Jolie,Val Fourre,78,Ile-de-France,T3,Carre Belvedere,76.6,2.0,1.0,C,184000.0,2402.0
V11856,Surface au sol,Libre immediatement,Paris,La Muette,75,Ile-de-France,Maison 5 pieces,,117.4,2.0,,C,1040000.0,8859.0
V04734,Surface Carrez,Libre immediatement,Antony,Les Baconnets,92,Ile-de-France,T2,,45.9,1.0,1.0,B,209000.0,4553.0
V09790,Surface Carrez,Libre immediatement,Paris,Buttes-Chaumont,75,Ile-de-France,T3,,81.3,2.0,0.0,D,540000.0,6642.0
V11797,Surface habitable,juil-2027,Versailles,Chantiers,78,Ile-de-France,T2,Les Allees Opale,35.1,1.0,1.0,A,206000.0,5869.0
V08651,Surface au sol,Libre immediatement,Noisy-le-Grand,Centre-ville,93,Ile-de-France,Maison 4 pieces,Le Hameau Beausejour,92 - 114,3.0,,C,342000.0,
V05843,Surface Carrez,Libre immediatement,Mantes-la-Jolie,Val Fourre,78,Ile-de-France,T1,,23.1,1.0,1.0,D,49000.0,2121.0
V05030,Surface habitable,Libre immediatement,Saint-Germain-en-Laye,Hopital,78,Ile-de-France,Maison 3 pieces,Esprit Voltaire,75.8,2.0,0.0,C,436000.0,5752.0
V03651,Surface Carrez,Libre immediatement,Issy-les-Moulineaux,Fort d'Issy,92,Ile-de-France,T3,,62,2.0,0.0,D,385000.0,6210.0
V09156,Surface Carrez,Libre immediatement,Ivry-sur-Seine,Ivry-Port,94,Ile-de-France,T3,,64.7,2.0,2.0,D,249000.0,3849.0
V01965,Surface habitable,Libre immediatement,Paris,La Muette,75,Ile-de-France,T3,Le Domaine Saint-Martin,55.8,2.0,1.0,E,562000.0,10072.0
V11164,Surface habitable,Libre immediatement,Boulogne-Billancourt,Point du Jour,92,Ile-de-France,T2,,33.5,1.0,2.0,E,262000.0,7821.0
V07795,Surface Carrez,Libre immediatement,Montreuil,Bas-Montreuil,93,Ile-de-France,T3,Cour Symphonie,58.8,2.0,0.0,F,266000.0,4524.0
V01588,Surface Carrez,Libre immediatement,Boulogne-Billancourt,Point du Jour,92,Ile-de-France,T4,,92.3,3.0,3.0,D,748000.0,8104.0
V06563,Surface Carrez,Libre immediatement,Paris,Batignolles,75,Ile-de-France,T2,Les Jardins Opale,39.7,1.0,2.0,C,388000.0,9773.0
V01188,Surface Carrez,Libre immediatement,Paris,Le Marais,75,Ile-de-France,T3,Les Jardins Riviera,63.2,2.0,0.0,E,747000.0,11820.0
V14585,Surface Carrez,Libre immediatement,Vitry-sur-Seine,Port-a-l'Anglais,94,Ile-de-France,Maison 4 pieces,,74.4,1.0,,E,225000.0,3024.0
V11886,Surface Carrez,Libre immediatement,Vitry-sur-Seine,Moulin-Vert,94,Ile-de-France,T2,Les Jardins Montaigne,31.6,1.0,0.0,C,89000.0,2816.0
V07845,Surface Carrez,Libre immediatement,Paris,Champ-de-Mars,75,Ile-de-France,T5,Carre des Chenes,119.1,3.0,0.0,D,1317000.0,11058.0
V06299,Surface habitable,Libre immediatement,Paris,Belleville,75,Ile-de-France,T4,Villa Saint-Martin,78.3,2.0,1.0,C,530000.0,6769.0
V04279,Surface habitable,Libre immediatement,Vitry-sur-Seine,Moulin-Vert,94,Ile-de-France,T1,,36.9,1.0,,G,108000.0,2927.0
V14962,Surface habitable,Libre immediatement,Argenteuil,Centre-Ville,95,Ile-de-France,T4,,102.9,3.0,1.0,E,287000.0,2789.0
V13088,Surface Carrez,Libre immediatement,Creteil,Echat,94,Ile-de-France,T4,Le Domaine Saint-Martin,77.6,1.0,0.0,D,289000.0,3724.0
V13056,Surface Carrez,Libre immediatement,Bobigny,Centre-ville,93,Ile-de-France,T3,Le Domaine du Parc,72.2,2.0,2.0,E,236000.0,3269.0
V03412,Surface Carrez,Libre immediatement,Creteil,Lac,94,Ile-de-France,T2,Les Terrasses Concorde,35.8,1.0,,C,178000.0,4972.0
V02020,Surface Carrez,Libre immediatement,Montreuil,Ruffins,93,Ile-de-France,T3,Cour Symphonie,93.5,1.0,0.0,E,319000.0,3412.0
V06274,Surface Carrez,Libre immediatement,Saint-Denis,Franc-Moisin,93,Ile-de-France,T3,,54.1,2.0,2.0,C,142000.0,2625.0
V04927,Surface Carrez,Libre immediatement,Bobigny,Pont de Bondy,93,Ile-de-France,T3,Villa Opale,74.9,2.0,,B,213000.0,2844.0
V04574,Surface Carrez,mars-2026,Paris,Saint-Germain-des-Pres,75,Ile-de-France,T2,Esprit Belvedere,41.6,1.0,2.0,B,680000.0,16346.0
V03129,Surface Carrez,Libre immediatement,Saint-Germain-en-Laye,Bel-Air,78,Ile-de-France,T3,,55.5,2.0,0.0,C,309000.0,5568.0
V06250,Surface Carrez,Libre immediatement,Paris,Batignolles,75,Ile-de-France,T3,,80.9,1.0,0.0,D,651000.0,8047.0
V02396,Surface Carrez,Libre immediatement,Noisy-le-Grand,Butte Verte,93,Ile-de-France,T3,,55.6,2.0,1.0,G,152000.0,2734.0
V06236,Surface habitable,Libre immediatement,Montreuil,Croix de Chavaux,93,Ile-de-France,T1,,13.1,1.0,0.0,C,71000.0,5420.0
V10063,Surface Carrez,Libre immediatement,Paris,Porte de Clignancourt,75,Ile-de-France,T3,,60.2,2.0,2.0,D,479000.0,7957.0
V00148,Surface Carrez,Libre immediatement,Paris,Bercy,75,Ile-de-France,T4,,90,1.0,0.0,E,706000.0,7844.0
V02260,Surface Carrez,Libre immediatement,Melun,Almont,77,Ile-de-France,T3,,66.4,1.0,0.0,B,157000.0,2364.0
V14504,Surface habitable,aout-2026,Argenteuil,Centre-Ville,95,Ile-de-France,T2,Le Clos d'Argent,50.9,1.0,2.0,A,187000.0,3674.0
V08298,Surface Carrez,Libre immediatement,Issy-les-Moulineaux,Les Epinettes,92,Ile-de-France,T2,Villa Belvedere,36.6,1.0,1.0,D,222000.0,6066.0
V08542,Surface Carrez,Libre immediatement,Paris,Porte de Clignancourt,75,Ile-de-France,T3,Les Allees des Lilas,60.3,2.0,0.0,A,370000.0,6136.0
V05605,Surface Carrez,Libre immediatement,Paris,La Muette,75,Ile-de-France,T3,,64.2,1.0,1.0,C,695000.0,10826.0
V02693,Surface utile,Libre immediatement,Argenteuil,Coteaux,95,Ile-de-France,T3,Residence Saint-Martin,62.5,2.0,,B,248000.0,3968.0
V14448,Surface Carrez,Libre immediatement,Boulogne-Billancourt,Billancourt,92,Ile-de-France,T4,,99.3,3.0,1.0,E,745000.0,7503.0
V01706,Surface Carrez,Libre immediatement,Paris,Saint-Germain-des-Pres,75,Ile-de-France,T3,,98.4,1.0,0.0,G,1278000.0,12988.0
V00030,Surface habitable,Libre immediatement,Meaux,Hopital,77,Ile-de-France,T4,Cour Riviera,93.2,1.0,0.0,D,224000.0,2403.0
V02306,Surface habitable,Libre immediatement,Melun,Saint-Aspais,77,Ile-de-France,T3,,65.1,1.0,1.0,A,178000.0,2734.0
V10868,Surface habitable,Libre immediatement,Issy-les-Moulineaux,Val de Seine,92,Ile-de-France,T3,Le Domaine Bellevue,"61,9",1.0,2.0,E,448000.0,7237.0
V03241,Surface utile,fevr-2029,Paris,Batignolles,75,Ile-de-France,T3,Le Parc Cristal,77.1,2.0,2.0,B,857000.0,11115.0
V01469,Surface Carrez,Libre immediatement,Vitry-sur-Seine,Port-a-l'Anglais,94,Ile-de-France,T2,Le Domaine Verte,37,1.0,0.0,D,167000.0,4514.0
V03902,Surface habitable,nov-2026,Paris,Vaugirard,75,Ile-de-France,T2,Le Domaine Cristal,57.5,1.0,1.0,B,543000.0,9443.0
V10614,Surface habitable,Libre immediatement,Issy-les-Moulineaux,Val de Seine,92,Ile-de-France,T4,Le Clos Latitude,83.5,3.0,2.0,D,580000.0,6946.0
V13911,Surface habitable,fevr-2028,Saint-Denis,La Plaine,93,Ile-de-France,T3,Esprit Verte,56.8,2.0,0.0,B,268000.0,4718.0
V06747,Surface utile,Libre immediatement,Aubervilliers,Centre,93,Ile-de-France,Maison 4 pieces,,75.6,3.0,0.0,E,204000.0,2698.0
V14374,Surface Carrez,Libre immediatement,Antony,Les Baconnets,92,Ile-de-France,T2,,42.5,1.0,2.0,E,150000.0,3529.0
V14239,Surface Carrez,Libre immediatement,Paris,Porte de Clignancourt,75,Ile-de-France,T3,Les Jardins des Lilas,66.6,1.0,1.0,G,377000.0,5661.0
V02380,Surface utile,Libre immediatement,Saint-Denis,Franc-Moisin,93,Ile-de-France,Maison 6 pieces,,143.8,4.0,0.0,E,284000.0,1975.0
V06585,Surface Carrez,fevr-2027,Ivry-sur-Seine,Centre-Ville,94,Ile-de-France,T4,Residence Latitude,103,2.0,1.0,A,499000.0,4845.0
V09893,Surface Carrez,Libre immediatement,Montrouge,Ferry-Jaures,92,Ile-de-France,T3,Les Allees Horizon,56.5,2.0,0.0,D,356000.0,6301.0
V09378,Surface Carrez,Libre immediatement,Noisy-le-Grand,Mont d'Est,93,Ile-de-France,T2,Residence Cristal,35.7,1.0,2.0,C,144000.0,4034.0
V02662,Surface Carrez,Libre immediatement,Paris,Batignolles,75,Ile-de-France,T4,,86.6,3.0,1.0,D,792000.0,9145.0
V09908,Surface habitable,mai-2027,Paris,Bercy,75,Ile-de-France,T3,Les Allees Latitude,88.8,2.0,2.0,C,999000.0,11250.0
V04132,Surface habitable,Libre immediatement,Paris,Gobelins,75,Ile-de-France,T3,,66.5,1.0,,F,411000.0,6180.0
V05093,Surface Carrez,Libre immediatement,Paris,Bercy,75,Ile-de-France,T4,,104.7,3.0,0.0,D,954000.0,9112.0
V06145,Surface Carrez,Libre immediatement,Saint-Denis,Pleyel,93,Ile-de-France,T5,,102.8,2.0,0.0,D,327000.0,3181.0
V11595,Surface Carrez,Libre immediatement,Paris,Porte de Clignancourt,75,Ile-de-France,T2,,51 - 54,1.0,2.0,D,319000.0,
V02898,Surface Carrez,Libre immediatement,Trappes,Plaine de Neauphle,78,Ile-de-France,T3,Le Clos d'Argent,71.1,2.0,0.0,G,130000.0,1828.0
V03170,Surface utile,juil-2028,Paris,Buttes-Chaumont,75,Ile-de-France,T2,Cour du Lac,61.2,1.0,0.0,A,570000.0,9314.0
V10440,Surface Carrez,dec-2028,Paris,Bercy,75,Ile-de-France,T3,Le Parc Voltaire,64.3,1.0,1.0,A,692000.0,10762.0
V05724,Surface Carrez,Libre immediatement,Neuilly-sur-Seine,Bagatelle,92,Ile-de-France,T2,,40.2,1.0,0.0,E,437000.0,10871.0
V01517,Surface Carrez,nov-2027,Evry-Courcouronnes,Bois Sauvage,91,Ile-de-France,T2,Cour Verte,36.7,1.0,0.0,A,120000.0,3270.0
V10646,Surface Carrez,Libre immediatement,Montreuil,Croix de Chavaux,93,Ile-de-France,T4,Residence Beausejour,98.8,2.0,0.0,D,510000.0,5162.0
V07015,Surface utile,Libre immediatement,Paris,Batignolles,75,Ile-de-France,T3,,72.9,1.0,2.0,F,558000.0,7654.0
V08938,Surface Carrez,Libre immediatement,Nanterre,Petit-Nanterre,92,Ile-de-France,T1,Cour Bellevue,28.5,1.0,1.0,D,144000.0,5053.0
V11247,Surface Carrez,Libre immediatement,Paris,La Muette,75,Ile-de-France,T1,Le Parc du Parc,22.6,1.0,1.0,E,234000.0,10354.0
V05579,Surface habitable,Libre immediatement,Paris,Porte de Clignancourt,75,Ile-de-France,T3,,71.2,1.0,2.0,G,412000.0,5787.0
V06719,Surface Carrez,Libre immediatement,Boulogne-Billancourt,Centre-Ville,92,Ile-de-France,T3,Le Hameau des Lilas,43.6,2.0,0.0,G,329000.0,7546.0
V02614,Surface habitable,Libre immediatement,Paris,Gobelins,75,Ile-de-France,T5,Villa d'Argent,88 - 110,2.0,3.0,D,670000.0,
V06963,Surface Carrez,Libre immediatement,Paris,Le Marais,75,Ile-de-France,T4,,93.1,1.0,0.0,D,1056000.0,11343.0
V07605,Surface au sol,Libre immediatement,Melun,Almont,77,Ile-de-France,Maison 3 pieces,,66.8,2.0,0.0,C,95000.0,1422.0
V06533,Surface Carrez,Libre immediatement,Versailles,Saint-Louis,78,Ile-de-France,T3,Cour des Lilas,65.5,2.0,0.0,D,436000.0,6656.0
V07375,Surface habitable,Libre immediatement,Paris,Gobelins,75,Ile-de-France,T4,,86.5,2.0,1.0,G,672000.0,7769.0
V04349,Surface habitable,Libre immediatement,Paris,Batignolles,75,Ile-de-France,T2,Esprit Concorde,43.2,1.0,0.0,E,359000.0,8310.0
V01136,Surface Carrez,Libre immediatement,Vincennes,Republique,94,Ile-de-France,T2,,57.8,1.0,1.0,D,354000.0,6125.0
V07190,Surface Carrez,Libre immediatement,Levallois-Perret,Collange,92,Ile-de-France,T3,Cour Symphonie,47.8,2.0,2.0,A,398000.0,8326.0
V13406,Surface habitable,Libre immediatement,Ivry-sur-Seine,Monmousseau,94,Ile-de-France,T3,,55,2.0,2.0,E,165000.0,3000.0
V13759,Surface utile,Libre immediatement,Massy,Opera,91,Ile-de-France,T4,Les Allees Cristal,65.6,3.0,0.0,D,242000.0,3689.0
V00261,Surface habitable,Libre immediatement,Versailles,Porchefontaine,78,Ile-de-France,T2,Villa Cristal,46,1.0,1.0,B,256000.0,5565.0
V12214,Surface habitable,Libre immediatement,Paris,Le Marais,75,Ile-de-France,T3,,68.4,2.0,1.0,C,760000.0,11111.0
V01713,Surface Carrez,avr-2027,Neuilly-sur-Seine,Bagatelle,92,Ile-de-France,T6,Le Hameau Symphonie,124.1,3.0,2.0,A,1547000.0,12466.0
V05627,Surface utile,Libre immediatement,Melun,Montaigu,77,Ile-de-France,Maison 4 pieces,,82.1,3.0,0.0,G,135000.0,1644.0
V02433,Surface Carrez,mars-2026,Massy,Atlantis,91,Ile-de-France,T1,Les Terrasses Opale,29.4,1.0,0.0,C,132000.0,4490.0
V13139,Surface Carrez,Libre immediatement,Melun,Centre-Ville,77,Ile-de-France,T4,,93.7,1.0,0.0,D,272000.0,2903.0
V04055,Surface habitable,janv-2029,Montreuil,Bel-Air,93,Ile-de-France,T4,Les Allees Cristal,108.8,3.0,,A,421000.0,3869.0
V11980,Surface Carrez,Libre immediatement,Neuilly-sur-Seine,Bagatelle,92,Ile-de-France,Maison 5 pieces,,106.7,4.0,0.0,D,965000.0,9044.0
V08404,Surface Carrez,Libre immediatement,Nanterre,Centre,92,Ile-de-France,T5,,131,3.0,0.0,D,788000.0,6015.0
V09801,Surface Carrez,Libre immediatement,Montreuil,Mairie,93,Ile-de-France,T4,,101.2,3.0,1.0,D,479000.0,4733.0
V05970,Surface Carrez,Libre immediatement,Paris,Buttes-Chaumont,75,Ile-de-France,T4,,67.8,3.0,2.0,D,567000.0,8363.0
V05383,Surface utile,Libre immediatement,Ivry-sur-Seine,Centre-Ville,94,Ile-de-France,T4,,74.3,3.0,0.0,D,336000.0,4522.0
V06357,Surface Carrez,Libre immediatement,Aubervilliers,Villette-Quatre-Chemins,93,Ile-de-France,T5,Le Domaine des Acacias,87,3.0,2.0,E,283000.0,3253.0
V01139,Surface utile,Libre immediatement,Levallois-Perret,Eiffel,92,Ile-de-France,T2,Esprit Bellevue,43.2,1.0,0.0,D,380000.0,8796.0
V06373,Surface habitable,Libre immediatement,Massy,Opera,91,Ile-de-France,Maison 4 pieces,Cour d'Argent,69.7,3.0,1.0,D,200000.0,2869.0
V03149,Surface Carrez,Libre immediatement,Paris,Belleville,75,Ile-de-France,T3,,74,2.0,0.0,B,536000.0,7243.0
V01934,Surface Carrez,sept-2028,Vitry-sur-Seine,Port-a-l'Anglais,94,Ile-de-France,T2,Villa Opale,39.6,1.0,0.0,B,216000.0,5455.0
V13250,Surface habitable,Libre immediatement,Paris,Porte de Clignancourt,75,Ile-de-France,T1,,31.2,1.0,1.0,D,256000.0,8205.0
V00295,Surface utile,juil-2027,Neuilly-sur-Seine,Saint-James,92,Ile-de-France,T4,Les Jardins Verte,74.8,3.0,0.0,A,908000.0,12139.0
V01166,Surface Carrez,Libre immediatement,Paris,Buttes-Chaumont,75,Ile-de-France,T4,,84.9,3.0,1.0,B,589000.0,6938.0
V06076,Surface Carrez,Libre immediatement,Bobigny,Etoile,93,Ile-de-France,T2,,42.4,1.0,0.0,D,187000.0,4410.0
V08759,Surface habitable,Libre immediatement,Saint-Denis,Basilique,93,Ile-de-France,T3,,63.4,2.0,1.0,E,147000.0,2319.0
V02439,Surface Carrez,fevr-2028,Paris,Champ-de-Mars,75,Ile-de-France,T5,Le Parc Belvedere,127.3,2.0,0.0,A,2179000.0,17117.0
V07924,Surface Carrez,Libre immediatement,Paris,Bercy,75,Ile-de-France,T3,Cour Horizon,57.2,1.0,2.0,D,525000.0,9178.0
V01290,Surface utile,Libre immediatement,Versailles,Porchefontaine,78,Ile-de-France,T3,,66.7,2.0,0.0,D,451000.0,6762.0
V09837,Surface Carrez,Libre immediatement,Boulogne-Billancourt,Point du Jour,92,Ile-de-France,T5,Les Allees Latitude,112.1,1.0,1.0,D,812000.0,7244.0
V05983,Surface Carrez,dec-2029,Paris,Champ-de-Mars,75,Ile-de-France,T1,Carre Voltaire,24,1.0,1.0,B,358000.0,14917.0
V12547,Surface habitable,Libre immediatement,Paris,Gobelins,75,Ile-de-France,T4,,100.2,1.0,0.0,A,761000.0,7595.0
V12701,Surface Carrez,dec-2026,Paris,Buttes-Chaumont,75,Ile-de-France,T3,Les Allees Symphonie,47.3,2.0,2.0,A,368000.0,7780.0
V12107,Surface Carrez,Libre immediatement,Paris,La Muette,75,Ile-de-France,T1,Villa Montaigne,23.8,1.0,1.0,D,330000.0,13866.0
V01726,Surface Carrez,Libre immediatement,Vitry-sur-Seine,Port-a-l'Anglais,94,Ile-de-France,T3,Esprit du Lac,62.2,2.0,1.0,C,191000.0,3071.0
V02357,Surface Carrez,Libre immediatement,Paris,Champ-de-Mars,75,Ile-de-France,T3,Carre Beausejour,59.7,2.0,0.0,D,728000.0,12194.0
V07406,Surface Carrez,sept-2027,Montreuil,Bel-Air,93,Ile-de-France,T2,Les Allees Cristal,50.9,1.0,1.0,A,247000.0,4853.0
V06212,Surface Carrez,Libre immediatement,Ivry-sur-Seine,Ivry-Port,94,Ile-de-France,T4,,93.8,3.0,0.0,E,351000.0,3742.0
V09362,Surface Carrez,Libre immediatement,Argenteuil,Coteaux,95,Ile-de-France,T2,,38.8,1.0,0.0,C,110000.0,2835.0
V01244,Surface Carrez,Libre immediatement,Ivry-sur-Seine,Petit-Ivry,94,Ile-de-France,T4,,958 pi2,1.0,1.0,C,410000.0,
V07620,Surface au sol,Libre immediatement,Massy,Villaine,91,Ile-de-France,Maison 6 pieces,,169.9,2.0,0.0,F,456000.0,2684.0
V02926,Surface utile,janv-2027,Issy-les-Moulineaux,Val de Seine,92,Ile-de-France,T4,Les Jardins Symphonie,75.2,1.0,2.0,B,667000.0,8870.0
V05610,Surface utile,Libre immediatement,Levallois-Perret,Collange,92,Ile-de-France,T6,Le Domaine Montaigne,114.9,3.0,3.0,D,773000.0,6728.0
V02504,Surface habitable,Libre immediatement,Neuilly-sur-Seine,Saint-James,92,Ile-de-France,T3,,79.6,1.0,2.0,C,857000.0,10766.0
V04692,Surface habitable,Libre immediatement,Paris,Porte de Clignancourt,75,Ile-de-France,T4,,77.7,3.0,1.0,C,530000.0,6821.0
V09603,Surface Carrez,Libre immediatement,Paris,Vaugirard,75,Ile-de-France,T3,Les Jardins des Lilas,70.7,2.0,0.0,C,720000.0,10184.0
V01500,Surface utile,Libre immediatement,Montreuil,Croix de Chavaux,93,Ile-de-France,Maison 5 pieces,,113.1,4.0,0.0,D,472000.0,4173.0
V02291,Surface habitable,oct-2028,Trappes,Village,78,Ile-de-France,T4,Villa des Chenes,88.5,2.0,0.0,A,320000.0,3616.0
V10941,Surface habitable,Libre immediatement,Issy-les-Moulineaux,Les Epinettes,92,Ile-de-France,T2,,40.8,1.0,2.0,E,245000.0,6005.0
V11514,Surface Carrez,Libre immediatement,Issy-les-Moulineaux,Fort d'Issy,92,Ile-de-France,T1,Les Jardins Beausejour,29.3,1.0,0.0,D,201000.0,6860.0
V14450,Surface habitable,Libre immediatement,Massy,Villaine,91,Ile-de-France,T5,Les Allees Concorde,121.6,2.0,0.0,,314000.0,2582.0
V11362,Surface Carrez,Libre immediatement,Paris,Saint-Germain-des-Pres,75,Ile-de-France,T3,Esprit Riviera,69.9,2.0,1.0,C,943000.0,13491.0
V08798,Surface Carrez,Libre immediatement,Paris,Vaugirard,75,Ile-de-France,T3,Les Allees des Lilas,45.1,2.0,2.0,D,469000.0,10399.0
V07633,Surface Carrez,Libre immediatement,Evry-Courcouronnes,Bois Sauvage,91,Ile-de-France,T4,,100.1,3.0,0.0,D,310000.0,3097.0
V07848,Surface Carrez,Libre immediatement,Neuilly-sur-Seine,Village,92,Ile-de-France,Maison 4 pieces,,117.9,2.0,0.0,C,1009000.0,8558.0
V01514,Surface habitable,dec-2028,Paris,Champ-de-Mars,75,Ile-de-France,T3,Le Hameau des Lilas,88.9,2.0,2.0,B,1529000.0,17199.0
V01354,Surface Carrez,Libre immediatement,Aubervilliers,Landy,93,Ile-de-France,T5,Villa des Acacias,132.9,2.0,1.0,B,520000.0,3913.0
V03326,Surface Carrez,aout-2027,Creteil,Centre Ancien,94,Ile-de-France,T3,Les Terrasses des Chenes,74.7,,2.0,A,345000.0,4618.0
V04000,Surface Carrez,Libre immediatement,Boulogne-Billancourt,Point du Jour,92,Ile-de-France,T3,Esprit Voltaire,58.8,2.0,0.0,D,387000.0,6582.0
V09307,Surface Carrez,Libre immediatement,Saint-Denis,La Plaine,93,Ile-de-France,T3,,66.8,2.0,,C,227000.0,3398.0
V07179,Surface Carrez,Libre immediatement,Saint-Denis,La Plaine,93,Ile-de-France,T1,Le Hameau du Parc,24.7,1.0,0.0,E,85000.0,3441.0
V04715,Surface Carrez,Libre immediatement,Mantes-la-Jolie,Centre-Ville,78,Ile-de-France,T3,,57,1.0,0.0,C,135000.0,2368.0
V10744,Surface Carrez,Libre immediatement,Paris,Champ-de-Mars,75,Ile-de-France,T4,,87,3.0,,C,1146000.0,13172.0
V11337,Surface au sol,Libre immediatement,Saint-Germain-en-Laye,Bel-Air,78,Ile-de-France,Maison 5 pieces,,121.7,2.0,1.0,F,564000.0,4634.0
V12640,Surface habitable,Libre immediatement,Paris,Le Marais,75,Ile-de-France,T2,,45.2,1.0,1.0,C,597000.0,13208.0
V00356,Surface habitable,Libre immediatement,Neuilly-sur-Seine,Sablons,92,Ile-de-France,T2,,38.7,1.0,1.0,E,404000.0,10439.0
V08118,Surface habitable,Libre immediatement,Paris,Belleville,75,Ile-de-France,T2,Residence Saint-Martin,41.1,1.0,0.0,D,284000.0,6910.0
V08721,Surface Carrez,nov-2026,Trappes,Les Merisiers,78,Ile-de-France,T3,Les Jardins Symphonie,69,2.0,0.0,B,253000.0,3667.0
V03320,Surface Carrez,Libre immediatement,Mantes-la-Jolie,Centre-Ville,78,Ile-de-France,T4,,85.7,3.0,1.0,F,191000.0,2229.0
V03348,Surface Carrez,Libre immediatement,Paris,Porte de Clignancourt,75,Ile-de-France,T2,,36.6,1.0,0.0,E,223000.0,6093.0
V01629,Surface Carrez,Libre immediatement,Paris,Vaugirard,75,Ile-de-France,T3,,79.5,2.0,0.0,E,564000.0,7094.0
V13753,Surface Carrez,mars-2027,Melun,Almont,77,Ile-de-France,T2,Villa Montaigne,53.1,1.0,2.0,C,154000.0,2900.0
V04047,Surface Carrez,Libre immediatement,Montrouge,Ferry-Jaures,92,Ile-de-France,T5,,146.8,3.0,1.0,E,1157000.0,7881.0
V06991,Surface habitable,mars-2026,Montrouge,Portes de Montrouge,92,Ile-de-France,T4,Carre Latitude,92.4,3.0,0.0,B,719000.0,7781.0
V06854,Surface Carrez,Libre immediatement,Issy-les-Moulineaux,Les Epinettes,92,Ile-de-France,T4,Le Domaine Saint-Martin,80.6,3.0,0.0,D,500000.0,6203.0
V01367,Surface Carrez,Libre immediatement,Paris,Vaugirard,75,Ile-de-France,T3,Le Hameau des Lilas,75.2,2.0,1.0,C,645000.0,8577.0
V09461,Surface Carrez,Libre immediatement,Paris,Le Marais,75,Ile-de-France,T2,,29.4,1.0,0.0,C,285000.0,9694.0
V01022,Surface utile,Libre immediatement,Paris,Buttes-Chaumont,75,Ile-de-France,T4,Les Terrasses Saint-Martin,87.8,2.0,3.0,C,641000.0,7301.0
V13427,Surface Carrez,Libre immediatement,Vitry-sur-Seine,Ardoines,94,Ile-de-France,T3,,65.9,2.0,0.0,C,197000.0,2989.0
V06543,Surface Carrez,mai-2027,Creteil,Centre Ancien,94,Ile-de-France,T4,Carre Opale,112.1,3.0,1.0,A,601000.0,5361.0
V01348,Surface Carrez,Libre immediatement,Paris,Saint-Germain-des-Pres,75,Ile-de-France,T5,,112.6,2.0,2.0,B,1655000.0,14698.0
V04275,Surface Carrez,Libre immediatement,Vincennes,Centre-Ville,94,Ile-de-France,T4,,70.7,3.0,2.0,C,567000.0,8020.0
V00532,Surface utile,Libre immediatement,Paris,Gobelins,75,Ile-de-France,T1,,31.6,1.0,1.0,E,239000.0,7563.0
V02626,Surface habitable,avr-2028,Paris,Porte de Clignancourt,75,Ile-de-France,T3,Carre des Lilas,66.9,1.0,0.0,B,507000.0,7578.0
V11072,Surface habitable,Libre immediatement,Paris,La Muette,75,Ile-de-France,T5,Le Parc Riviera,113,3.0,1.0,F,1138000.0,10071.0
V10086,Surface habitable,Libre immediatement,Nanterre,Parc Sud,92,Ile-de-France,T3,Le Clos d'Argent,67.2,1.0,0.0,D,351000.0,5223.0
V01864,Surface Carrez,Libre immediatement,Bobigny,Etoile,93,Ile-de-France,T3,Les Jardins Montaigne,62.4,1.0,0.0,F,183000.0,2933.0
V12111,Surface Carrez,Libre immediatement,Vitry-sur-Seine,Moulin-Vert,94,Ile-de-France,T2,,38,1.0,0.0,E,137000.0,3605.0
V10403,Surface Carrez,Libre immediatement,Paris,Saint-Germain-des-Pres,75,Ile-de-France,T2,Les Terrasses Concorde,40.8,1.0,0.0,G,445000.0,10907.0
V10702,Surface Carrez,mai-2029,Trappes,Plaine de Neauphle,78,Ile-de-France,T3,Les Jardins des Lilas,62.4,2.0,1.0,B,166000.0,2660.0
V05672,Surface habitable,Libre immediatement,Paris,Belleville,75,Ile-de-France,T2,Les Jardins Opale,45.3,1.0,0.0,D,324000.0,7152.0
V07097,Surface habitable,Libre immediatement,Paris,Vaugirard,75,Ile-de-France,T4,,101.9,2.0,1.0,D,876000.0,8597.0
V06163,Surface habitable,nov-2028,Paris,Batignolles,75,Ile-de-France,T3,Le Domaine du Parc,77.5,2.0,0.0,B,963000.0,12426.0
V10399,Surface Carrez,Libre immediatement,Paris,Batignolles,75,Ile-de-France,T2,,41.3,1.0,0.0,G,235000.0,5690.0
V14041,Surface Carrez,Libre immediatement,Saint-Denis,Pleyel,93,Ile-de-France,T3,,59.9,2.0,0.0,D,166000.0,2771.0
V14540,Surface Carrez,Libre immediatement,Vincennes,Domaine du Bois,94,Ile-de-France,T2,Le Clos Montaigne,42,1.0,1.0,D,235000.0,5595.0
V05866,Surface Carrez,Libre immediatement,Paris,Montmartre,75,Ile-de-France,T5,,157.6,3.0,0.0,D,1330000.0,8439.0
V03927,Surface Carrez,Libre immediatement,Creteil,Echat,94,Ile-de-France,T3,,88.2,2.0,1.0,D,333000.0,3776.0
V00531,Surface Carrez,avr-2029,Paris,Bercy,75,Ile-de-France,T3,Les Terrasses Belvedere,76 - 94,1.0,1.0,B,657000.0,
V11200,Surface Carrez,Libre immediatement,Neuilly-sur-Seine,Village,92,Ile-de-France,Maison 4 pieces,Les Terrasses Opale,107,3.0,0.0,D,591000.0,5523.0
V14141,Surface Carrez,Libre immediatement,Saint-Denis,Franc-Moisin,93,Ile-de-France,T4,Residence Belvedere,78,3.0,1.0,E,179000.0,2295.0
V07249,Surface habitable,mars-2027,Vincennes,Domaine du Bois,94,Ile-de-France,T3,Carre Opale,60.5,2.0,1.0,B,497000.0,8215.0
V14726,Surface Carrez,sept-2028,Massy,Atlantis,91,Ile-de-France,Maison 5 pieces,Le Hameau Voltaire,131.1,2.0,1.0,A,580000.0,4424.0
V00360,Surface habitable,Libre immediatement,Versailles,Saint-Louis,78,Ile-de-France,T2,,46.9,1.0,1.0,D,267000.0,5693.0
V11613,Surface utile,avr-2028,Boulogne-Billancourt,Rives de Seine,92,Ile-de-France,T3,Le Clos Concorde,73.1,2.0,1.0,B,791000.0,10821.0
V09766,Surface Carrez,Libre immediatement,Saint-Denis,Grand Centre,93,Ile-de-France,T4,,88.8,2.0,1.0,A,310000.0,3491.0
V11171,Surface Carrez,Libre immediatement,Montreuil,Bel-Air,93,Ile-de-France,T3,,76.6,2.0,1.0,D,322000.0,4204.0
V06564,Surface habitable,Libre immediatement,Neuilly-sur-Seine,Village,92,Ile-de-France,T2,Residence du Parc,51.1,1.0,2.0,E,447000.0,8748.0
V10990,Surface Carrez,Libre immediatement,Creteil,Mont-Mesly,94,Ile-de-France,T3,Villa Saint-Martin,56.7,2.0,,C,219000.0,3862.0
V08490,Surface habitable,Libre immediatement,Paris,Montmartre,75,Ile-de-France,T3,,62.8,1.0,0.0,D,772000.0,12293.0
V12855,Surface habitable,Libre immediatement,Paris,Batignolles,75,Ile-de-France,T2,,45.7,1.0,1.0,B,342000.0,7484.0
V03776,Surface utile,Libre immediatement,Aubervilliers,Villette-Quatre-Chemins,93,Ile-de-France,T2,Le Hameau des Lilas,41.8,1.0,1.0,D,149000.0,3565.0
V09697,Surface Carrez,Libre immediatement,Paris,Gobelins,75,Ile-de-France,T4,Le Hameau Bellevue,86.5,1.0,1.0,E,860000.0,9942.0
V14784,Surface utile,mars-2026,Issy-les-Moulineaux,Fort d'Issy,92,Ile-de-France,T6,Le Domaine Montaigne,107.3,3.0,1.0,A,1046000.0,9748.0
V13662,Surface Carrez,Libre immediatement,Paris,Le Marais,75,Ile-de-France,T2,,53,1.0,1.0,E,561000.0,10585.0
V01318,Surface Carrez,Libre immediatement,Aubervilliers,Centre,93,Ile-de-France,T3,Le Hameau Verte,73.5,1.0,0.0,D,208000.0,2830.0
V13121,Surface Carrez,Libre immediatement,Paris,Le Marais,75,Ile-de-France,T3,Carre Latitude,62.9,2.0,1.0,F,613000.0,9746.0
V04811,Surface habitable,Libre immediatement,Paris,La Muette,75,Ile-de-France,T3,Le Hameau Verte,46.1,2.0,0.0,C,506000.0,10976.0
V12503,Surface habitable,Libre immediatement,Paris,La Muette,75,Ile-de-France,T1,,29.4,1.0,1.0,B,399000.0,13571.0
V03482,Surface habitable,Libre immediatement,Vitry-sur-Seine,Port-a-l'Anglais,94,Ile-de-France,T4,Le Parc Symphonie,89.1,2.0,0.0,D,325000.0,3648.0
V10323,Surface Carrez,Libre immediatement,Issy-les-Moulineaux,Fort d'Issy,92,Ile-de-France,T2,Les Terrasses Riviera,37.8,1.0,0.0,C,248000.0,6561.0
V11610,Surface Carrez,Libre immediatement,Paris,La Muette,75,Ile-de-France,T1,,29.4,1.0,1.0,C,282000.0,9592.0
V12527,Surface Carrez,Libre immediatement,Montreuil,Croix de Chavaux,93,Ile-de-France,T3,,100.2,2.0,2.0,A,427000.0,4261.0
V07341,Surface Carrez,Libre immediatement,Saint-Germain-en-Laye,Hopital,78,Ile-de-France,T3,Carre des Lilas,50.4,2.0,1.0,F,270000.0,5357.0
V12567,Surface Carrez,Libre immediatement,Meaux,Colbert,77,Ile-de-France,T2,,61.1,1.0,1.0,C,135000.0,2209.0
V02629,Surface Carrez,Libre immediatement,Saint-Denis,Pleyel,93,Ile-de-France,T3,Le Parc Belvedere,66.6,2.0,1.0,D,213000.0,3198.0
V02766,Surface Carrez,Libre immediatement,Noisy-le-Grand,Champy,93,Ile-de-France,T2,Carre du Parc,27.2,1.0,0.0,C,99000.0,3640.0
V01656,Surface Carrez,Libre immediatement,Aubervilliers,Fort d'Aubervilliers,93,Ile-de-France,T4,,103.8,2.0,0.0,F,277000.0,2669.0
V05046,Surface Carrez,Libre immediatement,Creteil,Lac,94,Ile-de-France,T4,Cour Horizon,79.3,1.0,1.0,E,295000.0,3720.0
V05574,Surface Carrez,Libre immediatement,Boulogne-Billancourt,Parchamp,92,Ile-de-France,T3,Les Terrasses des Chenes,56.7,2.0,0.0,C,488000.0,8607.0
V12463,Surface Carrez,fevr-2028,Meaux,Hopital,77,Ile-de-France,T4,Les Allees Opale,99.2,1.0,1.0,C,216000.0,2177.0
V01923,Surface Carrez,oct-2027,Saint-Germain-en-Laye,Alsace,78,Ile-de-France,T1,Les Allees Beausejour,34,1.0,1.0,B,228000.0,6706.0
V11587,Surface Carrez,Libre immediatement,Paris,Porte de Clignancourt,75,Ile-de-France,T4,Residence des Lilas,75.9,3.0,0.0,C,566000.0,7457.0
V06387,Surface habitable,mars-2029,Vitry-sur-Seine,Ardoines,94,Ile-de-France,T4,Residence des Chenes,76.3,2.0,2.0,A,359000.0,4705.0
V07241,Surface utile,juil-2029,Paris,Batignolles,75,Ile-de-France,T4,Cour d'Argent,62.1,2.0,0.0,A,720000.0,11594.0
V07363,Surface Carrez,dec-2028,Montreuil,Croix de Chavaux,93,Ile-de-France,T1,Cour d'Argent,20.9,1.0,0.0,B,110000.0,5263.0
V03311,Surface Carrez,Libre immediatement,Argenteuil,Orgemont,95,Ile-de-France,T3,Les Terrasses Cristal,91.6,2.0,1.0,G,186000.0,2031.0
V07656,Surface utile,Libre immediatement,Paris,Saint-Germain-des-Pres,75,Ile-de-France,T1,Cour Riviera,19.6,1.0,1.0,,318000.0,16224.0
V11758,Surface Carrez,Libre immediatement,Paris,La Muette,75,Ile-de-France,T3,,64 - 81,2.0,0.0,E,734000.0,
V13196,Surface habitable,Libre immediatement,Argenteuil,Coteaux,95,Ile-de-France,T3,Le Parc des Lilas,57.3,1.0,1.0,C,224000.0,3909.0
V00247,Surface Carrez,juin-2029,Montreuil,Bel-Air,93,Ile-de-France,T4,Le Clos Cristal,70.2,2.0,2.0,B,329000.0,4687.0
V12566,Surface Carrez,Libre immediatement,Montreuil,Mairie,93,Ile-de-France,Maison 7 pieces,Les Terrasses Horizon,285.1,2.0,0.0,D,1002000.0,3515.0
V00029,Surface Carrez,Libre immediatement,Massy,Atlantis,91,Ile-de-France,T4,Carre Verte,119.2,2.0,0.0,D,400000.0,3356.0
V14686,Surface Carrez,oct-2026,Saint-Denis,Franc-Moisin,93,Ile-de-France,T4,Les Jardins Verte,87.4,2.0,1.0,A,280000.0,3204.0
V06171,Surface Carrez,Libre immediatement,Aubervilliers,Villette-Quatre-Chemins,93,Ile-de-France,T4,,770 pi2,3.0,0.0,C,265000.0,
V10166,Surface habitable,Libre immediatement,Paris,La Muette,75,Ile-de-France,T3,Le Parc Montaigne,57.4,1.0,0.0,F,577000.0,10052.0
V08238,Surface Carrez,Libre immediatement,Paris,Bercy,75,Ile-de-France,T4,,110.4,2.0,1.0,E,938000.0,8496.0
V04745,Surface Carrez,Libre immediatement,Versailles,Notre-Dame,78,Ile-de-France,T2,Le Hameau des Lilas,51,1.0,0.0,B,348000.0,6824.0
V00868,Surface Carrez,dec-2029,Paris,Batignolles,75,Ile-de-France,T3,Les Terrasses Latitude,53.4,2.0,2.0,A,548000.0,10262.0
V06119,Surface Carrez,Libre immediatement,Ivry-sur-Seine,Centre-Ville,94,Ile-de-France,T4,,87,2.0,0.0,E,529000.0,6080.0
V04105,Surface Carrez,Libre immediatement,Paris,Buttes-Chaumont,75,Ile-de-France,T4,Les Jardins Verte,82.6,2.0,1.0,C,700000.0,8475.0
V10723,Surface habitable,Libre immediatement,Paris,Champ-de-Mars,75,Ile-de-France,T1,,21.6,1.0,1.0,C,284000.0,13148.0
V12462,Surface au sol,Libre immediatement,Versailles,Porchefontaine,78,Ile-de-France,Maison 5 pieces,,140.3,4.0,1.0,D,547000.0,3899.0
V06179,Surface habitable,Libre immediatement,Vitry-sur-Seine,Moulin-Vert,94,Ile-de-France,T2,,40.1,1.0,1.0,F,95000.0,2369.0
V12522,Surface utile,Libre immediatement,Issy-les-Moulineaux,Les Epinettes,92,Ile-de-France,T3,Residence Saint-Martin,77.6,2.0,0.0,E,498000.0,6418.0
V04011,Surface Carrez,Libre immediatement,Noisy-le-Grand,Mont d'Est,93,Ile-de-France,T4,Cour Verte,61.2,2.0,2.0,C,216000.0,3529.0
V05572,Surface au sol,janv-2026,Montreuil,Bel-Air,93,Ile-de-France,Maison 4 pieces,Residence Montaigne,86.8,3.0,1.0,A,315000.0,3629.0
V09054,Surface Carrez,Libre immediatement,Noisy-le-Grand,Champy,93,Ile-de-France,T3,Le Clos du Parc,71.1,2.0,2.0,B,265000.0,3727.0
V03863,Surface habitable,Libre immediatement,Saint-Germain-en-Laye,Hopital,78,Ile-de-France,T2,,52.1,1.0,1.0,C,273000.0,5240.0
V01229,Surface au sol,Libre immediatement,Boulogne-Billancourt,Centre-Ville,92,Ile-de-France,Maison 4 pieces,,75.9,3.0,1.0,D,503000.0,6627.0
V01733,Surface Carrez,Libre immediatement,Paris,Buttes-Chaumont,75,Ile-de-France,T1,Residence du Lac,28.2,1.0,1.0,F,201000.0,7128.0
V11942,Surface habitable,juil-2026,Paris,Porte de Clignancourt,75,Ile-de-France,T2,Le Parc des Lilas,42.2,1.0,0.0,A,440000.0,10427.0
V13810,Surface habitable,Libre immediatement,Paris,Vaugirard,75,Ile-de-France,T3,Les Allees Cristal,43.3,2.0,0.0,B,386000.0,8915.0
V06459,Surface Carrez,oct-2028,Massy,Atlantis,91,Ile-de-France,T4,Les Terrasses des Acacias,110.2,3.0,0.0,A,509000.0,4619.0
V14260,Surface Carrez,aout-2027,Paris,Montmartre,75,Ile-de-France,T4,Residence Riviera,86,2.0,0.0,A,1157000.0,13453.0
V03314,Surface habitable,fevr-2029,Paris,Bercy,75,Ile-de-France,T3,Residence des Chenes,68,2.0,0.0,B,771000.0,11338.0
V03441,Surface Carrez,Libre immediatement,Paris,Porte de Clignancourt,75,Ile-de-France,T6,Les Jardins des Chenes,148.9,3.0,0.0,D,982000.0,6595.0
V14377,Surface Carrez,Libre immediatement,Paris,Vaugirard,75,Ile-de-France,T5,,83.2,3.0,1.0,F,582000.0,6995.0
V00991,Surface Carrez,Libre immediatement,Noisy-le-Grand,Butte Verte,93,Ile-de-France,T1,,19.4,1.0,0.0,F,53000.0,2732.0
V10022,Surface Carrez,Libre immediatement,Paris,Batignolles,75,Ile-de-France,T4,,62.7,1.0,2.0,C,504000.0,8038.0
V14052,Surface Carrez,Libre immediatement,Meaux,Centre-Ville,77,Ile-de-France,T5,Le Parc Opale,91.6,3.0,0.0,F,252000.0,2751.0
V03654,Surface Carrez,Libre immediatement,Melun,Saint-Aspais,77,Ile-de-France,T5,Le Parc Verte,132.3,1.0,2.0,B,396000.0,2993.0
V10756,Surface Carrez,Libre immediatement,Saint-Germain-en-Laye,Bel-Air,78,Ile-de-France,T2,Le Domaine Voltaire,42.1,1.0,1.0,F,217000.0,5154.0
V03962,Surface habitable,avr-2026,Paris,Vaugirard,75,Ile-de-France,T3,Cour Bellevue,76,2.0,1.0,B,982000.0,12921.0
V09027,Surface utile,juil-2026,Mantes-la-Jolie,Val Fourre,78,Ile-de-France,T3,Cour Bellevue,79.7,1.0,0.0,C,161000.0,2020.0
V06460,Surface utile,Libre immediatement,Versailles,Chantiers,78,Ile-de-France,T2,Villa du Parc,34.7,1.0,2.0,D,167000.0,4813.0
V06694,Surface Carrez,Libre immediatement,Montreuil,Bel-Air,93,Ile-de-France,T3,,52.7,2.0,1.0,D,223000.0,4231.0
V01980,Surface habitable,Libre immediatement,Paris,Batignolles,75,Ile-de-France,T1,Le Parc des Chenes,25.5,1.0,0.0,C,212000.0,8314.0
V00723,Surface au sol,Libre immediatement,Trappes,Sand-Pergaud-Verlaine,78,Ile-de-France,Maison 4 pieces,,93.5,3.0,0.0,G,134000.0,1433.0
V11484,Surface habitable,juil-2027,Vincennes,Republique,94,Ile-de-France,T3,Residence Verte,63.9,2.0,1.0,A,496000.0,7762.0
V11254,Surface habitable,Libre immediatement,Saint-Denis,Grand Centre,93,Ile-de-France,T1,,22.2,1.0,1.0,C,75000.0,3378.0
V00746,Surface Carrez,Libre immediatement,Ivry-sur-Seine,Ivry-Port,94,Ile-de-France,T4,Le Domaine Latitude,86.3,2.0,1.0,B,402000.0,4658.0
V12842,Surface utile,Libre immediatement,Paris,Champ-de-Mars,75,Ile-de-France,T3,Les Terrasses des Acacias,62,2.0,0.0,,878000.0,14161.0
V00265,Surface habitable,Libre immediatement,Levallois-Perret,Front de Seine,92,Ile-de-France,T6,,133.8,3.0,,C,1122000.0,8386.0
V12458,Surface habitable,Libre immediatement,Paris,Le Marais,75,Ile-de-France,T4,Esprit Montaigne,79.3,3.0,1.0,E,752000.0,9483.0
V08306,Surface Carrez,Libre immediatement,Cergy,Cergy-le-Haut,95,Ile-de-France,T3,,95.7,2.0,1.0,D,235000.0,2456.0
V10856,Surface Carrez,Libre immediatement,Vincennes,Centre-Ville,94,Ile-de-France,T4,Villa Cristal,105.8,2.0,2.0,B,974000.0,9206.0
V12147,Surface Carrez,Libre immediatement,Paris,Belleville,75,Ile-de-France,T4,,84.2,2.0,0.0,F,686000.0,8147.0
V14242,Surface Carrez,juil-2027,Cergy,Axe Majeur,95,Ile-de-France,T3,Cour Concorde,56,2.0,2.0,A,160000.0,2857.0
V10431,Surface Carrez,janv-2026,Melun,Centre-Ville,77,Ile-de-France,T3,Les Jardins Verte,68.7,2.0,1.0,B,226000.0,3290.0
V14543,Surface Carrez,Libre immediatement,Saint-Denis,Basilique,93,Ile-de-France,,,27.3,1.0,0.0,,79000.0,2894.0
V04333,Surface au sol,Libre immediatement,Versailles,Notre-Dame,78,Ile-de-France,Maison 4 pieces,Le Clos Saint-Martin,98.8,3.0,0.0,D,527000.0,5334.0
V14085,Surface Carrez,janv-2027,Trappes,Plaine de Neauphle,78,Ile-de-France,Maison 4 pieces,Esprit Symphonie,117,3.0,0.0,A,352000.0,3009.0
V01003,Surface habitable,avr-2028,Paris,Vaugirard,75,Ile-de-France,T3,Le Domaine Riviera,78.8,1.0,0.0,C,996000.0,12640.0
V05295,Surface Carrez,Libre immediatement,Levallois-Perret,Eiffel,92,Ile-de-France,T4,,110.3,2.0,0.0,C,963000.0,8731.0
V11323,Surface utile,Libre immediatement,Paris,Champ-de-Mars,75,Ile-de-France,T4,,70.5,3.0,0.0,C,836000.0,11858.0
V04483,Surface Carrez,Libre immediatement,Evry-Courcouronnes,Le Canal,91,Ile-de-France,T4,,63.2,2.0,,A,167000.0,2642.0
V10763,Surface Carrez,Libre immediatement,Nanterre,Universite,92,Ile-de-France,T2,Residence Bellevue,37.6,1.0,2.0,D,173000.0,4601.0
V11525,Surface Carrez,Libre immediatement,Boulogne-Billancourt,Parchamp,92,Ile-de-France,T4,,77.3,3.0,0.0,D,715000.0,9250.0
V05963,Surface habitable,Libre immediatement,Meaux,Beauval,77,Ile-de-France,T6,Les Terrasses Voltaire,142.9,3.0,2.0,E,211000.0,1477.0
V14901,Surface Carrez,Libre immediatement,Vitry-sur-Seine,Moulin-Vert,94,Ile-de-France,Maison 5 pieces,Les Jardins Concorde,134.8,,0.0,C,384000.0,2849.0
V06659,Surface Carrez,Libre immediatement,Levallois-Perret,Centre,92,Ile-de-France,T1,Esprit Concorde,26.3,1.0,1.0,G,218000.0,8289.0
V06401,Surface Carrez,sept-2026,Aubervilliers,Villette-Quatre-Chemins,93,Ile-de-France,T3,Les Terrasses des Chenes,64.5,2.0,0.0,A,299000.0,4636.0
V06358,Surface Carrez,Libre immediatement,Paris,Porte de Clignancourt,75,Ile-de-France,T2,Residence Latitude,33.5,1.0,0.0,C,225000.0,6716.0
V08309,Surface Carrez,Libre immediatement,Levallois-Perret,Collange,92,Ile-de-France,T3,Esprit Beausejour,77.1,2.0,0.0,A,698000.0,9053.0
V13845,Surface utile,Libre immediatement,Meaux,Hopital,77,Ile-de-France,T2,Le Parc Belvedere,41.8,1.0,0.0,C,94000.0,2249.0
V06361,Surface utile,mai-2026,Paris,Batignolles,75,Ile-de-France,T4,Villa des Lilas,90.7,3.0,0.0,B,866000.0,9548.0
V03083,Surface Carrez,fevr-2028,Neuilly-sur-Seine,Bagatelle,92,Ile-de-France,T3,Le Clos Riviera,64.8,2.0,1.0,A,1090000.0,16821.0
V13486,Surface Carrez,Libre immediatement,Paris,Le Marais,75,Ile-de-France,T2,,41.5,1.0,0.0,E,413000.0,9952.0
V05452,Surface habitable,Libre immediatement,Paris,Montmartre,75,Ile-de-France,T3,,54,2.0,0.0,D,660000.0,12222.0
V05587,Surface utile,Libre immediatement,Creteil,Centre Ancien,94,Ile-de-France,T2,,40.3,1.0,1.0,B,177000.0,4392.0
V14973,Surface habitable,Libre immediatement,Cergy,Cergy-Saint-Christophe,95,Ile-de-France,T3,,63.5,1.0,0.0,C,160000.0,2520.0
V10391,Surface Carrez,Libre immediatement,Aubervilliers,Fort d'Aubervilliers,93,Ile-de-France,Maison 5 pieces,Esprit Beausejour,155.5,4.0,0.0,C,423000.0,2720.0
V12693,Surface Carrez,Libre immediatement,Boulogne-Billancourt,Centre-Ville,92,Ile-de-France,T3,Carre Bellevue,60.2,2.0,1.0,B,508000.0,8439.0
V13767,Surface Carrez,Libre immediatement,Paris,Le Marais,75,Ile-de-France,T2,Le Hameau du Parc,37.2,1.0,2.0,E,489000.0,13145.0
V04470,Surface Carrez,Libre immediatement,Saint-Denis,La Plaine,93,Ile-de-France,T5,Les Terrasses Voltaire,114.8,3.0,2.0,F,321000.0,2796.0
V01319,Surface utile,Libre immediatement,Paris,Buttes-Chaumont,75,Ile-de-France,T4,Les Allees Symphonie,104.6,3.0,0.0,D,829000.0,7925.0
V07642,Surface Carrez,Libre immediatement,Paris,Champ-de-Mars,75,Ile-de-France,T2,,48.2,1.0,1.0,D,610000.0,12656.0
V01997,Surface Carrez,Libre immediatement,Nanterre,Parc Sud,92,Ile-de-France,T4,,96.4,1.0,0.0,E,562000.0,5830.0
V12181,Surface Carrez,Libre immediatement,Paris,Buttes-Chaumont,75,Ile-de-France,T3,,60.5,1.0,,D,602000.0,9950.0
V11027,Surface habitable,Libre immediatement,Montreuil,Croix de Chavaux,93,Ile-de-France,T3,,66.7,1.0,0.0,F,310000.0,4648.0
V09429,Surface habitable,Libre immediatement,Paris,La Muette,75,Ile-de-France,T2,,41.5,1.0,1.0,G,358000.0,8627.0
V06362,Surface Carrez,Libre immediatement,Mantes-la-Jolie,Gassicourt,78,Ile-de-France,T6,,143,3.0,2.0,D,399000.0,2790.0
V01769,Surface Carrez,Libre immediatement,Paris,Vaugirard,75,Ile-de-France,T2,,36.5,1.0,0.0,D,301000.0,8247.0
V04644,Surface Carrez,Libre immediatement,Issy-les-Moulineaux,Val de Seine,92,Ile-de-France,T4,Les Jardins Montaigne,82.2,1.0,1.0,D,610000.0,7421.0
V07229,Surface Carrez,nov-2028,Levallois-Perret,Collange,92,Ile-de-France,T2,Esprit Latitude,31.7,1.0,0.0,B,344000.0,10852.0
V07047,Surface habitable,Libre immediatement,Melun,Centre-Ville,77,Ile-de-France,T1,Les Allees des Acacias,30.7,1.0,,B,103000.0,3355.0
V10081,Surface Carrez,avr-2028,Bobigny,Pont de Bondy,93,Ile-de-France,T4,Residence Riviera,90.8,1.0,0.0,C,293000.0,3227.0
V12974,Surface Carrez,avr-2026,Noisy-le-Grand,Butte Verte,93,Ile-de-France,T2,Carre Verte,55.9,1.0,0.0,A,281000.0,5027.0
V13163,Surface utile,avr-2026,Paris,Gobelins,75,Ile-de-France,T2,Le Hameau Riviera,47.4,1.0,2.0,C,467000.0,9852.0
V11057,Surface habitable,Libre immediatement,Saint-Denis,Grand Centre,93,Ile-de-France,Maison 5 pieces,Les Terrasses des Lilas,114.9,4.0,1.0,E,312000.0,2715.0
V06006,Surface Carrez,Libre immediatement,Paris,Le Marais,75,Ile-de-France,T1,,31.7,1.0,0.0,C,384000.0,12114.0
V08142,Surface habitable,Libre immediatement,Vincennes,Bois de Vincennes,94,Ile-de-France,T3,Le Hameau des Lilas,75,2.0,0.0,E,655000.0,8733.0
V01492,Surface Carrez,Libre immediatement,Noisy-le-Grand,Butte Verte,93,Ile-de-France,T2,Residence Riviera,50.9,1.0,0.0,C,150000.0,2947.0
V14914,Surface Carrez,Libre immediatement,Paris,Buttes-Chaumont,75,Ile-de-France,T3,Les Jardins Concorde,60.5,2.0,1.0,B,467000.0,7719.0
V08223,Surface Carrez,Libre immediatement,Noisy-le-Grand,Centre-ville,93,Ile-de-France,Maison 4 pieces,,104.2,3.0,1.0,D,435000.0,4175.0
V02154,Surface Carrez,Libre immediatement,Paris,Vaugirard,75,Ile-de-France,T3,,75.7,2.0,0.0,D,541000.0,7147.0
V14038,Surface Carrez,dec-2029,Paris,Montmartre,75,Ile-de-France,T2,Le Hameau Montaigne,43.5,1.0,2.0,A,556000.0,12782.0
V01449,Surface Carrez,Libre immediatement,Boulogne-Billancourt,Centre-Ville,92,Ile-de-France,T3,,68.4,1.0,2.0,E,487000.0,7120.0
V11338,Surface habitable,mai-2029,Paris,La Muette,75,Ile-de-France,T4,Le Clos des Acacias,94.8,1.0,1.0,A,1375000.0,14504.0
V00504,Surface utile,Libre immediatement,Paris,La Muette,75,Ile-de-France,T4,Les Allees Beausejour,131.5,2.0,1.0,B,1768000.0,13445.0
V08531,Surface Carrez,Libre immediatement,Paris,La Muette,75,Ile-de-France,T3,,87.2,2.0,0.0,D,1051000.0,12053.0
V05074,Surface Carrez,Libre immediatement,Boulogne-Billancourt,Centre-Ville,92,Ile-de-France,T3,Le Domaine Belvedere,46.4,1.0,2.0,D,411000.0,8858.0
V09786,Surface Carrez,Libre immediatement,Levallois-Perret,Collange,92,Ile-de-France,T1,Les Jardins du Parc,27.7,1.0,1.0,G,154000.0,5560.0
V00061,Surface utile,Libre immediatement,Evry-Courcouronnes,Les Pyramides,91,Ile-de-France,T2,Le Domaine des Chenes,51.1,1.0,1.0,E,88000.0,1722.0
V04742,Surface Carrez,Libre immediatement,Versailles,Notre-Dame,78,Ile-de-France,T3,,60.9,2.0,0.0,C,432000.0,7094.0
V04456,Surface Carrez,Libre immediatement,Creteil,Echat,94,Ile-de-France,T4,Le Clos Cristal,77.6,1.0,0.0,E,265000.0,3415.0
V12157,Surface Carrez,Libre immediatement,Vincennes,Centre-Ville,94,Ile-de-France,T2,Villa Symphonie,46.4,1.0,0.0,G,226000.0,4871.0
V07486,Surface Carrez,Libre immediatement,Vitry-sur-Seine,Centre-Ville,94,Ile-de-France,Maison 5 pieces,Villa Voltaire,116.3,3.0,,D,375000.0,3224.0
V06172,Surface Carrez,Libre immediatement,Massy,Atlantis,91,Ile-de-France,T2,Le Domaine du Lac,41.5,1.0,0.0,D,118000.0,2843.0
V08603,Surface Carrez,Libre immediatement,Vitry-sur-Seine,Ardoines,94,Ile-de-France,T3,,68.6,2.0,0.0,C,220000.0,3207.0
V08924,Surface habitable,Libre immediatement,Noisy-le-Grand,Centre-ville,93,Ile-de-France,T3,,67.8,2.0,0.0,E,238000.0,3510.0
V00114,Surface Carrez,Libre immediatement,Paris,Buttes-Chaumont,75,Ile-de-France,T2,,42.7,1.0,2.0,C,299000.0,7002.0
V02180,Surface Carrez,Libre immediatement,Levallois-Perret,Eiffel,92,Ile-de-France,T4,Les Terrasses Verte,105.5,3.0,0.0,E,947000.0,8976.0
V08455,Surface utile,Libre immediatement,Mantes-la-Jolie,Gassicourt,78,Ile-de-France,T5,,105.9,3.0,1.0,B,271000.0,2559.0
V12665,Surface Carrez,Libre immediatement,Paris,Batignolles,75,Ile-de-France,T1,,25.3,1.0,1.0,C,258000.0,10198.0
V09238,Surface Carrez,mai-2027,Vincennes,Republique,94,Ile-de-France,T4,Le Parc du Parc,99,3.0,1.0,A,798000.0,8061.0
V08206,Surface Carrez,Libre immediatement,Aubervilliers,Villette-Quatre-Chemins,93,Ile-de-France,T4,Le Hameau des Lilas,72.3,3.0,2.0,B,257000.0,3555.0
V03425,Surface Carrez,mars-2027,Boulogne-Billancourt,Point du Jour,92,Ile-de-France,T1,Le Parc d'Argent,27.2,1.0,1.0,B,277000.0,10184.0
V01133,Surface Carrez,Libre immediatement,Paris,Buttes-Chaumont,75,Ile-de-France,T4,Le Clos d'Argent,95.2,1.0,0.0,E,722000.0,7584.0
V11926,Surface Carrez,Libre immediatement,Vincennes,Bois de Vincennes,94,Ile-de-France,T4,,70.8,3.0,1.0,B,565000.0,7980.0
V09030,Surface Carrez,sept-2027,Ivry-sur-Seine,Monmousseau,94,Ile-de-France,T1,Les Terrasses du Lac,29.7,1.0,1.0,B,162000.0,5455.0
V10987,Surface Carrez,Libre immediatement,Paris,Gobelins,75,Ile-de-France,T2,Les Allees Belvedere,48.9,1.0,2.0,E,394000.0,8057.0
V00052,Surface Carrez,Libre immediatement,Paris,Champ-de-Mars,75,Ile-de-France,T4,,77.1,3.0,1.0,D,965000.0,12516.0
V05405,Surface au sol,Libre immediatement,Massy,Villaine,91,Ile-de-France,Maison 4 pieces,Esprit Cristal,99.9,2.0,0.0,C,250000.0,2503.0
V07884,Surface habitable,Libre immediatement,Issy-les-Moulineaux,Fort d'Issy,92,Ile-de-France,T1,,32.1,1.0,0.0,E,225000.0,7009.0
V10782,Surface habitable,Libre immediatement,Vincennes,Bois de Vincennes,94,Ile-de-France,T2,,39.3,1.0,0.0,,222000.0,5649.0
V13004,Surface Carrez,Libre immediatement,Cergy,Cergy-le-Haut,95,Ile-de-France,Maison 5 pieces,,122.7,4.0,1.0,D,275000.0,2241.0
V00071,Surface Carrez,Libre immediatement,Vitry-sur-Seine,Moulin-Vert,94,Ile-de-France,T3,,78.7,2.0,0.0,G,247000.0,3139.0
V11409,Surface habitable,Libre immediatement,Nanterre,Petit-Nanterre,92,Ile-de-France,T4,Carre Beausejour,84.8,3.0,,B,394000.0,4646.0
V11036,Surface Carrez,Libre immediatement,Melun,Centre-Ville,77,Ile-de-France,T2,Carre d'Argent,49.1,1.0,1.0,E,151000.0,3075.0
V05159,Surface Carrez,Libre immediatement,Paris,Porte de Clignancourt,75,Ile-de-France,T3,Les Terrasses du Lac,82.6,2.0,1.0,D,475000.0,5751.0
V00402,Surface habitable,Libre immediatement,Paris,Champ-de-Mars,75,Ile-de-France,T4,Carre Latitude,71,3.0,0.0,B,1002000.0,14113.0
V08869,Surface habitable,Libre immediatement,Vincennes,Centre-Ville,94,Ile-de-France,T5,Le Hameau Latitude,136.4,3.0,,F,930000.0,6818.0
V09808,Surface Carrez,Libre immediatement,Boulogne-Billancourt,Point du Jour,92,Ile-de-France,T3,,79.4,2.0,1.0,E,560000.0,7053.0
V09443,Surface utile,Libre immediatement,Paris,La Muette,75,Ile-de-France,T2,,31.3,1.0,1.0,D,375000.0,11981.0
V03843,Surface Carrez,fevr-2026,Saint-Denis,Franc-Moisin,93,Ile-de-France,Maison 5 pieces,Esprit des Acacias,131.8,3.0,1.0,A,330000.0,2504.0
V10962,Surface habitable,Libre immediatement,Paris,Bercy,75,Ile-de-France,T3,Le Parc Horizon,47.8,2.0,1.0,D,411000.0,8598.0
V10527,Surface Carrez,fevr-2027,Levallois-Perret,Centre,92,Ile-de-France,T3,Cour Riviera,72.5,2.0,1.0,B,673000.0,9283.0
V13442,Surface au sol,Libre immediatement,Evry-Courcouronnes,Les Pyramides,91,Ile-de-France,Maison 4 pieces,Le Hameau Latitude,83.8,3.0,1.0,C,146000.0,1742.0
V09859,Surface Carrez,Libre immediatement,Levallois-Perret,Front de Seine,92,Ile-de-France,T4,Le Domaine du Parc,82.4,3.0,1.0,B,865000.0,10498.0
V02994,Surface Carrez,Libre immediatement,Issy-les-Moulineaux,Val de Seine,92,Ile-de-France,T4,Villa Belvedere,114,2.0,0.0,C,930000.0,8158.0
V09078,Surface Carrez,Libre immediatement,Montrouge,Centre,92,Ile-de-France,T5,Cour Belvedere,96.9,2.0,0.0,E,764000.0,7884.0
V05380,Surface Carrez,Libre immediatement,Montrouge,Centre,92,Ile-de-France,T3,,58.8,2.0,1.0,G,365000.0,6207.0
V11024,Surface habitable,Libre immediatement,Saint-Denis,Franc-Moisin,93,Ile-de-France,T3,Les Jardins Symphonie,62.3,2.0,2.0,C,179000.0,2873.0
V08345,Surface habitable,Libre immediatement,Paris,Saint-Germain-des-Pres,75,Ile-de-France,T2,,41.3,1.0,0.0,D,534000.0,12930.0
V05936,Surface utile,mai-2027,Paris,Belleville,75,Ile-de-France,T3,Carre Symphonie,68.7,2.0,1.0,C,617000.0,8981.0
V07880,Surface Carrez,Libre immediatement,Paris,Buttes-Chaumont,75,Ile-de-France,T4,Carre Bellevue,92.2,3.0,0.0,E,665000.0,7213.0
V00721,Surface Carrez,Libre immediatement,Evry-Courcouronnes,Centre-Ville,91,Ile-de-France,T3,Residence Cristal,70.9,2.0,1.0,F,182000.0,2567.0
V00373,Surface Carrez,Libre immediatement,Boulogne-Billancourt,Centre-Ville,92,Ile-de-France,T4,,90,3.0,0.0,C,746000.0,8289.0
V14313,Surface Carrez,Libre immediatement,Argenteuil,Val d'Argent,95,Ile-de-France,T2,,41.4,1.0,1.0,C,95000.0,2295.0
V07196,Surface Carrez,Libre immediatement,Paris,Gobelins,75,Ile-de-France,T4,Villa Verte,88.5,1.0,2.0,D,562000.0,6350.0
V12810,Surface Carrez,Libre immediatement,Meaux,Beauval,77,Ile-de-France,T3,,67.2,2.0,0.0,C,110000.0,1637.0
V00944,Surface Carrez,Libre immediatement,Noisy-le-Grand,Champy,93,Ile-de-France,T3,,78.2,1.0,1.0,E,208000.0,2660.0
V11806,Surface habitable,Libre immediatement,Neuilly-sur-Seine,Saint-James,92,Ile-de-France,T2,Esprit Cristal,47.3,1.0,0.0,C,551000.0,11649.0
V01693,Surface habitable,Libre immediatement,Paris,Champ-de-Mars,75,Ile-de-France,T1,,28.2,1.0,1.0,D,297000.0,10532.0
V10983,Surface habitable,Libre immediatement,Montrouge,Centre,92,Ile-de-France,T3,,74.9,1.0,1.0,A,593000.0,7917.0
V00818,Surface Carrez,Libre immediatement,Montreuil,Bas-Montreuil,93,Ile-de-France,T2,Les Jardins Verte,57.5,1.0,,F,229000.0,3983.0
V04830,Surface Carrez,Libre immediatement,Paris,Vaugirard,75,Ile-de-France,T4,Le Domaine Bellevue,111.1,1.0,,B,990000.0,8911.0
V11967,Surface Carrez,Libre immediatement,Paris,La Muette,75,Ile-de-France,T5,Le Hameau Horizon,147.8,3.0,0.0,D,1733000.0,11725.0
V12195,Surface Carrez,Libre immediatement,Paris,Le Marais,75,Ile-de-France,T4,,78.1,3.0,2.0,D,1092000.0,13982.0
V06108,Surface habitable,Libre immediatement,Paris,Le Marais,75,Ile-de-France,T4,Carre Verte,91.4,3.0,0.0,F,704000.0,7702.0
V07061,Surface Carrez,Libre immediatement,Paris,Saint-Germain-des-Pres,75,Ile-de-France,T4,Le Parc Latitude,84.8,3.0,0.0,G,1088000.0,12830.0
V02547,Surface Carrez,avr-2026,Creteil,Mont-Mesly,94,Ile-de-France,T2,Les Jardins Horizon,52.5,1.0,0.0,B,213000.0,4057.0
V04321,Surface habitable,mars-2026,Antony,Croix de Berny,92,Ile-de-France,T4,Le Hameau des Chenes,90.5,1.0,2.0,A,640000.0,7072.0
V05138,Surface Carrez,Libre immediatement,Paris,Champ-de-Mars,75,Ile-de-France,T4,Carre Saint-Martin,93.6,3.0,0.0,F,847000.0,9049.0
V06541,Surface habitable,Libre immediatement,Aubervilliers,Villette-Quatre-Chemins,93,Ile-de-France,T5,Le Clos des Chenes,108.5,3.0,,F,396000.0,3650.0
V06472,Surface Carrez,Libre immediatement,Argenteuil,Val d'Argent,95,Ile-de-France,T2,Esprit Symphonie,30.1,1.0,1.0,E,74000.0,2458.0
V11428,Surface Carrez,Libre immediatement,Saint-Denis,Pleyel,93,Ile-de-France,Maison 5 pieces,Villa Cristal,85.1,2.0,0.0,G,253000.0,2973.0
V13058,Surface Carrez,oct-2027,Paris,Saint-Germain-des-Pres,75,Ile-de-France,T1,Villa Montaigne,28.9,1.0,0.0,C,503000.0,17405.0
V02953,Surface Carrez,sept-2028,Paris,Saint-Germain-des-Pres,75,Ile-de-France,T3,Le Domaine Opale,63.3,2.0,1.0,B,1086000.0,17156.0
V07753,Surface Carrez,Libre immediatement,Levallois-Perret,Front de Seine,92,Ile-de-France,T3,Esprit des Lilas,61.2,2.0,1.0,D,661000.0,10801.0
V04978,Surface Carrez,Libre immediatement,Massy,Vilmorin,91,Ile-de-France,T3,Les Allees Montaigne,61,2.0,,G,195000.0,3197.0
V03115,Surface au sol,mars-2029,Ivry-sur-Seine,Ivry-Port,94,Ile-de-France,Maison 5 pieces,Les Terrasses Belvedere,134.6,4.0,1.0,C,636000.0,4725.0
V04472,Surface habitable,Libre immediatement,Argenteuil,Orgemont,95,Ile-de-France,T3,,64.5,2.0,2.0,D,150000.0,2326.0
V01580,Surface Carrez,nov-2026,Paris,Le Marais,75,Ile-de-France,T3,Les Jardins Saint-Martin,64.6,2.0,0.0,B,1000000.0,15480.0
V06045,Surface Carrez,Libre immediatement,Creteil,Centre Ancien,94,Ile-de-France,T3,,65.7,1.0,1.0,D,241000.0,3668.0
V07125,Surface Carrez,Libre immediatement,Paris,Gobelins,75,Ile-de-France,T3,,83.1,1.0,2.0,C,664000.0,7990.0
V03002,Surface au sol,nov-2029,Saint-Denis,La Plaine,93,Ile-de-France,Maison 4 pieces,Carre Saint-Martin,81.1,2.0,2.0,A,223000.0,2750.0
V11988,Surface Carrez,Libre immediatement,Massy,Atlantis,91,Ile-de-France,T4,,89.4,1.0,1.0,C,310000.0,3468.0
V07871,Surface utile,Libre immediatement,Issy-les-Moulineaux,Corentin Celton,92,Ile-de-France,T3,,63.9,2.0,0.0,D,382000.0,5978.0
V05171,Surface Carrez,Libre immediatement,Paris,Batignolles,75,Ile-de-France,T1,Cour Opale,27,1.0,1.0,F,189000.0,7000.0
V06078,Surface Carrez,Libre immediatement,Aubervilliers,Centre,93,Ile-de-France,T5,,98.4,3.0,1.0,B,372000.0,3780.0
V10921,Surface habitable,Libre immediatement,Argenteuil,Coteaux,95,Ile-de-France,T3,Le Clos Cristal,51,2.0,1.0,D,208000.0,4078.0
V13189,Surface habitable,Libre immediatement,Bobigny,Centre-ville,93,Ile-de-France,T5,Residence Belvedere,113.1,3.0,1.0,D,377000.0,3333.0
V07399,Surface habitable,Libre immediatement,Vitry-sur-Seine,Centre-Ville,94,Ile-de-France,T1,Esprit Montaigne,25.9,1.0,1.0,C,90000.0,3475.0
V11987,Surface Carrez,Libre immediatement,Boulogne-Billancourt,Parchamp,92,Ile-de-France,T2,,49.5,1.0,1.0,B,454000.0,9172.0
V02499,Surface Carrez,Libre immediatement,Paris,Vaugirard,75,Ile-de-France,T1,,25.6,1.0,1.0,D,234000.0,9141.0
V06035,Surface Carrez,nov-2029,Aubervilliers,Centre,93,Ile-de-France,T2,Le Domaine Opale,43.7,1.0,0.0,B,199000.0,4554.0
V10684,Surface Carrez,Libre immediatement,Paris,Gobelins,75,Ile-de-France,T6,Le Parc Symphonie,123.1,1.0,1.0,C,1214000.0,9862.0
V08583,Surface Carrez,oct-2027,Evry-Courcouronnes,Le Canal,91,Ile-de-France,T3,Residence Latitude,58.1,1.0,0.0,C,217000.0,3735.0
V10906,Surface Carrez,Libre immediatement,Creteil,Centre Ancien,94,Ile-de-France,T5,,139.4,3.0,1.0,D,562000.0,4032.0
V01694,Surface utile,Libre immediatement,Saint-Denis,Basilique,93,Ile-de-France,T3,,59.1,2.0,0.0,G,144000.0,2437.0
V09329,Surface habitable,janv-2026,Issy-les-Moulineaux,Fort d'Issy,92,Ile-de-France,T4,Les Terrasses du Lac,69.2,3.0,2.0,B,751000.0,10853.0
V12510,Surface Carrez,Libre immediatement,Paris,Vaugirard,75,Ile-de-France,T3,Villa Voltaire,73,2.0,1.0,C,784000.0,10740.0
V13237,Surface Carrez,Libre immediatement,Paris,Gobelins,75,Ile-de-France,T2,,56.7,1.0,,D,434000.0,7654.0
V05582,Surface utile,Libre immediatement,Paris,Le Marais,75,Ile-de-France,T3,,61.8,2.0,0.0,G,715000.0,11570.0
V02267,Surface Carrez,Libre immediatement,Noisy-le-Grand,Butte Verte,93,Ile-de-France,T3,Le Parc des Acacias,45.8,1.0,0.0,E,146000.0,3188.0
V08642,Surface habitable,Libre immediatement,Paris,Champ-de-Mars,75,Ile-de-France,T4,,67.2,2.0,1.0,D,720000.0,10714.0
V01979,Surface Carrez,Libre immediatement,Argenteuil,Coteaux,95,Ile-de-France,T4,Le Hameau Latitude,83.6,1.0,0.0,B,315000.0,3768.0
V07796,Surface Carrez,Libre immediatement,Saint-Germain-en-Laye,Hopital,78,Ile-de-France,T4,Les Allees Montaigne,83.1,2.0,0.0,F,419000.0,5042.0
V11476,Surface utile,dec-2027,Paris,Montmartre,75,Ile-de-France,T2,Esprit Horizon,44.4,1.0,,,414000.0,9324.0
V01876,Surface Carrez,sept-2027,Vincennes,Republique,94,Ile-de-France,T2,Le Domaine des Lilas,45.1,1.0,1.0,A,366000.0,8115.0
V06629,Surface Carrez,Libre immediatement,Paris,Porte de Clignancourt,75,Ile-de-France,T2,,44.6,1.0,1.0,G,286000.0,6413.0
V13713,Surface habitable,Libre immediatement,Paris,Vaugirard,75,Ile-de-France,T3,,64.1,2.0,2.0,B,553000.0,8627.0
V07183,Surface Carrez,Libre immediatement,Paris,Le Marais,75,Ile-de-France,T2,,36.8,1.0,1.0,E,442000.0,12011.0
V14825,Surface Carrez,Libre immediatement,Paris,Bercy,75,Ile-de-France,T3,Le Hameau des Lilas,50.6,2.0,1.0,D,411000.0,8123.0
V02178,Surface Carrez,Libre immediatement,Creteil,Echat,94,Ile-de-France,T2,Le Domaine des Chenes,34.7,1.0,0.0,E,137000.0,3948.0
V04979,Surface Carrez,avr-2029,Montrouge,Ferry-Jaures,92,Ile-de-France,T4,Le Parc Verte,76,3.0,1.0,A,736000.0,9684.0
V10656,Surface Carrez,Libre immediatement,Massy,Villaine,91,Ile-de-France,T3,,85.6,2.0,1.0,E,243000.0,2839.0
V03885,Surface Carrez,Libre immediatement,Paris,Batignolles,75,Ile-de-France,T5,,100.1,3.0,3.0,C,1013000.0,10120.0
V02760,Surface Carrez,Libre immediatement,Paris,Gobelins,75,Ile-de-France,T3,Le Domaine Opale,64,1.0,2.0,C,539000.0,8422.0
V04059,Surface Carrez,Libre immediatement,Paris,Gobelins,75,Ile-de-France,T4,Le Clos du Parc,117,2.0,,B,991000.0,8470.0
V00461,Surface Carrez,Libre immediatement,Paris,Vaugirard,75,Ile-de-France,T2,,50,1.0,1.0,C,403000.0,8060.0
V09537,Surface Carrez,avr-2026,Melun,Almont,77,Ile-de-France,T5,Residence du Lac,141.7,3.0,0.0,A,422000.0,2978.0
V04791,Surface habitable,Libre immediatement,Paris,Gobelins,75,Ile-de-France,T4,,68.3,2.0,,E,549000.0,8038.0
V14922,Surface Carrez,Libre immediatement,Paris,Champ-de-Mars,75,Ile-de-France,T3,Esprit Horizon,63,2.0,1.0,B,887000.0,14079.0
V01372,Surface Carrez,Libre immediatement,Issy-les-Moulineaux,Val de Seine,92,Ile-de-France,T3,,84.6,1.0,0.0,E,572000.0,6761.0
V00243,Surface Carrez,Libre immediatement,Paris,Vaugirard,75,Ile-de-France,T4,Villa Bellevue,56 - 60,3.0,1.0,F,473000.0,
V04039,Surface Carrez,Libre immediatement,Montreuil,Bel-Air,93,Ile-de-France,T2,,32.2,1.0,1.0,D,166000.0,5155.0
V07255,Surface habitable,Libre immediatement,Issy-les-Moulineaux,Fort d'Issy,92,Ile-de-France,T3,Le Parc Symphonie,58.6,1.0,0.0,E,373000.0,6365.0
V12042,Surface Carrez,avr-2027,Bobigny,Centre-ville,93,Ile-de-France,T2,Villa Latitude,54.8,1.0,2.0,B,231000.0,4215.0
V01306,Surface Carrez,Libre immediatement,Paris,Bercy,75,Ile-de-France,T6,Carre des Lilas,161.1,3.0,1.0,C,1180000.0,7325.0
V13783,Surface Carrez,Libre immediatement,Paris,Belleville,75,Ile-de-France,T4,Cour Latitude,86.3,3.0,3.0,C,590000.0,6837.0
V00015,Surface Carrez,Libre immediatement,Montrouge,Ferry-Jaures,92,Ile-de-France,T4,Le Parc Riviera,94.5,3.0,0.0,D,640000.0,6772.0
V09552,Surface Carrez,Libre immediatement,Aubervilliers,Centre,93,Ile-de-France,T3,,69,2.0,2.0,D,211000.0,3058.0
V01612,Surface Carrez,Libre immediatement,Paris,Saint-Germain-des-Pres,75,Ile-de-France,T2,Le Clos Horizon,38,1.0,2.0,D,477000.0,12553.0
V04074,Surface Carrez,Libre immediatement,Saint-Denis,La Plaine,93,Ile-de-France,T3,,55.2,1.0,,,155000.0,2808.0
V02561,Surface au sol,fevr-2026,Argenteuil,Centre-Ville,95,Ile-de-France,Maison 4 pieces,Le Parc des Chenes,72.5,2.0,0.0,C,241000.0,3324.0
V01110,Surface Carrez,dec-2027,Montreuil,Croix de Chavaux,93,Ile-de-France,T2,Le Domaine des Lilas,35.5,1.0,0.0,C,201000.0,5662.0
V07751,Surface habitable,Libre immediatement,Meaux,Hopital,77,Ile-de-France,T3,,55.4,2.0,0.0,B,134000.0,2419.0
V00144,Surface Carrez,Libre immediatement,Paris,Le Marais,75,Ile-de-France,T2,,46.7,1.0,0.0,B,607000.0,12998.0
V07813,Surface Carrez,Libre immediatement,Montreuil,Mairie,93,Ile-de-France,T4,Villa du Parc,109 - 127,1.0,0.0,B,424000.0,
V10955,Surface Carrez,Libre immediatement,Paris,Belleville,75,Ile-de-France,T1,,27.7,1.0,1.0,C,209000.0,7545.0
V05192,Surface Carrez,Libre immediatement,Paris,Vaugirard,75,Ile-de-France,T4,,93.6,2.0,3.0,C,856000.0,9145.0
